group	rule_polity	c_sex	c_age	c_ownership_status	c_ancestry	c_residence	c_wealth	c_kinship_role	c_occupation	requires_rights_definition	emic_label	criterion_reasoning
Greeks	Roman Empire	any	any	unspecified	foreign	any	any	unspecified	any	False	Graeci	Ethnocultural grouping based on language and ancestry from the Greek East, distinct from Roman/Latian origins.
Citizens of Greek city-states	Roman Empire	male	adult	free	native	resident	any	unspecified	any	False	politai	Adult free males born to parent(s) of a specific Greek polis; membership is defined by local descent and free status regardless of Roman oversight.
Nobles	Roman Empire	any	adult	free	native	any	high	unspecified	any	False	nobiles	High-status individuals with ancestral history of holding high office, typically associated with high wealth and inherited prestige.
Citizens	Roman Empire	male	adult	free	mixed	any	any	unspecified	unspecified	False	cives Romani	Free males of Roman descent or those granted membership; can be picked out by personal status as free non-aliens in the Roman context.
Foreigners	Hellenistic Greece	any	any	free	foreign	resident	any	unspecified	any	False	xenoi	Free persons physically present in a Greek city-state who lack local ancestral descent.
Nobles	Classical Sparta	male	adult	free	native	resident	high	unspecified	soldier	False	homoioi	The 'Equals' or Spartan elite; adult males of Spartan descent who have completed the agoge and contribute to syssitia.
Citizens	Classical Athens	male	adult	free	native	resident	any	unspecified	unspecified	False	politēs	Free adult male born of two Athenian parents; criteria based on descent and life-stage rather than specific rights held.
The wealthy	Classical Athens	any	adult	free	unspecified	resident	high	unspecified	any	False	plousioi	Individuals with high material-economic resources or land yield, capable of self-funding liturgies.
State debtors	Classical Athens	any	adult	free	unspecified	resident	low	unspecified	any	True	opheilōn tō dēmosiō	Defined by a specific legal-financial relation to the treasury; requires reference to the state's accounting/penal system.
Aliens	Classical Athens	any	any	free	foreign	resident	any	unspecified	any	False	xenoi	Free persons of non-Athenian descent physically located within the borders of Attica.
Freedom claimants	Classical Athens	any	any	unspecified	unspecified	resident	any	unspecified	any	True		Individuals whose status as free or enslaved is under legal dispute; status is intrinsically tied to a court claim/legal process.
Wives	Classical Athens	female	adult	free	unspecified	resident	any	spouse	none	False	gynaikes	Adult females in a relational marital union; identifiable by social/kinship role regardless of legal standing.
Naturalized citizens	Classical Athens	male	adult	free	foreign	resident	any	unspecified	any	True	poiētos politēs	Foreigners granted citizen status by decree; inclusion is entirely a product of the rights system (artificial ancestry).
Slaves	Classical Athens	any	any	enslaved	any	resident	low	unspecified	any	False	douloi	Persons owned as property by another, subject to coercion and sale; a relational material fact.
The poor	Classical Athens	any	any	free	unspecified	resident	low	unspecified	any	False	penētes	Persons with little to no property who must work for a living; defined by material scarcity and economic role.
Resident aliens	Classical Athens	any	any	free	foreign	resident	any	unspecified	any	False	metoikoi	Free non-natives living long-term in Attica; ancestry and geography are the primary separators.
Foreigners	Athenian Empire	any	any	free	foreign	non_resident	any	unspecified	any	False	xenoi	Persons of non-Athenian ancestry living outside Attica but within the sphere of the Empire.
Choragi and Trierarchs	Classical Athens	male	adult	free	native	resident	high	unspecified	unspecified	True	litourgountes	Wealthy citizens performing specific state-mandated financial roles; category is defined by the legal obligation of the liturgy.
Royal claimants	Mythological / legendary setting	any	any	free	native	any	high	heir	none	True		Individuals claiming a right to rule based on lineage; 'claimant' status is inherently relative to a contested right of office.
Statesmen	Classical Greece	male	adult	free	native	resident	high	unspecified	statesman	True	rhētor kai stratēgos	Leaders active in deliberation and office; role is defined by participation in the rights-governed political system.
Education	Classical Athens	any	minor	free	unspecified	resident	any	unspecified	student	False	paideia	Refers to the demographic undergoing instruction; typically free male youths in Athens, defined by their developmental stage and activity.
Priests	Late Period Egypt	male	adult	free	native	resident	high	unspecified	priest	False	hem-netjer	Occupational/religious vocation involving temple service; in Egypt, this was often a hereditary lineage role independent of Greek legal categories.
The King Archon	Classical Athens	male	adult	free	native	resident	any	unspecified	magistrate	True	archōn basileus	One of the nine archons; an office-holder defined by legal selection and jurisdiction over religious matters.
Citizens	Classical Greece	male	adult	free	native	resident	any	unspecified	none	False	politēs	Adult free males of native descent; the group can be identified by descent and status without enumerating their specific voting rights.
Rulers	Classical Athens	male	adult	free	native	resident	any	unspecified	magistrate	True	archontes	Defined by the holding of political power/office; selection is a legal/rights-based process.
The rich	Classical Greece	any	adult	free	unspecified	unspecified	high	unspecified	any	False	plousioi	Posited on material economic possession/surplus rather than legal status.
Generals	Classical Athens	male	adult	free	native	resident	any	unspecified	soldier	True	stratēgoi	Elected military commanders; office-holding is inherently tied to the polity's legal system of selection.
Judges	Classical Athens	male	adult	free	native	resident	any	unspecified	juror	True	dikastai	Participants in the legal system defined by their empowerment to judge; the role exists only within the legal structure.
Magistrates	Archaic Athens (Solonic)	male	adult	free	native	resident	high	unspecified	magistrate	True	archontes	Solonic magistrates were chosen based on specific wealth classes, but the holding of office itself is a legal definition.
Citizens	Scythia	male	adult	free	native	resident	any	unspecified	any	False		In a Scythian context, refers to the free-born native population, likely members of the tribal community/warrior class.
Citizens	Archaic Athens (Solonic)	male	adult	free	native	resident	any	unspecified	any	False	politēs	Solonic reforms redefined the populus, but the core identity remains free adult native males.
Women	Classical Athens	female	any	any	unspecified	resident	any	unspecified	unspecified	False	gynaikes	Biological/social sex category; identifiable independent of legal standing.
Soldiers	Classical Athens	male	adult	free	unspecified	unspecified	any	unspecified	soldier	False	stratiōtai	Occupational category defined by the act of military service/bearing arms.
The poor	Archaic Athens (Pre-Solonic)	any	adult	free	native	resident	low	unspecified	any	False	penētes	Defined by lack of material resources and subsistence labor.
The wealthy and noble	Archaic Athens (Pre-Solonic)	male	adult	free	native	resident	high	unspecified	any	False	eupatridai	Descent-based aristocracy ('well-born') typically possessing significant land/wealth.
Owners of military equipment	Archaic Athens (Draconian)	male	adult	free	native	resident	middle	unspecified	soldier	False	zeugitai	Identified by physical possession of heavy armor (hoplite panoply), implying a specific wealth threshold.
Wealthy property owners	Archaic Athens (Draconian)	male	adult	free	native	resident	high	unspecified	any	False	pentakosiomedimnoi	Material possession of land/produce (the '500-bushel men') as a criterion of economic capacity.
Men over thirty	Classical Athens	male	adult	free	native	resident	any	unspecified	any	False		A demographic subgroup defined by chronological age and biological sex.
Citizens	Classical Athens (Solonic)	male	adult	free	native	resident	any	unspecified	any	False	politēs	In the Solonic context, free native males of any of the four wealth classes.
Thetes	Classical Athens	male	adult	free	native	resident	low	unspecified	none	False	thētes	The lowest economic class of citizens, defined by manual labor for hire or lack of land yield.
Pentacosiomedimni	Classical Athens	male	adult	free	native	resident	high	unspecified	unspecified	False	pentakosiomedimnoi	Highest Solonic wealth class, defined by land yield of 500+ medimnoi; a material productive capacity independent of legal standing.
Eupatridae	Archaic Athens	male	adult	free	native	resident	high	unspecified	unspecified	False	eupatridai	The 'well-born' nobility; defined by genealogical descent from traditional aristocratic clans, not by specific statutory rights.
Those not of pure descent	Archaic Athens	any	any	free	mixed	resident	any	unspecified	any	False		Persons of non-Athenian or mixed parentage; a genealogical and biological fact about ancestry.
The poor	Archaic Athens (Peisistratid)	any	any	free	unspecified	resident	low	unspecified	any	False	apori	Defined by lack of material resources/wealth; a socioeconomic status independent of the legal/political system.
Rural citizens	Archaic Athens (Peisistratid)	male	adult	free	native	resident	any	unspecified	farmer	False	agroikoi	Free native males residing in the rural demes (chora) rather than the city; defined by physical residence and occupation.
Athenians of 'polluted' lineage	Archaic Athens	any	any	free	native	resident	any	unspecified	any	False	enageis	Members of families (e.g., Alcmaeonids) considered religiously impure due to ancestral sacrilege; a genealogical/religious distinction.
Citizens	Classical Athens (Cleisthenic)	male	adult	free	native	resident	any	unspecified	any	False	politai	Free adult males of native Attic ancestry registered in a deme; criteria are demographic/genealogical.
Influential citizens	Classical Athens	male	adult	free	native	resident	high	unspecified	any	False	gnorimoi	Citizens with high social standing, wealth, or 'notoriety'; defined by informal social capital and material status.
Ostracized citizens	Classical Athens	male	adult	free	native	non_resident	any	unspecified	any	True	ostrakisthentes	Persons expelled via a specific legal procedure; defined by the legal act of ostracism, though the group is adult native males.
Citizens in public service	Classical Athens	male	adult	free	native	resident	any	unspecified	public servant	True	en tei dēmousiai	Citizens currently performing state duties (jury, assembly, office); defined by active legal/political roles.
Zeugitae	Classical Athens	male	adult	free	native	resident	middle	unspecified	farmer	False	zeugitai	Middle wealth class (200-300 medimnoi) able to maintain hoplite equipment; defined by material/productive capacity.
Persons of mixed parentage	Classical Athens	any	any	free	mixed	resident	any	unspecified	any	False	metroxenoi	Individuals with only one Athenian parent; a biological and genealogical fact about lineage.
Jurors	Classical Athens	male	elder	free	native	resident	any	unspecified	juror	True	dikastai	Court participants; the role is a legal office/function (must be a citizen over 30).
Magistrates	Classical Athens (the Four Hundred)	male	adult	free	native	resident	high	unspecified	magistrate	True	archontes	Office-holders under oligarchy; group defined by possession of specific governing powers.
The Five Thousand	Classical Athens (the Five Thousand)	male	adult	free	native	resident	middle	unspecified	any	True	hoi pentakischilioi	A legally designated body of 5,000 citizens based on wealth/equipment; defined by a political decree.
Minors	Classical Athens (the Four Hundred)	any	minor	free	unspecified	resident	any	child	none	False	paides	Persons below the age of physical/social maturity; a developmental stage.
The poor	Classical Athens (the Five Thousand)	any	any	free	unspecified	resident	low	unspecified	any	False	thētes	Individuals with low or no land-based wealth; defined by material precarity.
Women	Classical Athens (the Thirty Tyrants)	female	any	free	any	resident	any	unspecified	any	False	gynaikes	Biological/socially assigned females; a biological fact independent of the political regime.
The wealthy	Classical Athens (the Thirty Tyrants)	any	adult	free	unspecified	resident	high	unspecified	any	False	plousioi	Possessors of significant material assets; defined by economic capacity.
Citizens	Classical Athens (the Thirty Tyrants)	male	adult	free	native	resident	any	unspecified	any	False	politai	Free adult native males; though rights were curtailed by the Thirty, the demographic cell remains consistent.
Citizens	Classical Athens (Eleusis)	male	adult	free	native	resident	any	unspecified	none	False	politēs	Free adult male of Attic ancestry; identified by genealogy and physical maturity independent of their specific legal powers.
Minors	Classical Athens	any	minor	free	native	resident	unspecified	child	none	False	pais	Individuals below the biological/developmental age of majority (18 for registration in demes).
The infirm poor	Classical Athens	male	adult	free	native	resident	low	unspecified	none	False	adunatoi	Free adult males with physical disabilities and negligible wealth/property preventing self-support.
60-year-old men	Classical Athens	male	elder	free	native	resident	any	unspecified	none	False	diaitētai	Native free males who have reached the 60th year of life; chronological age is the primary criterion.
Magistrates	Classical Athens	male	adult	free	native	resident	any	unspecified	magistrate	True	archōn	Holders of state offices; category is defined by the right to exercise public authority/administration.
Metics	Classical Athens	any	adult	free	foreign	resident	any	unspecified	any	False	metoikos	Free permanent residents lacking Attic ancestry; identified by foreign descent and residency.
Defendants	Classical Athens	any	adult	free	unspecified	unspecified	any	unspecified	none	True	pheugōn	Individuals against whom a legal action is brought; the category is intrinsically defined by the legal proceedings.
Thetes	Archaic Athens (Solonic)	male	adult	free	native	resident	low	unspecified	laborer	False	thēs	Lowest wealth class in the Solonic system; defined by low agricultural yield (under 200 medimnoi) or manual labor status.
The Zeugites	Classical Athens	male	adult	free	native	resident	middle	unspecified	farmer	False	zeugitēs	Middling wealth class; traditionally defined by possessing a team of oxen or having a specific agricultural yield.
Heiresses	Classical Athens	female	any	free	native	resident	high	child	none	False	epiklēros	Daughter of a deceased man with no male heirs; biological female/offspring status within a specific family structure.
Men aged fifty-nine	Classical Athens	male	elder	free	native	resident	any	unspecified	none	False	diaitetai	Men in the year preceding their 60th birthday; chronological age in the final year of military obligation.
Barbarians	Classical Athens	any	any	any	foreign	unspecified	any	unspecified	any	False	barbaros	Non-Greek speaking foreigners; defined by linguistic and genealogical non-Greel origin.
Foreigners	Classical Athens	any	any	free	foreign	unspecified	any	unspecified	any	False	xenos	Persons not originating from the local polity; ancestry/birth outside the territory.
Wealth / Properties	Classical Athens	any	any	any	any	any	any	unspecified	any	False	ousia	Material possessions/economic resources; an inanimate category of material objects, not a human group.
Guardians	Classical Athens (Platonic Republic)	any	adult	free	native	resident	unspecified	unspecified	soldier	True	phylakes	The ruling class in Plato's Republic; defined by their function and education for state governance.
Citizens	Sparta	male	adult	free	native	resident	high	unspecified	soldier	False	homoios	Male Spartan of Dorian descent, educated in the agoge and meeting financial messes (syssitia) requirements.
Slaves	Crete	any	any	enslaved	any	resident	low	unspecified	any	False	doulos	Persons owned/controlled by another individual or the community in Crete.
Guardians	Sparta	male	elder	free	native	resident	any	unspecified	none	True	gerousia	Elders over 60 in the Spartan council; an office-holding class defined by political function.
The common people	Sparta	male	adult	free	native	resident	low	unspecified	any	False	damos	The mass of Spartan citizens distinct from the aristocracy or specific magistrates.
The rich	Classical Greece (Oligarchical)	any	adult	free	unspecified	resident	high	unspecified	any	False	plousioi	Individuals with high material wealth or land ownership in an oligarchical context.
The poor	Classical Greece (Oligarchical)	any	adult	free	unspecified	resident	low	unspecified	any	False	aporoi	Defined by low material-economic position; in oligarchical contexts, this identifies those below the census requirement for full participation.
Citizens	Locri (Epizephyrian)	male	adult	free	native	resident	any	unspecified	any	False	politēs	Adult free males of native ancestry; Locri specifically emphasized the 'Hundred Houses' but 'citizen' generally denotes the native male group.
Children of those who died in war	Classical Athens	any	minor	free	native	resident	unspecified	child	none	False	orphanoi	Minor children of native male citizens who died in military service; defined by kinship role and age.
Defendants in murder trials	Cyme	any	adult	free	unspecified	resident	any	unspecified	any	True	pheugōn	A procedural role in the legal system; the group cannot be identified without reference to the act of being accused in the rights-governed court.
Serf class	Crete	any	any	enslaved	native	resident	low	unspecified	farmer	False	mnoia	Unfree agricultural laborers tied to the land; unlike chattel slaves, they were often native to the territory.
Women	Sparta	female	adult	free	native	resident	any	unspecified	any	False	Spartiatis	Free adult females of Spartan descent; their status is fixed by sex and birth.
Minors	Sparta	any	minor	free	native	resident	unspecified	child	none	False	paides	Individuals under the age of adulthood (at Sparta, those in the agoge system); defined by life-stage.
The poor	Sparta	male	adult	free	native	resident	low	unspecified	any	False	hypomeiones	Spartan-born males who lost economic standing (unable to contribute to syssitia); defined by material wealth deficit.
Nobility	Sparta	male	adult	free	native	resident	high	unspecified	any	False	homoioi	Full-status Spartan males meeting wealth requirements; 'nobility' here implies the founding lineage (Spartiates).
Citizens	Crete	male	adult	free	native	resident	any	unspecified	any	False	eleutheroi	Free native males in Crete; primarily distinguished from the unfree (mnoia) and resident foreigners.
Common people	Crete	any	adult	free	native	resident	middle	unspecified	any	False	damos	The non-aristocratic native free population; defined by lack of high-wealth/noble lineage within the native group.
Citizens	Carthage	male	adult	free	native	resident	any	unspecified	any	False	m' rtm	Free Punic males of Carthaginian descent; defined by ancestry and resident status.
The poor	Carthage	any	adult	free	unspecified	resident	low	unspecified	any	False	dlt	Carthage residents with minimal material assets; defined by low productive capacity/wealth.
The poor	Archaic Athens (Solonic)	male	adult	free	native	resident	low	unspecified	any	False	thētes	Free native males with the lowest harvest yield (less than 200 medimnoi); defines the 'poor' in the Solonic system.
Old men	Classical Athens	male	elder	free	native	resident	any	unspecified	any	False	gerontes	Males of advanced age (usually over 60); defined purely by chronological life-stage.
Women	Chalcidice	female	any	free	native	resident	any	unspecified	any	False	gunaikes	Individuals of female sex; biological/socially assigned sex independent of legal standing.
Children of one non-citizen parent	Classical Athens	any	any	free	mixed	resident	unspecified	child	unspecified	False	nothoi	Free residents with one non-citizen parent; genealogical fact of mixed ancestry.
Artisans	Classical Athens	any	adult	free	unspecified	resident	middle	unspecified	artisan	False	banausoi	Free individuals engaged in manual crafts or trades; defined by vocational/productive role.
Hired laborers	Classical Athens	any	adult	free	unspecified	resident	low	unspecified	hired laborer	False	misthōtoi	Free persons who work for a wage; defined by their economic dependency/method of income.
Traders	Thebes	any	adult	free	unspecified	any	middle	unspecified	merchant	False	emporoi	Individuals engaged in commerce and trade; defined by vocational activity regardless of citizenship.
Children of one citizen parent	Classical Athens	any	any	free	mixed	resident	unspecified	child	none	False	nothos	Persons with only one citizen parent; after Pericles' Law (451 BCE), this genealogical fact usually meant exclusion from full politēs status, regardless of legal rights.
The rich	Classical Athens	any	adult	free	unspecified	resident	high	unspecified	any	False	plousioi	Adults possessing significant material assets or land; wealth here is a material fact of productive capacity rather than a legal privilege.
The free	Classical Athens	any	any	free	any	resident	any	unspecified	any	False	eleutheroi	Individuals who are not the property of another person; the status of 'free' is defined by the absence of the master-slave ownership relation.
Free men	Classical Athens	male	adult	free	any	resident	any	unspecified	any	False	eleutheroi	Adult biological males who are not property; the group is defined by sex and the absence of a servitude relation.
Wealthy or noble citizens	Classical Athens	male	adult	free	native	resident	high	unspecified	none	False	gnōrimoi	Adult native males with high material wealth or distinguished lineage; identifies elite social and economic standing among the native population.
Kings	Non-Greek states	male	adult	free	unspecified	resident	high	unspecified	king	True	basileis	Sovereign office-holders; the role is intrinsically tied to the legal/constitutional structure of the polity, though the occupants are adult free males.
The multitude (freemen)	Classical Athens	male	adult	free	native	resident	low	unspecified	any	False	plēthos	The mass of free native males, typically those of lower economic status (thētes); identified by population scale and freedom from ownership.
The wealthy	Classical Greece	any	adult	free	unspecified	resident	high	unspecified	any	False	euporoi	Individuals with high material-economic accumulation; wealth is treated as an independent variable of productive resources.
The well-to-do	Classical Greece	any	adult	free	unspecified	resident	middle	unspecified	any	False	mesoi	Persons with sufficient material resources to maintain themselves without manual labor for others, but below the extreme elite.
The free-born	Classical Athens	any	any	free	any	resident	any	unspecified	any	False	eleutheroi	Persons born into freedom, never having been enslaved; distinguishes status by birth condition rather than specific legal rights.
Noble families	Classical Greece	any	any	free	native	resident	high	unspecified	none	False	eupatridai	Lineages claiming descent from founding or divine ancestors; a genealogical fact independent of current legal office.
The poor	Classical Greece	any	adult	free	any	resident	low	unspecified	any	False	tapinoi	Persons with little to no material property, often reliant on daily manual labor; wealth status as a material reality.
Citizens of non-citizen parentage	Classical Athens	male	adult	free	mixed	resident	any	unspecified	none	False	nothoi	Adult males of mixed ancestry (one parent not a citizen) who might be granted or claim status; ancestry is the independent genealogical criterion.
Heirs of magistrates	Classical Greece	any	any	free	native	resident	unspecified	heir	none	True		Successors to legal office-holders; while kinship is a biological fact, 'magistrate' is a legal category, making the group rights-dependent.
Middle class	Classical Greece	any	adult	free	any	resident	middle	unspecified	any	False	mesoi	Persons of moderate material wealth; distinct from the very rich and those in poverty, based on productive assets.
The poor	Classical Sparta	any	adult	free	native	resident	low	unspecified	any	False	hypomeiones	Spartan-descended individuals who lost economic standing (usually unable to contribute to syssitia); based on material wealth.
The middle class	Classical Athens	any	adult	free	native	resident	middle	unspecified	any	False	zeugitai	Native residents with middle-tier material wealth (e.g., capable of yoking oxen); economic position independent of legal rights.
The rich	Classical Sicily (under Charondas' laws)	any	adult	free	any	resident	high	unspecified	any	False	plousioi	Individuals in Sicilian polities with high material assets; wealth categorized by surplus resources/land.
The low-born	Classical Athens	any	any	free	native	resident	low	unspecified	any	False	dysgeneis	Persons lacking distinguished or elite ancestry; a genealogical fact about descent relative to the polity's social hierarchy.
Rich women	Classical Athens	female	adult	free	unspecified	resident	high	unspecified	any	False		Adult biological females with significant material resources or from wealthy households; defined by sex and material status.
Nobles	Classical Athens	any	any	free	native	resident	high	unspecified	none	False	eupatridai	Descent from historically prominent or well-born families; social standing based on lineage and inherited land wealth.
Nobility	Classical Athens	any	any	free	native	resident	high	unspecified	none	False	genē	The collective group of well-born families (genē) characterized by ancestral landholding and genealogical prestige.
Notables	Classical Athens	male	adult	free	native	resident	high	unspecified	unspecified	False	gnōrimoi	Socially prominent or 'notable' males distinguished by high wealth and public reputation.
The poor	Ambracia	any	any	free	unspecified	resident	low	unspecified	any	False	penētes	Persons with low material-economic position, typically those who must labor for a living; socio-economic status independent of rights.
Metics	Thurii	any	any	free	foreign	resident	any	unspecified	any	False	metoikos	Free residents of non-local ancestry; identified by physical residence in a polity they were not born into.
Women	Mytilene	female	any	any	unspecified	resident	any	unspecified	unspecified	False	gynaikes	Biological/socially-assigned females within the population.
Notables	Megara	male	adult	free	native	resident	high	unspecified	unspecified	False	gnōrimoi	Socially prominent males of high wealth, often competing with the 'multitude' for influence in Megarian politics.
Younger brothers	Classical Athens	male	any	free	native	resident	any	sibling	unspecified	False		Male siblings of a primary heir; defined by kinship role and birth order within the family unit.
The poor	Thurii	any	any	free	unspecified	resident	low	unspecified	any	False	penētes	The demographic segment with minimal material assets or income; economic status is the primary classifier.
Generals	Thurii	male	adult	free	native	resident	any	unspecified	soldier	True	stratēgos	Military commanders; an office-holding role attained via selection/election, making it intrinsically legal/political.
The distinguished	Classical Athens	male	adult	free	native	resident	high	unspecified	unspecified	False	gnōrimoi	Equivalent to the 'notables'; individuals distinguished by public reputation, lineage, or material wealth.
The multitude	Classical Athens	any	adult	free	native	resident	low	unspecified	any	False	plēthos	The mass of the population, generally excluding the wealthy 'notables'; identified as the demographic majority.
The notables	Archaic Corinth	male	adult	free	native	resident	high	unspecified	unspecified	False	gnōrimoi	High-standing males in Corinth, often associated with oligarchy or the Bacchiad legacy (though period is Late Classical).
Owners of estates	Classical Athens	any	adult	free	unspecified	resident	high	unspecified	landowner	False	geōmoroi	Individuals possessing significant physical land assets; defined by material wealth and productive capacity in land.
Noble women	Archaic Macedon	female	adult	free	native	resident	high	unspecified	none	False		Women belonging to the dynastic or upper-tier noble families of Macedon; identified by lineage and wealth.
Citizens	Mytilene	male	adult	free	native	resident	any	unspecified	unspecified	False	politēs	Free adult native males; the term is legal but the criteria (sex, age, ancestry) are law-independent facts.
Subjects	Archaic Athens	any	any	free	native	resident	low	unspecified	any	True		Defined by being ruled over; in Archaic terms often refers to the non-noble population under aristocrats.
The wealthy	Classical Syracuse	any	any	free	unspecified	resident	high	unspecified	any	False	plousioi	Individuals at the top of the economic hierarchy in Syracuse (e.g., the Gamoroi or their successors).
Artisans	Classical Thebes	any	adult	free	any	resident	middle	unspecified	artisan	False	banausos	Identified by vocational role/manual labor in manufacturing or trade; economic capacity is the primary classifier.
Metics	Classical Greece	any	any	free	foreign	resident	any	unspecified	any	False	metoikos	Foreign-born resident within a Greek city-state; status is a function of non-native ancestry and physical residency.
Common sailors	Classical Greece	male	adult	any	unspecified	resident	low	unspecified	sailor	False	nautai	Occupational role focused on naval service; typically free poor (thetes) but can include others; sex is male in a military context.
Frontier landowners	Classical Greece	male	adult	free	native	resident	middle	unspecified	farmer	False		Occupation and location based: males farming land located at the polity's territorial boundaries.
Farmers	Thessaly	any	adult	any	unspecified	resident	any	unspecified	farmer	False	geōrgoi	Defined by the vocational act of cultivating land, spanning various social strata in Thessaly (including penestai).
Health-impaired infants	Classical Greece	any	minor	unspecified	unspecified	resident	unspecified	child	none	False		Biological developmental stage (infant) combined with physical health impairment; independent of legal status.
Freemen	Classical Athens	any	any	free	any	any	any	unspecified	any	False	eleutheroi	The negative of the ownership relation; persons who are not the property of another.
Mechanics and laborers	Classical Athens	any	adult	any	any	resident	low	unspecified	artisan/laborer	False	banausoi	Defined by manual occupation and socio-economic position; includes those performing 'illiberal' physical work.
Metics	Athens (The Thirty Tyrants)	any	any	free	foreign	resident	any	unspecified	any	False	metoikos	Free residents of foreign ancestry; specifically targeted during the rule of the Thirty regardless of specific rights.
Daughters of citizens	Classical Athens	female	any	free	native	resident	any	child	none	False	astē	Kinship role (daughter) and genealogical fact (offspring of citizen-stratum parents).
Citizens	Athens (The Thirty Tyrants)	male	adult	free	native	resident	high	unspecified	none	True	Hoi Triskhilioi	Under the Thirty Tyrants, 'citizenship' was a restricted list (The Three Thousand); eligibility was defined by the junta's legal decree.
Roman governors	Roman Republic	male	adult	free	native	non_resident	high	unspecified	magistrate	True	propraetor/proconsul	Occupational/office role (provincial governor) which is legally constituted; requires prior status in the Roman rights system.
Minors	Roman Republic	any	minor	any	unspecified	any	unspecified	unspecified	none	False	impuberes/minores	Biological age/developmental stage below the threshold of adulthood.
Romans	Roman Republic	any	any	free	native	any	any	unspecified	any	False	Romani	Descent from the Roman founding/citizen lineage; genealogical/ethnic fact independent of specific civil rights.
Macedonian kings	Macedonian Empire	male	adult	free	native	any	high	unspecified	monarch	True	basileus	A political office/rank (King) defined by the sovereign rights/powers it confers; requires the legal structure of the monarchy.
Aristocrats	Sicyon	any	any	free	native	resident	high	unspecified	none	False	aristoi	High material-economic position and hereditary social standing; picked out by wealth and lineage.
Slaves	Hellenistic Greece	any	any	enslaved	any	resident	low	unspecified	any	False	doulos	A person owned as property by another; defined by the relational fact of coercion and saleability.
Citizens	Sicyon	male	adult	free	native	resident	any	unspecified	any	False	polites	Free adult males of Sicyonian ancestry; can be identified by descent and residence without listing specific rights.
Foreigners	Sicyon	any	any	free	foreign	resident	any	unspecified	any	False	xenoi	Non-native ancestry, regardless of their legal standing or length of residence in Sicyon.
Greeks	Hellenistic Greece	any	any	any	native	any	any	unspecified	any	False	Hellēnes	Ethno-cultural and linguistic lineage (ancestry) common to the Greek world.
The poor	Sicyon	any	any	free	any	resident	low	unspecified	any	False	penetes	Low material-economic position/income; defined by lack of productive capacity/assets.
Women	Hellenistic Greece	female	any	any	any	any	any	unspecified	any	False	gynaikes	Biological/socially-assigned female sex; independent of any legal status.
Citizens	Corinth	male	adult	free	native	resident	any	unspecified	none	False	politēs	Free adult male of Corinthian descent; criteria are genealogical and biological, though the term itself carries legal implications.
Athenian citizens	Hellenistic Macedon	male	adult	free	foreign	any	any	unspecified	none	False	Athēnaios	Free adult males of Athenian ancestry residing within the Macedonian sphere; foreign ancestry relative to Macedon.
Achaean citizens	Achaean League	male	adult	free	native	resident	any	unspecified	any	False	Achaioi	Sub-population defined by descent from constituent Achaean poleis; free adult males within the federal territory.
Argive subjects under tyranny	Argos	any	any	free	native	resident	any	unspecified	any	False	Argeioi	The general population of Argos (free residents) living under an autocratic ruler; defined by residence and lack of sovereign status.
Athletic contestants	Ancient Greece	male	any	free	native	any	any	unspecified	athlete	False	athlētai	Free Greek males engaged in physical competition; vocational/physical role independent of specific civic rights.
Metics	Mantineia	any	adult	free	foreign	resident	any	unspecified	any	False	metoikos	Free permanent residents of non-local ancestry; defined by residence and lack of native lineage.
Generals	Achaean League	male	adult	free	native	resident	high	unspecified	general	True	stratēgos	Elected military leaders; the role is an office created by the Achaean League's legal framework.
Resident aliens	Sparta	any	any	free	foreign	resident	any	unspecified	any	False	xenos	Non-Spartiate free persons residing in Laconian territory; defined by lack of Spartan lineage.
Landowners	Sparta	any	adult	free	unspecified	resident	high	unspecified	any	False		Individuals holding significant land (klēroi); defined by wealth/material control, though property is a legal construct.
Tyrants	Argos	male	adult	free	native	resident	high	unspecified	tyrant	True	tyrannos	An individual holding extra-legal autocratic power; the role is defined by its relation to the constitutional order.
Mantineians	Mantineia	any	any	free	native	resident	any	unspecified	any	False	Mantineis	General population belonging to the polis of Mantineia by birth and residency.
Wives	Hellenistic Macedon	female	adult	free	unspecified	any	any	spouse	none	False	gynē	Adult females in a socially recognized reproductive/domestic union.
Royal courtiers	Hellenistic Macedon	any	adult	free	unspecified	resident	high	none	courtier	False	philoi	Individuals physically present in the king's inner circle; social/vocational proximity to the monarch.
The young men	Sparta	male	minor	free	native	resident	any	none	trainee	False	neanioi	Young males of Spartan descent, typically in the phase of the agoge; biological and life-stage definition.
The Spartans	Sparta	any	any	free	native	resident	any	unspecified	any	False	Spartiatai	The ethno-civic group of Spartan descent; includes men, women, and children of the native free population.
Men	Sparta	male	adult	free	native	resident	any	unspecified	soldier	False	anēr	Adult free males of Spartan lineage; biological and gender criteria.
Young men	Sparta	male	minor	free	native	resident	any	unspecified	none	False	eirēnes	Specific life-stage of Spartan males (late teens/early 20s); developmental stage criteria.
Foreigners	Sparta	any	any	free	foreign	any	any	unspecified	any	False	xenoi	Individuals of non-Laconian descent; genealogical criterion independent of legal status.
Helots	Sparta	any	any	enslaved	native	resident	low	unspecified	farmer	False	heilōtes	State-owned servile population of native Laconian/Messenian descent; defined by unfree status and lineage.
Maidens and youths	Sparta	any	minor	free	native	resident	any	none	none	False	parthenoi kai eirēnes	Native Spartan population in pre-adult life stages; defined by age and sex-segregated social roles.
Boys	Sparta	male	minor	free	native	resident	unspecified	child	none	False	paides	Male children of Spartan descent. In the late period/Roman era, this still identifies the biological/age-based cohort entering the agoge.
Wealthy citizens	Classical Athens	male	adult	free	native	resident	high	unspecified	any	False	plousioi	Adult native males with high material wealth (typically liturgical class); defined by productive capacity and ancestry, not rights.
Free-born individuals	Classical Athens	any	any	free	unspecified	resident	any	unspecified	any	False	eleutheroi	Persons not owned as property; free status is a relational fact independent of the specific rights a free person might hold.
Descendants of state benefactors	Classical Athens	any	any	free	native	resident	any	child	any	False	ebigoni	Genealogical descent from specific recognized ancestors (benefactors); genealogical facts are rights-independent.
Men who have prostituted themselves	Classical Athens	male	adult	free	native	resident	any	unspecified	prostitute	False	peporneumenoi	Adult males who have engaged in specific vocational/sexual acts; identified by behavior, though behavior triggers legal disabilities.
Debtors to the state	Classical Athens	any	adult	free	unspecified	resident	low	unspecified	any	False	opheiletai	Persons in an economic state of owing material value; the debt is a financial fact prior to the legal status of atimia.
Athenians and resident aliens	Classical Athens	any	any	free	any	resident	any	unspecified	any	False	astoi kai metoikoi	Aggregate of all free residents regardless of ancestry; defined by residence and free status.
Heirs	Classical Athens	any	any	free	any	resident	any	heir	any	False	klēronomoi	Kinship-relational position (successor to an oikos); a biological or social fact of succession prior to the right to inherit.
Athenian citizens	Classical Athens	male	adult	free	native	resident	any	unspecified	any	False	athenaioi	Adult free males born of two Athenian parents; criteria are sex, age, and genealogy.
Legitimate sons	Classical Athens	male	any	free	native	resident	any	child	none	False	gnēsioi	Male offspring born of a lawful marriage between citizens; a genealogical and kinship fact.
Adopted children	Classical Athens	any	any	free	any	resident	any	child	none	False	poiētoi	Persons brought into a kinship role via social act rather than birth; kinship position is the identifying criterion.
Daughters	Classical Athens	female	any	free	native	resident	any	child	none	False	korē	Biological female offspring of resident native families.
Legitimate daughters	Classical Athens	female	any	free	native	resident	any	child	none	False	gnēsiai	Female offspring born of a recognized marriage between native residents; a genealogical fact.
Adopted sons	Classical Athens	male	any	free	any	resident	any	child	none	False	hyioi poiētoi	Male persons socially transferred into a kinship role; identified by gender and social kinship.
Slaves, metics, and women	Classical Athens	any	any	any	any	resident	any	unspecified	any	False		A composite group excluding adult male citizens; defined by being female, enslaved, or of foreign ancestry.
Non-initiates	Classical Athens	any	any	free	any	resident	any	unspecified	any	False	amyētoi	Persons who have not performed specific religious rituals; identified by cultic history.
Persons admitting religious impiety	Classical Athens	any	any	free	any	resident	any	unspecified	any	False	asebeis	Persons identified by their own testimony regarding religious behavior; behavioral/confessional criterion.
Tax farmers and sureties	Classical Athens	male	adult	free	any	resident	middle	unspecified	tax farmer	False	telōnai	Persons engaged in the occupation of tax-collection contracting; identified by vocational role.
Soldiers deserting on the field	Classical Athens	male	adult	free	native	any	any	unspecified	soldier	False	lipotaktai	Adult native males who committed a specific physical act (fleeing combat); behavioral/occupational criterion.
Children who maltreat parents	Classical Athens	any	adult	free	any	resident	any	child	any	False	kakountes tous goneis	Persons who perform specific physical/social acts against their parents; behavioral/kinship criterion.
Soldiers under the Four Hundred	Classical Athens	male	adult	free	native	resident	any	unspecified	soldier	True	stratiōtai	A military subgroup during the 411 BCE coup; occupation is physical service, but selection is contingent on political membership in the oligarchic faction.
Former officials under the oligarchy	Classical Athens	male	adult	free	native	resident	any	unspecified	magistrate	True	archōn	Defined by prior holding of legal office (archonship) under a specific regime; membership is intrinsically law-defined.
Restored exiles	Classical Athens	male	adult	free	native	resident	any	unspecified	none	True	katephthēsan	Status depends on legal restoration to citizenship and return from judicial banishment (an artificial legal state).
Daughters without brothers	Classical Athens	female	any	free	native	resident	any	heir	none	False	epiklēros	Daughters without legitimate brothers; defined by kinship/biological facts (descent and lack of male siblings) regardless of legal rights.
Fathers	Classical Athens	male	adult	free	unspecified	any	any	parent	any	False	patēr	Biological/social role as a male parent; a kinship relation independent of the rights system.
Non-citizens	Classical Athens	any	any	any	foreign	any	any	unspecified	any	False	xenoi	Defined negatively by ancestry; includes resident foreigners and non-natives who do not share the founding lineage.
Allied states	Classical Athens	any	any	any	any	non_resident	any	unspecified	none	True	poleis symmachoi	Populations of other cities; membership in an 'allied state' is a treaty/legal category (symmachia).
Men	Classical Athens	male	adult	any	any	any	any	unspecified	any	False	andres	Biological sex and adulthood; universally identifiable across societies without law.
Greeks	Classical Athens	any	any	any	native	any	any	unspecified	any	False	hellēnes	Ethnocultural/linguistic identity and descent (ancestry) distinct from 'Barbarians', prior to specific legal status.
The mute	Classical Athens	any	any	any	any	any	any	unspecified	any	False	eneoi	Persons with a specific biological disability/incapacity of speech; a purely physical/phenomenological state.
Education	Roman Empire	any	any	free	any	any	any	unspecified	philosopher	False	pepaideumenoi	Refers to the 'educated ones'; defined by attainment of Paideia or instructional status, not legal rights.
Women	Roman Empire	female	adult	any	any	any	any	unspecified	any	False	mulieres	Biological sex and adulthood; a category that exists prepolitically.
Lineage	Roman Empire	any	any	free	native	any	any	unspecified	any	False	clarissimi	High-status descent (ancestry); genealogical fact of belonging to a family with established lineage/pedigree.
The rich	Roman Empire (Greek East)	any	adult	free	any	any	high	unspecified	any	False	plousioi	High economic/material standing; productive capacity and capital accumulation independent of legal definitions.
The poor	Roman Empire (Greek East)	any	any	any	any	any	low	unspecified	any	False	penētes	Low material economic position; lack of resources for maintenance (subsistence level).
Slaves	Roman Empire (Greek East)	any	any	enslaved	any	resident	low	unspecified	any	False	servi	Defined by the relational fact of being owned as property by another human being.
Women	Ancient Olympia	female	adult	free	any	any	any	unspecified	any	False	gynaikes	Biological sex and adulthood; applied here in the context of ritual/festival prohibitions at Olympia.
Women	Byblos (Syria)	female	adult	free	any	any	any	unspecified	any	False	gynaikes	Biological sex and adulthood; refers to female participants in local Syrian/Adonis cults.
Syrians	Hierapolis (Syria)	any	any	any	native	any	any	unspecified	any	False	syroi	Ancestry/regional origin within the Near East/Levant; an ethnic/geographic fact.
Galli	Hierapolis (Syria)	male	adult	any	any	any	any	none	priest	False	galli	Physically/ritually emasculated male priests of Dea Syria; defined by vocational/physical change, not legal rights.
Wives	Seleucid Empire	female	adult	free	unspecified	resident	any	spouse	none	False	gynē	A female in a kinship/marital relation to another person; biological/social status independent of the empire's legal code.
Nobles	Hierapolis (Syria)	any	adult	free	native	resident	high	unspecified	any	False	eugeneis	Persons of high material wealth and ancestral lineage; identifiable through social hierarchy and lineage rather than specific legal rights.
Women	Hellenistic Hierapolis	female	any	any	unspecified	any	any	unspecified	any	False	gynaikes	Identified by biological/socially-assigned sex; exists prior to any Hellenistic legal status.
Men	Hellenistic Hierapolis	male	any	any	unspecified	any	any	unspecified	any	False	andres	Identified by biological/socially-assigned sex; exists prior to any Hellenistic legal status.
Galli	Hellenistic Hierapolis	male	adult	free	unspecified	resident	any	none	priest	False	Galli	Castrated priests of Cybele/Atargatis; defined by biological modification and vocational role independent of civil rights.
Syrians	Hellenistic Hierapolis	any	any	any	native	any	any	unspecified	any	False	Syri	Ethnicity and local ancestry within the Syrian region; a genealogical fact independent of Roman or Hellenistic law.
Bachelors and Maidens	Hellenistic Hierapolis	any	adult	free	unspecified	any	any	none	any	False		Adults who are not currently in a marital kinship role; defined by life stage and lack of spouse.
Comic poets	Classical Athens	male	adult	free	native	resident	any	unspecified	comic poet	False	poiētēs	Vocationally identified by the production of comic drama; a productive role in Athenian culture.
Poets	Classical Athens	male	adult	free	unspecified	resident	any	unspecified	poet	False	poiētēs	Vocationally identified by the production of poetry or drama; a productive role independent of political standing.
Metics	Oropus	any	adult	free	foreign	resident	any	unspecified	any	False	metoikos	Free residents of non-local ancestry; defined by residence/ancestry facts regardless of the specific Oropian metic tax.
Magi	Achaemenid Empire	male	adult	free	native	resident	high	unspecified	priest	False	magu	A hereditary priestly caste in Achaemenid society; vocational and genealogical status.
Citizens	Archaic Miletus	male	adult	free	native	resident	any	unspecified	any	False	polites	Adult free males of Miletian descent; identifies the population group independent of specific archaic voting rights.
The wealthy	Archaic Miletus	any	any	free	unspecified	resident	high	unspecified	any	False	ploutoi	Persons with high material or land-based wealth ('The Fat' in Miletian history); defined by economic capacity.
Colonists	Archaic Miletus	male	adult	free	native	non_resident	any	unspecified	any	False	apoikos	Persons of Miletian native ancestry moving to establish a new settlement; defined by movement and origin.
Citizens	Archaic Athens (Peisistratid)	male	adult	free	native	resident	any	unspecified	any	False	astoi	Free native-born males in the territory of Athens during Tyranny; criteria are sex, age, and descent.
Children	Archaic Athens (Solonic)	any	minor	free	native	resident	any	child	none	False	paides	Non-adults in a kinship relation to a parents; defined by life-stage.
Guardians	Archaic Athens (Solonic)	male	adult	free	native	resident	any	unspecified	guardian	True	kyrios	Legal administrator for another person; role is intrinsically defined by the legal power to act for others.
Kings	Archaic Athens	male	adult	free	native	resident	high	unspecified	ruler	True	basileus	The supreme office/role in the polity; status is intrinsically a political/legal office.
Foreigners	Archaic Athens	any	any	free	foreign	any	any	unspecified	any	False	xenoi	Persons of non-Athenian ancestry; defined solely by genealogical origin relative to the polity.
Foreigners	Classical Greece	any	any	free	foreign	any	any	unspecified	any	False	xenoi	Persons born outside the specific Greek polis being referenced; defined by foreign descent.
Citizens	Archaic Athens	male	adult	free	native	resident	any	unspecified	none	False	polītes	In pre-Periclean Athens, free adult males of Attic descent (patrilocal) belonging to a phratry; definition relies on lineage and freedom.
The wealthy and noble	Classical Athens	male	adult	free	native	resident	high	unspecified	any	False	kaloi kagathoi	Combines high material wealth with noble lineage (eupatrid ancestry); these are social and economic facts independent of specific legal offices.
Philosophers	Classical Athens	any	adult	free	unspecified	resident	any	unspecified	philosopher	False	philosophos	Defined by vocational intellectual activity and lifestyle; not a legal category.
Relations	Classical Athens	any	any	unspecified	unspecified	unspecified	any	heir	none	False	syngeneis	Biological or marital relation to a specific person; kinship is a genealogical fact.
Benefactors	Classical Athens	male	adult	free	unspecified	any	high	unspecified	any	True	euergetēs	Historically designates individuals who received honors for donating wealth; the status is an official honorific title conferred by the state.
Freedmen	Classical Athens	any	adult	freed	foreign	resident	any	unspecified	any	False	apeleutheros	A person previously owned as property who has been manumitted; the status transition is a relational fact.
Citizens	Aegina (Athenian Cleruchy)	male	adult	free	native	resident	any	unspecified	none	False	klērouchos	Athenian citizens settled on seized land in Aegina; identified by Athenian ancestry/origin while resident in Aegina.
Athenians	Archaic Aegina	any	any	free	native	resident	any	unspecified	any	False	Athēnaioi	Athenian ancestry is the rigid-designator fact (descent from Attic citizens) and is independent of the polity hosting the rule; relative-to-polity status is captured separately by rule_polity.
Noble families	Sparta	any	any	free	native	resident	high	unspecified	any	False	hieroi	Lineage-based elite (such as the Gerousia-eligible families or Agiads/Eurypontids); identified by genealogical descent.
The wealthy	Carthage	any	adult	free	unspecified	resident	high	unspecified	merchant	False		Carthaginian elite defined by material wealth, often derived from trade; a productive/economic descriptor.
Slaves	Olbia	any	any	enslaved	any	resident	low	unspecified	any	False	doulos	Persons owned as property in the Milesian colony of Olbia; relational fact of being owned.
Hierophants	Classical Athens	male	adult	free	native	resident	any	unspecified	priest	True	hierophantēs	Chief priest at Eleusis; an office-holding role restricted to the Eumolpidae family, thus rights-mediated.
Slaves	Atarneus	any	any	enslaved	any	resident	low	unspecified	any	False	doulos	Owned as property in the territory of Atarneus; status constitutive of their relational unfreedom.
Non-pure born Athenians	Classical Athens	any	any	free	mixed	resident	any	unspecified	any	False	nothoi	Persons of one Athenian and one non-Athenian parent; a purely genealogical/ancestry fact.
Bankers	Sinope	any	adult	free	unspecified	resident	high	unspecified	banker	False	trapezitai	Defined by vocational role in money-changing and credit; an occupational category.
Citizens	Sinope	male	adult	free	native	resident	any	unspecified	none	False	politēs	Free adult male of Sinopean parentage; the demographic core of the polis.
Slaves	Corinth	any	any	enslaved	any	resident	low	unspecified	any	False	doulos	Social status defined by being the property of another person; Corinth held vast numbers of industrial/sacred slaves.
Citizens	Thebes	male	adult	free	native	resident	any	unspecified	none	False	politēs	Free adult male of Beotian/Theban descent; often contingent on an absence of manual labor in some Theban periods.
Minors	Thebes	any	minor	free	native	resident	any	child	none	False	pais	Persons below the age of physical/social maturity; biological life-stage.
Women	Hellenistic Thrace	female	adult	free	unspecified	resident	any	unspecified	any	False	gynē	Biological/social sex of the individuals in the Thracian context.
Slaves	Thebes	any	any	enslaved	any	resident	low	unspecified	any	False	doulos	Persons owned as property by others in the Boeotian context; defined by the relational fact of being chattel regardless of specific legal protections.
Metics	Thebes	any	adult	free	foreign	resident	any	unspecified	any	False	metoikos	Free residents of non-Theban ancestry; identified by the lack of local lineage and physical residence in the territory.
Honored male citizens	Hellenistic Athens	male	adult	free	native	resident	any	unspecified	any	True	politēs	Citizens receiving honors; 'honored' is a status granted by the state, implying a rights-mediated recognition of specific individuals within the citizen body.
Slaves	Hellenistic Athens	any	any	enslaved	any	resident	low	unspecified	any	False	doulos	Property-status humans in Athens; defined by the relationship of being owned by a master, which exists independently of their specific legal standing.
Women	Stoic Philosophy	female	any	any	any	any	any	unspecified	any	False	gynaikon	Biological/socially-assigned females; in Stoic thought, this is a natural category defined prior to any legal or ethical status.
The wealthy	Hellenistic Rhodes	any	adult	free	unspecified	resident	high	unspecified	any	False	plousioi	Individuals with high material-economic position or large landholdings in Rhodes; defined by productive capacity and assets rather than law.
Court physicians	Ptolemaic Egypt	male	adult	free	unspecified	resident	high	unspecified	physician	True	archiatros	Physicians serving the royal court; the role is a professional appointment within the Ptolemaic state hierarchy, making it rights-dependent.
Foreigners	Archaic Greece	any	any	free	foreign	any	any	unspecified	any	False	xenos	Persons not belonging to the local community's ancestral lineage; a genealogical and geographical fact independent of legal status.
Citizens	Croton	male	adult	free	native	resident	any	unspecified	any	False	politēs	Adult free males of native Crotoniate descent; the underlying population eligible for communal identity regardless of specific regime.
Women	Croton	female	any	free	native	resident	any	unspecified	any	False	gynē	Free females of the Crotoniate community; defined by sex and ancestry rather than legal rights.
Free men	Archaic Greece	male	adult	free	unspecified	resident	any	unspecified	any	False	eleutheros	Males not owned as property; 'free' is defined here by the absence of an ownership relation to another person.
Women	Archaic Greece	female	any	any	unspecified	resident	any	unspecified	any	False	gynē	Biological females within the Archaic Greek social context.
Maidens	Classical Agrigentum	female	minor	free	native	resident	any	none	none	False	parthenos	Young, unmarried free women of the community; identified by sex, life-stage (pre-marriage), and ancestry.
Citizens	Classical Tarentum	male	adult	free	native	resident	any	unspecified	any	False	politēs	Adult free males of Tarentine lineage; the demographic cell that constitutes the body of the polis.
Nobles	Archaic Ephesus	any	adult	free	native	resident	high	unspecified	any	False	eupatridēs	Members of privileged lineages in Archaic Ephesus; defined by descent from founding families and concentrated wealth.
Citizens	Archaic Ephesus	male	adult	free	native	resident	any	unspecified	any	False	politēs	Free adult native-born males of Ephesus; the basic social unit of the archaic polis.
Citizens	Classical Samos	male	adult	free	native	resident	any	unspecified	any	False	politēs	Adult free males of Samian descent; the group identified by ancestry and sex within the Samian state.
Citizens	Classical Elea	male	adult	free	native	resident	any	unspecified	any	False	politēs	Free adult native males of Elea; the demographic core defined by lineage, not legal privilege.
Philosophers	Classical Greece	any	adult	free	unspecified	any	any	unspecified	philosopher	False	philosophos	Individuals engaged in the intellectual vocation of philosophy; a vocational/behavioral role independent of law.
Minors	Achaemenid Empire	any	minor	any	any	any	any	child	none	False		Individuals in the developmental life-stage before adulthood within the Achaemenid Empire; a biological/developmental fact.
The poor	Classical Abdera	any	any	free	unspecified	resident	low	unspecified	any	False	penetes	Persons with low material-economic position; defined by lack of surplus wealth or productive resources regardless of legal status.
Atheists	Classical Athens	any	adult	free	unspecified	resident	unspecified	unspecified	any	False	atheoi	Persons holding a specific intellectual or ideological stance regarding the gods; a psychological/social fact independent of law.
Educated elite	Classical Athens	male	adult	free	unspecified	resident	high	unspecified	unspecified	False	kaloi kagathoi	Group defined by high wealth and attained level of education (paideia); social/cultural standing not defined by office.
Philosophers	Hellenistic Elis	male	adult	free	unspecified	resident	unspecified	unspecified	philosopher	False	philosophoi	Vocational role centered on intellectual inquiry; exists as a social category independent of legal recognition.
Persians	Achaemenid Empire	any	any	unspecified	native	any	unspecified	unspecified	any	False	Parsa	Ethno-linguistic group defined by descent from the Persian core territory; a genealogical fact.
Massagetae	Scythia	any	any	free	native	resident	unspecified	unspecified	any	False	Massagetai	Tribal/ethnic group in the Scythian region defined by shared descent and semi-nomadic lifestyle.
Cilicians	Cilicia	any	any	unspecified	native	any	unspecified	unspecified	any	False	Kilikes	Regional/ethnic group from the Cilician territory; a geographical and genealogical fact.
Minors	Hellenistic Athens	any	minor	unspecified	unspecified	resident	unspecified	child	none	False	paides	Developmental life-stage (under physiological maturity); a biological/age-based fact.
Women	Hellenistic Athens	female	any	any	any	resident	any	unspecified	any	False	gynaikes	Biological/socially-assigned female sex; exists independently of any legal capacity.
Citizens	Hellenistic Athens	male	adult	free	native	resident	any	unspecified	any	False	polites	Free adult male of native parentage; criteria are genealogical and biological.
Patricians	Early Roman Kingdom	any	any	free	native	resident	high	unspecified	none	False	patricii	Descent from the original gentes (clans) of Rome; a genealogical/kinship fact.
Vestal Virgins	Early Roman Kingdom	female	any	free	native	resident	high	none	priestess	True	Virgines Vestales	A socio-religious office; while criteria include sex and virginity, the group is defined by its ritual role in the state cult.
Widows	Early Roman Kingdom	female	adult	free	unspecified	resident	unspecified	spouse	none	False	viduae	Kinship fact: a woman whose husband has died; a biological/relational status.
Fetial priests	Early Roman Kingdom	male	adult	free	native	resident	unspecified	unspecified	priest	True	fetiales	College of priests for international law rituals; definition is intrinsically tied to a formal religious/state office.
Manual laborers	Early Roman Kingdom	any	adult	any	unspecified	resident	low	unspecified	laborer	False	operarii	Productive vocational role involving physical labor; defined by economic activity.
The poor	Early Roman Kingdom	any	any	free	unspecified	resident	low	unspecified	any	False	pauperes	Material-economic standing; lack of property and subsistence level resources.
Farmers	Early Roman Kingdom	any	adult	free	unspecified	resident	low	unspecified	farmer	False	agricolae	Vocational role defined by the cultivation of soil and agriculture.
Married sons	Early Roman Kingdom	male	adult	free	native	resident	unspecified	child	any	False	filii familias	Descent fact (son) combined with marital status, relative to a living pater familias.
Foreigners	Early Roman Kingdom	any	any	free	foreign	resident	any	unspecified	any	False	peregrini	Persons of non-Roman/foreign ancestry residing in Roman territory.
Senators	Roman Republic	male	elder	free	native	resident	high	unspecified	legislator	True	senatores	Defined by membership in a legislative body; requires referring to the state's institutional structure.
Dictators	Middle Roman Republic	male	adult	free	native	resident	high	unspecified	dictator	True	dictator	An extraordinary magistrate; selection is intrinsically a legal/political act. The underlying population consists of high-status free male native citizens.
Tribunes of the people	Middle Roman Republic	male	adult	free	native	resident	any	unspecified	tribunus plebis	True	tribunus plebis	Political office-holders for the plebeian order; necessitates legal definition of the office and plebeian status.
Prisoners of war	Middle Roman Republic	any	any	enslaved	foreign	resident	low	unspecified	any	False	captivi	Persons captured in war and reduced to property; status is a relational fact of coercion and foreign origin prior to rights assignment.
Consuls	Middle Roman Republic	male	adult	free	native	resident	high	unspecified	consul	True	consul	Highest annual magistracy; definitionally dependent on the Roman constitutional framework of election and imperium.
Patricians	Middle Roman Republic	any	any	free	native	resident	any	unspecified	any	False	patricii	Members of specific hereditary clans (gentes) identified as founding lineages; genealogical fact independent of current rights.
Vestal virgins	Middle Roman Republic	female	any	free	native	resident	any	unspecified	priestess	True	virgines Vestales	Sacred religious office with specific legal emancipation; requires reference to the state religious and legal apparatus.
Tarentines	Middle Roman Republic	any	any	any	foreign	any	any	unspecified	any	False	Tarentini	People originating from the specific geographic locality of Tarentum; a fact of ancestry and origin.
Pontifex Maximus	Middle Roman Republic	male	adult	free	native	resident	high	unspecified	priest	True	pontifex maximus	The chief high priest of the College of Pontiffs; an office defined by the state’s sacred law.
Prominent citizens	Classical Athens	male	adult	free	native	resident	high	unspecified	any	False	gnorimoi	Wealthy, influential citizens (often elites in the Roman era of Athens); based on material wealth and social visibility.
Soldiers	Middle Roman Republic	male	adult	free	any	any	any	unspecified	soldier	False	milites	Persons performing the vocational role of military service; a functional/occupational category.
The poor	Early Roman Republic	any	any	free	unspecified	resident	low	unspecified	any	False	pauperes	Individuals with low material/economic resources; a socio-economic fact regardless of enfranchisement.
Colonial citizens	Corinth	male	adult	free	native	non_resident	any	unspecified	any	False		Free males of Corinthian descent established in colonial outposts; identified by lineage and geographic displacement.
Sicilian Greeks	Syracuse	any	any	any	foreign	resident	any	unspecified	any	False	Sikeloi	Ethnic Greeks living on the island of Sicily; determined by ancestry and physical residency.
Syracusans	Syracuse	any	any	any	native	resident	any	unspecified	any	False	Syrakosioi	Residents of the city/territory of Syracuse; an identity based on domicile and local ancestry.
The nobility	Classical Athens	any	any	free	native	resident	high	unspecified	any	False	eupatridai	The 'well-born' or high-wealth land-owning class; defined by genealogical lineage and material surplus.
Daughters of public benefactors	Classical Athens	female	any	free	native	resident	any	child	none	False		Biological daughters of men recognized for public liturgies/service; depends on kinship and parental biography.
Minors	Middle Roman Republic	any	minor	any	unspecified	any	any	child	none	False	impuberes	Persons below the biological/developmental age of adulthood (puberty); a physiological life-stage fact.
Nobility	Middle Roman Republic	any	any	free	native	resident	high	unspecified	any	False	nobilitas	The social elite composed of families with ancestral holders of high office; fundamentally a matter of descent/wealth.
Foreigners	Middle Roman Republic	any	any	any	foreign	any	any	unspecified	any	False	peregrini	Persons of non-Roman descent; a genealogical and geographical fact of origin outside the Roman core.
Ancient family members	Classical Sparta	any	any	free	native	resident	any	unspecified	any	False		Members of established Spartan lineages (likely Spartiatai or specific clans); a fact of long-standing local descent.
Citizens	Late Roman Republic	male	adult	free	native	any	any	unspecified	none	False	civis Romanus	Free adult males of Roman lineage; while citizenship is a legal status, the cell is identified by birth and manumission facts independent of specific rights.
The wealthy	Late Roman Republic	any	adult	free	unspecified	any	high	unspecified	any	False	locupletes	Persons possessing significant material wealth or land (e.g., census classes); defined by asset levels rather than legal privileges.
Nobles	Late Roman Republic	any	adult	free	native	any	high	heir	none	False	nobiles	Descendants of persons who held high office (consulate); biological descent from a specific prestige lineage.
Eurypontidae	Classical Sparta	male	any	free	native	resident	high	heir	king	False	Eurypontidai	Members of the Eurypontid patriline, one of the two royal houses of Sparta; defined by genealogical descent.
Spartan citizens	Classical Sparta	male	adult	free	native	resident	middle	unspecified	soldier	False	homoioi	Adult males of Spartan descent who completed the agoge and contribute to syssitia; identified by ancestry and lifecycle stage.
Nobles	Achaemenid Empire	any	adult	free	native	any	high	unspecified	any	False	azata	The Persian landed aristocracy or 'well-born'; defined by lineage and material surplus.
Young men of good family	Roman Empire	male	adult	free	native	any	high	child	none	False	iuvenes	Young males (adulescentes) from equestrian or senatorial families; defined by age-stage and parental wealth/status.
Young men	Roman Empire	male	adult	any	unspecified	any	any	unspecified	none	False	iuventus	Males in the developmental stage between childhood and full maturity (approx. 17–45 in military terms).
Resident aliens	Roman Empire	any	any	free	foreign	resident	any	unspecified	any	False	peregrini	Free persons living within Roman territory who lack Roman ancestry/citizenship; a demographic and residence fact.
Slaves	Archaic Athens	any	any	enslaved	any	resident	low	unspecified	any	False	doulos	Persons owned by others as property, often via debt servitude (hektemoroi) or capture in this period.
Slaves	Roman Empire	any	any	enslaved	any	resident	low	unspecified	any	False	servi	Persons legally owned as property; the status is a relational fact of total coercion/ownership.
Private individuals	Roman Empire	any	any	free	unspecified	any	any	unspecified	none	False	privati	Persons not holding public office or military command; defined by the absence of a specific vocational role.
Foreigners	Classical Sparta	any	any	free	foreign	resident	any	unspecified	any	False	xenoi	Non-Spartan free persons physically present in Spartan territory; defined by foreign birth and residence.
Spartans	Classical Sparta	male	any	free	native	resident	any	unspecified	any	False	Lakedaimonioi	Members of the Spartan ethnic group/polity by descent, including both Homoioi and potentially Perioikoi depending on context.
Helots	Classical Sparta	any	any	enslaved	native	resident	low	unspecified	farmer	False	heilōtes	Serf-like population owned by the Spartan state; tied to Spartan land, defined by hereditary unfree status and location.
Women	Archaic Sparta	female	any	free	native	resident	any	unspecified	none	False	Lakaiai	Biological females of Spartan descent; identified by sex and lineage.
Spartans	Archaic Sparta	male	any	free	native	resident	any	unspecified	any	False	Spartiatai	Ethnogenetic group of Dorian Laconians; defined by ancestry and physical residence in the Eurotas valley.
Agiads and Eurypontids	Classical Sparta	male	any	free	native	resident	high	heir	king	False	Agidai kai Eurypontidai	The two specific royal lineages of Sparta; identified strictly by genealogical descent from the Heraclids.
Citizens	Archaic Sparta	male	adult	free	native	resident	any	unspecified	any	False	Spartiatai	Adult free males of Spartan lineage; defined by sex, age, and ancestry regardless of the evolving Lycurgan laws.
Women	Classical Sparta	female	any	free	native	resident	any	unspecified	none	False	Lakaiai	Free females born to Spartan parents; categorical based on sex and descent.
Slaves	Classical Sparta	any	any	enslaved	native	resident	low	unspecified	any	False	heilōtes	Helots were a population group of Laconian/Messenian ancestry held in collective servitude; their status is defined by bondage rather than law-granted rights.
Liberated Greek allies	Classical Athens	male	adult	free	foreign	resident	any	unspecified	any	False		Free non-Athenian Greeks resident in the city; they are defined by their status as allies (foreign free nationals) rather than Attic ancestry.
Slaves	Scythia	any	any	enslaved	any	resident	low	unspecified	any	False	doulos	Persons owned as property within Scythian society; ownership is a relational material fact independent of legal standing.
Women	Classical Thebes	female	any	free	native	resident	any	unspecified	any	False	gynaikes	Biological/socially assigned females; the category is independent of the rights system.
Citizens	Classical Thebes	male	adult	free	native	resident	any	unspecified	any	False	politai	Adult free males of native Boiotian parentage; while the label is political, the criteria are biological and genealogical.
The educated	Hellenistic Athens	any	adult	free	unspecified	resident	any	unspecified	any	False	pepaideumenoi	Persons having undergone formal education (paideia); this is a social/attainment fact, not a legal definition.
Servants of Cronus	Roman Empire	male	adult	free	unspecified	resident	any	unspecified	priest	False		Individuals performing specific ritual/devotional roles for the cult of Cronus/Saturn; defined by vocational activity.
Free men	Hellenistic Athens	male	adult	free	any	resident	any	unspecified	any	False	eleutheroi	Adult males not owned as property; the status of 'free' is the absence of a property relation, not the presence of a legal right.
Male citizens	Hellenistic Greek states	male	adult	free	native	resident	any	unspecified	any	False	politai	Adult free males of local descent; criteria are genealogical and biological.
The wealthy	Hellenistic Greek states	any	adult	free	any	resident	high	unspecified	any	False	plousioi	Persons possessing significant material assets or high income; wealth is a material economic position.
Women	Naucratis	female	any	free	any	resident	any	unspecified	any	False	gynaikes	Biological/socially assigned females; age and ancestry are unspecified but female sex is the defining criterion.
Slaves	Classical Cos	any	any	enslaved	any	resident	low	unspecified	any	False	doulos	Persons owned by another; the ownership relation is a relational fact existing prior to specific legal regulations.
Slaves	Archaic Rome	any	any	enslaved	any	resident	low	unspecified	any	False	servus	Individuals defined as the property of a Dominus; ownership is the constitutive fact.
Women	Republican Rome	female	any	free	any	resident	any	unspecified	any	False	mulieres	Biological/socially assigned females; the label identifies sex independent of Republican legal standing.
Youths	Archaic Rome	any	minor	free	any	resident	any	none	none	False	iuvenes	Persons in the early developmental life stage; age is a biological/social developmental fact.
Philosophers	Hellenistic Athens	any	adult	free	any	resident	any	unspecified	philosopher	False	philosophoi	Persons engaged in the study or teaching of philosophy; defined by vocational/intellectual activity.
Resident aliens	Aegina	any	adult	free	foreign	resident	any	unspecified	any	False	metoikos	Free residents of non-Aeginetan ancestry; criteria are residence and genealogy.
Childless men	Aegina	male	adult	free	unspecified	resident	any	none	any	False		Adult males without offspring; the group is defined by the biological/relational fact of being childless.
Priests	Ancient Egypt	any	adult	free	any	resident	any	unspecified	priest	False	hem-netjer	Individuals performing temple duties/rituals; defined by vocational/sacral role.
Citizens fit for military service	Classical Sparta	male	adult	free	native	resident	any	unspecified	soldier	False	homoios	Adult free local males physically capable of combat; criteria are sex, age, ancestry, and physical capacity.
Artisans and soldiers	Ancient Egypt	male	adult	free	native	resident	middle	unspecified	artisan or soldier	False		Defined by productive and protective vocational roles in Late Period Egypt; generally free males of modest to middle material standing.
Older men	Ancient Egypt	male	elder	free	unspecified	resident	unspecified	unspecified	any	False		Identified by developmental life-stage (advanced age) and sex; biological facts independent of legal status.
Private citizens	Classical Athens	male	adult	free	native	resident	any	unspecified	none	False	idiōtēs	A person acting in a non-official/private capacity. While contrasted with magistrates, the underlying human is an adult free native male.
Citizens	Salamis (Cyprus)	male	adult	free	native	resident	any	unspecified	any	False	politēs	Adult free male of local ancestry; criteria are genealogical and biological, common to Greek poleis in Cyprus.
Legitimate children	Salamis (Cyprus)	any	any	free	native	unspecified	unspecified	child	none	False	gnēsios	Offspring born of parents in a recognized union; kinship and biological descent are law-presupposing but rights-independent.
Statesmen	Classical Athens	male	adult	free	native	resident	any	unspecified	politician	True	rhētōr	Defined by active participation in political assembly and speech; requires rights of speech (isēgoria) and status to participate.
Wealthy	Classical Athens	any	any	free	unspecified	resident	high	unspecified	any	False	plousioi	Possession of significant material resources/surplus; a fact of economic capacity rather than a specific legal grant.
Citizens	League of Corinth	male	adult	free	native	resident	any	unspecified	any	False	politēs	Free native males of the respective Greek member-states; ancestry and sex are the independent identifiers.
Property owners	League of Corinth	any	adult	free	unspecified	unspecified	middle	unspecified	any	False	kektemenoi	Relational fact of physical control and use of land or capital; presupposes a concept of property but is an economic relation.
Slave owners	League of Corinth	any	adult	free	unspecified	unspecified	middle	unspecified	any	False	despotēs	Relational fact of exercising ownership over another person; constitutive of the master-slave economic relationship.
Litigants	Classical Athens	male	adult	free	native	resident	any	unspecified	any	True	dikazomenos	Specifically those exercising the right to sue or being sued in court; defined by the procedural legal action itself.
Conquered foreigners	Macedonia	any	any	any	foreign	resident	low	unspecified	any	False	barbaroi	Foreign ancestry population brought under control through military conquest; identified by origin and physical location.
Ambassadors	Classical Athens	male	adult	free	native	any	any	unspecified	ambassador	True	presbeutēs	Persons appointed by a specific legal decree to represent the state; role is entirely created by legal/diplomatic commission.
Public officials	Classical Athens	male	adult	free	native	resident	any	unspecified	magistrate	True	archōn	Office-holders whose identity is defined by the holding of a legal title/authority granted by the polity.
Exiles	Classical Athens	any	any	free	native	non_resident	any	unspecified	any	False	phugas	Individuals of native ancestry physically located outside the territory due to compulsion/proscription.
Shipowners	Classical Athens	any	adult	free	unspecified	unspecified	high	unspecified	naukleros	False	naukleros	Material ownership and management of maritime vessels; an economic and vocational role independent of legal status.
Merchants	Classical Athens	any	adult	free	unspecified	resident	middle	unspecified	merchant	False	emporos	Vocation involving the wholesale trade of goods; economic role identifiable by activity regardless of citizenship.
Non-residents	Classical Athens	any	any	any	unspecified	non_resident	any	unspecified	any	False		Physical absence from the territory of the polity; a spatial-geographical fact.
The wealthiest citizens	Classical Athens	male	adult	free	native	resident	high	unspecified	any	False	pentakosiomedimnoi	The subset of native free males with the highest material wealth/yield; economic standing within the native group.
Mining concessionaires	Classical Athens	any	adult	free	any	resident	high	unspecified	mining	True	misthoutai	Holders of state leases for mines; the category is defined by the legal contract/concession from the state.
Adult sons of widowed mothers	Classical Athens	male	adult	free	unspecified	resident	unspecified	child	none	False		Adult male defined by biological relation (son) to a specific female kin (widowed mother); criteria are kinship and life-stage.
Men	Archaic Athens (Solonic)	male	adult	any	any	any	any	unspecified	any	False	anēr	Adult biological males within the population; sex and age are the primary filters.
Sailors	Classical Athens	male	adult	any	any	any	low	none	sailor	False	nautai	Vocationally identified by labor on ships; frequently associated with the thetes (lower wealth) but defined by occupation.
Trierarchs	Classical Athens	male	adult	free	native	resident	high	unspecified	liturgist	True	triērarchos	Legal liturgy performed by highest wealth class; role is defined by legal obligation to maintain a ship.
Public Arbitrators	Classical Athens	male	elder	free	native	resident	any	unspecified	arbitrator	True	diaitētai	An official role assigned to men in their 60th year; defined by legal-administrative function.
Free non-citizens	Classical Athens	any	any	free	foreign	resident	any	unspecified	any	False	metoikos	Free status combined with foreign ancestry and local residence; independent of specific rights.
Slaves and Aliens	Classical Athens	any	any	any	foreign	resident	unspecified	unspecified	any	False		A composite group defined by non-native ancestry and/or property status (slavery).
Male descendants	Classical Athens	male	any	free	native	unspecified	any	child	none	False	ekgonoi	Genealogical fact: male biological offspring in a lineage.
Lineal descendants	Classical Athens	any	any	free	native	unspecified	any	child	none	False		Biological descendants of a specific ancestor regardless of sex.
Children of non-citizen mothers	Classical Athens	any	any	free	mixed	resident	any	child	none	False	nothoi	Offspring where maternal ancestry is non-native; genealogical fact prior to rights status.
Scythian archers	Classical Athens	male	adult	enslaved	foreign	resident	low	none	policeman	False	toxotai	State-owned enslaved persons of Scythian origin serving as public order workers.
Rich citizens	Classical Athens	male	adult	free	native	resident	high	unspecified	any	False	plousioi	Members of the native ancestry cohort with high material-economic yields.
Scythians	Classical Athens	any	any	any	foreign	resident	unspecified	unspecified	any	False	Skythai	Persons of Scythian ethnic/geographical origin regardless of legal status.
Jurymen	Classical Athens	male	adult	free	native	resident	any	unspecified	juror	True	dikastai	Specifically defined by participation in the court system; eligibility is rights-based (adult male citizens).
Priests	Classical Athens	any	adult	free	native	resident	unspecified	unspecified	priest	False	hiereis	Vocational role in religious/cultic service; often hereditary or selected from native families.
Elders	Classical Athens	any	elder	any	unspecified	any	any	unspecified	none	False	gerontes	Defined solely by advanced age/life-stage.
Athenians	Classical Athens	any	any	free	native	resident	any	unspecified	any	False	Athēnaioi	Free native-born residents of Attica; used as an ethnic/political designation independent of specific voting rights.
Disabled paupers	Classical Athens	male	adult	free	native	resident	low	unspecified	none	False	adynatoi	Free native males with low material wealth and physical impairment; criteria are biological/economic.
Slaves	Archaic Athens (Solonic)	any	any	enslaved	any	resident	low	unspecified	any	False	doulos	Persons owned as property; includes those enslaved for debt in the Solonic context (prior to abolition).
Orphans	Classical Athens	any	minor	free	native	resident	any	child	none	False	orphanoi	Minor children whose fathers are deceased; defined by age and kinship status.
Women	Archaic Athens (Solonic)	female	any	free	native	resident	unspecified	unspecified	none	False	gynaikes	Biological females of the native population; categorized by sex and residence independently of their lack of political standing.
Occupation	Archaic Athens (Solonic)	any	adult	any	unspecified	resident	unspecified	unspecified	any	False		Referred to by vocational role; generic placeholder for persons performing specific labor or crafts.
Public officers	Classical Athens	male	adult	free	native	resident	any	unspecified	magistrate	True	archontes	Defined by holding a public office; membership is contingent on the legal selection system (sortition or election).
Priests and priestesses	Classical Athens	any	adult	free	native	resident	any	unspecified	priest	False	hiereis	Persons performing ritual/sacrificial duties; while often state-sanctioned, the vocational/ritual role is a distinct behavioral fact.
Citizens	Oreus	male	adult	free	native	resident	any	unspecified	none	False	politēs	Adult free male of native lineage in Oreus; ancestry and sex define the cell even if laws regarding their rights vary.
Citizens	Delphic Amphictyonic League	male	adult	free	native	resident	any	unspecified	none	False	politēs	Citizens of the constituent poleis of the League; defined by native ancestry in their respective member cities.
Men of Delphi	Delphi	male	adult	free	native	resident	any	unspecified	none	False	Delphoi	Adult free males of Delphic ancestry; a sub-population defined by geography and lineage.
Orphans of fallen soldiers	Classical Athens	any	minor	free	native	resident	low	child	none	False	orphanoi	Children of native men killed in military service; defined by age and kinship (deceased father) rather than legal status.
Suppliants	Classical Athens	any	any	any	any	resident	any	unspecified	none	False	hiketēs	A person seeking physical protection at a sacred site; defined by the act of supplication and physical location.
The Council	Classical Athens	male	adult	free	native	resident	any	unspecified	councillor	True	Boulē	Body of 500 citizens; membership is strictly defined by legal selection and political office-holding.
Slaves and foreigners	Classical Athens	any	any	any	foreign	resident	any	unspecified	any	False		Combined group of non-native ancestry, including both those owned as property and free foreign residents.
Homicide suspects	Classical Athens	any	any	any	any	resident	unspecified	unspecified	none	False		Individuals accused of killing a person; the state of being a suspect is a fact of accusation, not a defined right or office.
Accidental killers	Classical Athens	any	any	any	any	resident	unspecified	unspecified	none	False		Persons who have caused death without intent; defined by the physical act and psychological state.
Wealthy citizens	Classical Sparta	male	adult	free	native	resident	high	unspecified	none	False	homoioi	Spartan Spartiates with high material standing (ability to contribute to syssitia); defined by wealth and ancestry.
Prisoners of war	Classical Sparta	any	any	enslaved	foreign	resident	low	unspecified	none	False	aichmalōtos	Persons captured in war and held under coercion; their status is a relational fact of capture and ownership.
Suppliants	Classical Sparta	any	any	unspecified	any	resident	any	unspecified	none	False	hiketēs	Same as Athens: individuals seeking religious asylum at a temple, regardless of social status.
Sons of citizens	Classical Athens	male	any	free	native	resident	any	child	none	False		Defined by male sex and kinship descent from a native male (citizen); biological/genealogical fact.
The healthy	Classical Athens	any	any	any	any	resident	any	unspecified	any	False		Persons possessing physical health/fitness; a biological/medical status.
Sophists	Classical Athens	male	adult	free	any	resident	middle	unspecified	philosopher	False	sophistēs	Professional teachers of wisdom/rhetoric; categorized by their vocational activity.
Property owners	Classical Athens	any	adult	free	any	resident	high	unspecified	any	False		Individuals possessing significant land or capital; based on material productive capacity.
Orators and lawyers	Classical Athens	male	adult	free	native	resident	any	unspecified	rhetōr	False	rhētores	Free adult male native citizens who specialize in public speaking; 'legal' role is professional/vocal rather than an office.
The sick	Classical Athens	any	any	any	unspecified	resident	any	unspecified	none	False		Persons experiencing physical or mental infirmity; a biological state independent of legal standing.
The powerful	Classical Athens	male	adult	free	native	resident	high	unspecified	any	False	dynastai	Those with significant material resources, social influence, or persuasive capacity (pisteis) in the community.
Musicians	Classical Athens	any	any	any	any	resident	any	unspecified	mousikos	False	mousikoi	Vocational role defined by the performance of music or poetry; spans citizens, metics, and slaves.
Religious practitioners	Classical Athens	any	adult	free	native	resident	any	unspecified	priest	True	hiereis	Religious officials whose status is often tied to specific cultic laws and lineage/office-holding requirements.
Poets and Legislators	Classical Greece	male	adult	free	native	resident	any	unspecified	poet or legislator	True	nomothetai	Legislators (nomothetai) are a specific functional office of the state; poets are a vocational role.
Boys	Classical Athens	male	minor	free	native	resident	any	child	none	False	paides	Biological and developmental stage; free male offspring of native residents.
The elite	Classical Athens	male	adult	free	native	resident	high	unspecified	any	False	kaloi kagathoi	High material wealth and social prestige (e.g. liturgy-payers); observable by lifestyle and economic capacity.
Men	Classical Greece	male	adult	any	any	any	any	unspecified	any	False	andres	Biological/socially-assigned male sex and adult life-stage.
Women	Classical Greece	female	adult	any	any	any	any	unspecified	any	False	gynaikes	Biological/socially-assigned female sex and adult life-stage.
Noble men	Classical Athens	male	adult	free	native	resident	high	unspecified	any	False	eupatridai	Men of high-status lineage and high wealth; ancestry and economic status are observable independent of specific rights.
Doctors	Classical Athens	any	adult	free	any	resident	any	unspecified	doctor	False	iatroi	Vocational role defined by the practice of medicine; can be citizens, metics, or free foreigners.
Rhapsodes	Classical Athens	male	adult	free	any	resident	low	unspecified	rhapsode	False	rhapsōdos	Professional performer of epic poetry; vocational role independent of legal status.
Exiled nobles	Syracuse	male	adult	free	native	non_resident	high	unspecified	any	False	phygiades	High-wealth native-born individuals currently residing outside the polity's territory due to expulsion.
Free men	Syracuse	male	adult	free	any	resident	any	unspecified	any	False	eleutheroi	Adult males not owned as property; includes citizens, metics, and free foreigners.
Minors	Macedonia	any	minor	free	native	resident	any	child	none	False	paides	Developmental life-stage of individuals in Macedonia; non-adult age.
Slaves	Classical Greece	any	any	enslaved	any	resident	low	unspecified	any	False	douloi	Individuals owned as property by others; the relational fact of ownership is the primary identifier.
Metics	Syracuse	any	any	free	foreign	resident	any	unspecified	any	False	metoikoi	Free residents of Syracuse with foreign genealogical ancestry.
Mercenaries	Syracuse	male	adult	free	foreign	resident	middle	unspecified	soldier	False	misthophoroi	Free foreign adult males whose primary productive role is providing military service for pay.
Athenians	Syracuse	any	any	free	native	resident	any	unspecified	any	False	Athenaioi	Athenian ancestry is the rigid-designator fact (descent from Attic citizens) and is independent of the polity hosting the rule; relative-to-polity status is captured separately by rule_polity.
Exiles	Syracuse	any	any	free	native	non_resident	any	unspecified	none	False	phygas	Persons of native ancestry physically removed or living outside the territory of the polity; the physical location and genealogical link are rights-independent.
Foreigners	Acragas	any	any	free	foreign	resident	any	unspecified	any	False	xenos	Free persons living in the territory who do not descend from the local citizen lineage; defined by residence and ancestry.
People of Delphi	Delphi	any	any	any	native	resident	any	unspecified	any	False	Delphoi	Inhabitants of the city of Delphi; a geographical and ancestral designation regardless of their status within the Roman imperial legal framework.
Citizens	Roman Athens	male	adult	free	native	resident	any	unspecified	any	False	politēs	Free adult males of local Attic ancestry; during the Roman period, this identifies the local municipal elite and eligible residents.
Uneducated individuals	Roman Empire	any	any	any	unspecified	any	any	unspecified	any	False	apaideutos	Defined by the lack of formal Greek education (paideia), a cultural-intellectual attribute independent of legal standing.
Tarsians	Tarsus	any	any	any	native	resident	any	unspecified	any	False	Tarseis	The ethnikon of persons originating from or residing in Tarsus; a fact of geographic origin and ancestry.
Elderly fathers	Classical Athens	male	elder	free	native	resident	any	parent	any	False	gerontes	A combination of biological age (elderly), sex (male), and the relational fact of having offspring (fathers).
Priests	Roman Empire	any	adult	free	unspecified	resident	any	unspecified	priest	True	sacerdos	Defined by their ritual/vocational role; however, in Rome, high priesthoods are offices within the state apparatus, making them rights-mediated.
The wealthy	Roman Empire	any	any	free	unspecified	any	high	unspecified	any	False	divites	Individuals with high material-economic resources, whether derived from land, trade, or capital.
The elderly	Roman Empire	any	elder	any	unspecified	any	any	unspecified	any	False	senes	Defined solely by biological life-stage; the advanced age of the individual.
Teachers	Roman Empire	male	adult	free	unspecified	resident	any	unspecified	teacher	False	grammaticus	A vocational role involving the transmission of knowledge and literacy for compensation or within a school context.
Flutegirls	Roman Empire	female	adult	any	unspecified	resident	low	none	flute-player	False	auletrīs	Female musicians/entertainers, often associated with low social standing but defined by their specific occupational performance.
Naturalized foreigners	Classical Athens	male	adult	free	foreign	resident	any	unspecified	any	True	dōpētos	Foreigners who received local citizenship via a legal act; the status is intrinsically rights-defined despite the foreign ancestry.
Outsiders	Classical Athens	any	any	any	foreign	any	any	unspecified	any	False	exōtikos	Persons not belonging to the specific community or kinship group; defined by lack of local ancestry or connection.
Free men	Roman Empire	male	adult	free	unspecified	any	any	unspecified	any	False	liberi	Adult males who are not legally owned as property by another person; the status is the negation of slavery.
Education students	Roman Empire	any	minor	free	unspecified	resident	any	unspecified	student	False	discipulus	Young individuals engaged in formal learning under an instructor; defined by life-stage and activity.
Artisans	Roman Empire	any	adult	any	unspecified	resident	middle	unspecified	artisan	False	artifex	Defined by productive role; skilled manual laborers or craftsmen.
Men of military age	High Empire Athens	male	adult	free	native	resident	any	unspecified	soldier	False	ephēbos	Males within the age range of physical maturity (roughly 18-60) capable of manual/martial activity.
Parasites	Roman Empire	any	adult	free	unspecified	resident	low	none	none	False	parasitus	Individuals who live at the table of the wealthy in exchange for social services/flattery; defined by economic dependency and lack of profession.
Actors and musicians	Roman Empire	any	adult	any	unspecified	resident	any	unspecified	actor	False	scenici	Defined by vocational performance in theatre and music; a socially distinct group regardless of legal infamia.
Pantomime dancers	Roman Empire	any	adult	any	unspecified	resident	low	none	pantomimus	False	pantomimus	Professional performers in the Roman theater; often of low social status or enslaved/freed, identified by their vocational role in public entertainment.
Dancers	Roman Empire	any	any	any	unspecified	resident	low	none	dancer	False	saltator	Individuals engaged in dance for entertainment or ritual; a vocational role generally associated with the infamia category in Roman social hierarchy.
High-born men	Ionia and Pontus	male	adult	free	native	resident	high	unspecified	none	False	eugeneis	Males of distinguished lineage and material wealth; 'high-born' refers to genealogical facts and ancestral prominence within the local Greek city-state context.
Religious initiates	Roman Empire	any	adult	any	unspecified	unspecified	any	unspecified	none	False	mystae	Individuals who have undergone specific ritual transformations in a cult (e.g. Mithraic, Isiac); participation is a social/religious fact independent of civil law.
Non-residents	Roman Empire	any	any	any	any	non_resident	any	unspecified	any	False		Persons physically located outside the territory of the polity; defined strictly by the geographic fact of non-presence.
Artists	Classical Greece	any	adult	free	unspecified	resident	any	unspecified	artist	False	technitai	Individuals specializing in creative or mimetic production (sculptors, painters, etc.); defined by their specific vocational output.
Soldiers	Seleucid Empire	male	adult	free	unspecified	resident	any	unspecified	soldier	False	stratiōtai	Males serving in organized military units; defined by their vocational role in the state's armed forces.
Administrators	Roman Empire	male	adult	free	unspecified	resident	middle	unspecified	administrator	True	procurator	Individuals holding delegated authority within the imperial bureaucracy; the role is defined by legal appointment to an office.
Sophists	Roman Empire	male	adult	free	unspecified	resident	middle	unspecified	philosopher	False	sophistēs	Professional teachers of rhetoric and public speakers; defined by their vocational prowess and educational role.
Foreigners	Archaic Athens (Solonic)	any	any	free	foreign	resident	any	unspecified	any	False	xenoi	Free persons residing in Athens who lack native Attic ancestry; defined by genealogical origin.
Orators	Classical Athens	male	adult	free	native	resident	any	unspecified	speaker	False	rhētōres	Citizens who actively practice public speaking and political leadership; defined by their behavior/activity in the Assembly.
Husbands	Classical Athens	male	adult	free	any	resident	any	spouse	none	False	anēr	Males in a marital relation; defined by the social/kinship fact of being a partner in a household union.
Free persons	Classical Athens	any	any	free	any	resident	any	unspecified	any	False	eleutheroi	Persons not owned by another; the status is the inverse of the ownership relation.
Wealthy	Archaic Athens (Solonic)	any	adult	free	unspecified	resident	high	unspecified	any	False	plousioi	Individuals with high material assets or agricultural yields (e.g. 500-bushel men and knights); defined by economic capacity.
Citizens	Classical Athens (The Four Hundred)	male	adult	free	native	resident	high	unspecified	none	True	politai	Restricted group of native males defined by the oligarchic coup's legal limit (the 400); selection is rights-dependent.
The people	Classical Athens (The Five Thousand)	male	adult	free	native	resident	middle	unspecified	soldier	True	hoi pentakischilioi	The 5,000 citizens in the 411 BCE regime, defined by their ability to provide hoplite equipment; defined by a legal threshold for inclusion.
Corn-controllers	Classical Athens	male	adult	free	native	resident	any	unspecified	magistrate	True	sitophylakes	Magistrates overseeing grain supply; office-holders whose role is defined by legal mandate and appointment.
Wealthy individuals	Classical Athens	any	adult	free	unspecified	resident	high	unspecified	any	False	eupatridai	Individuals of high economic standing; identified by material surplus and productive capacity independent of rights.
Children of slaves	Classical Athens	any	minor	enslaved	any	resident	low	child	none	False	oikogenes	Minors born to enslaved parents; their status as property is inherited genealogically/relationally.
Christians	Early Christian Church	any	any	any	any	any	any	unspecified	none	False	christianos	Individuals identified by their adherence to Christian religious practice and community membership; a social/ideological fact.
The poor	Roman Empire	any	any	free	any	resident	low	unspecified	unspecified	False	humiliores	Persons of low material-economic position and social standing, often those without land or significant movable wealth.
Orphans	Roman Empire	any	minor	free	any	resident	unspecified	child	none	False	pueri orbitati	Minors whose fathers are deceased; identified by biological life-stage and kinship absence (lack of pater familias).
The young	Early Christian Church	any	minor	unspecified	any	any	unspecified	child	none	False	neōteroi	Individuals in the early developmental life-stage (infants/children/youth) within the community.
Women	Early Christian Church	female	any	unspecified	any	any	unspecified	unspecified	unspecified	False	gynaika	Biological/socially-assigned females within the early Christian community across all ages and social statuses.
Minors	Early Christian Church	any	minor	unspecified	any	any	unspecified	child	none	False	nepios	Persons in a pre-adult developmental life-stage, regardless of sex or social status.
Laborers	Early Christian Church	any	adult	any	any	any	low	unspecified	manual laborer	False	ergatēs	Persons whose primary role is manual or productive vocational labor, typically of lower economic status.
Levites	Second Temple Judea	male	adult	free	native	resident	unspecified	unspecified	priest assistant	False	Lewi	Males of the Tribe of Levi by patrilineal descent; ancestry is a genealogical fact independent of cultic rights/duties.
High Priests	Second Temple Judea	male	adult	free	native	resident	high	unspecified	high priest	True	Kohen Gadol	The supreme religious office-holder; eligibility is tied to Aaronic descent, but the role itself is an office defined by the cultic system.
Priests	Second Temple Judea	male	adult	free	native	resident	unspecified	unspecified	priest	False	Kohen	Males of Aaronic descent; the category is genealogical (native ancestry) and linked to vocational service.
Presbyters	Early Christian Church	male	elder	free	any	resident	unspecified	unspecified	community leader	True	presbyteros	Elder leaders within the community; selection is rights-mediated through religious appointment/standing, though often linked to age.
Heretics	Early Christian Community	any	adult	any	any	any	any	unspecified	unspecified	True	hairetikos	Defined by deviation from community doctrine; the category is intrinsically defined by the ideological/legal norms of the group.
