rule_id	c_sex	c_sex_evidence	c_age	c_age_evidence	c_ownership_status	c_ownership_status_evidence	c_ancestry	c_ancestry_evidence	c_residence	c_residence_evidence	c_wealth	c_wealth_evidence	c_occupation	c_occupation_evidence	emic_label_in_text	criterion_reasoning_text
tlg0007.tlg118.perseus-eng3::0	unspecified	unspecified	unspecified	unspecified	unspecified	unspecified	native	implied	unspecified	unspecified	unspecified	unspecified	unspecified	unspecified	Romans	The verbatim limits statecraft to 'Romans', which implies native ancestry; no other criteria are explicitly named or lexically required.
tlg0007.tlg118.perseus-eng3::1	unspecified	unspecified	unspecified	unspecified	unspecified	unspecified	foreign	implied	unspecified	unspecified	unspecified	unspecified	unspecified	unspecified	Greek city-states	The verbatim refers to 'Greek city-states' in the context of the Roman Empire, implying foreign (non-Roman) ancestry for the group members.
tlg0007.tlg118.perseus-eng3::2	unspecified	unspecified	unspecified	unspecified	unspecified	unspecified	unspecified	unspecified	resident	implied	high	implied	unspecified	unspecified	noble birth	'Noble birth' lexically presupposes high wealth/status; acting in 'your native State' implies residence. Sex/age are not named.
tlg0007.tlg118.perseus-eng3::3	male	implied	unspecified	unspecified	free	stated	native	implied	resident	implied	unspecified	unspecified	unspecified	unspecified	free men, Greeks, Athenian citizens	The verbatim states 'free men' (sex=male, ownership=free) and 'Athenian citizens', which implies native ancestry and residence.
tlg0007.tlg118.perseus-eng3::5	unspecified	unspecified	unspecified	unspecified	unspecified	unspecified	unspecified	unspecified	unspecified	unspecified	unspecified	unspecified	unspecified	unspecified	those who are victorious	The verbatim uses general terms like 'those who are victorious' and does not constrain specific demographic axes.
tlg0007.tlg119.perseus-eng3::0	unspecified	unspecified	unspecified	unspecified	free	implied	unspecified	unspecified	unspecified	unspecified	unspecified	unspecified	unspecified	unspecified	politeia (citizenship)	The term 'politeia' (citizenship) lexically presupposes free ownership status; other axes remain unspecified.
tlg0007.tlg119.perseus-eng3::2	unspecified	unspecified	unspecified	unspecified	unspecified	unspecified	unspecified	unspecified	unspecified	unspecified	unspecified	unspecified	unspecified	unspecified	colleagues who have equal power and honour	The verbatim describes 'colleagues' in an 'oligarchy', which does not explicitly name sex, age, or ancestry in this text segment.
tlg0014.tlg059.perseus-eng2::0	unspecified	unspecified	unspecified	unspecified	unspecified	unspecified	unspecified	unspecified	unspecified	unspecified	unspecified	unspecified	senate member	stated	senate member	The verbatim names the occupation 'senate member' (being one of its members); other demographic criteria are not stated.
tlg0014.tlg059.perseus-eng2::1	unspecified	unspecified	unspecified	unspecified	unspecified	unspecified	unspecified	unspecified	unspecified	unspecified	unspecified	unspecified	unspecified	unspecified	the people	The verbatim refers broadly to 'the people' without specifying individual demographic criteria.
tlg0014.tlg059.perseus-eng2::2	unspecified	unspecified	unspecified	unspecified	unspecified	unspecified	unspecified	unspecified	unspecified	unspecified	unspecified	unspecified	unspecified	unspecified	owing thirty talents to the treasury	The verbatim describes the condition of state debt ('owing... to the treasury') but does not specify the debtor's gender, age, or ancestry.
tlg0014.tlg059.perseus-eng2::3	any	stated	adult	implied	free	implied	foreign	stated	unspecified	unspecified	unspecified	unspecified	unspecified	unspecified	alien	The text names 'alien' (ancestry=foreign). It mentions both men and women as 'husband' or 'wife' (sex=any, age=adult implied, status=free implied).
tlg0014.tlg059.perseus-eng2::5	female	implied	unspecified	unspecified	unspecified	unspecified	unspecified	unspecified	resident	stated	unspecified	unspecified	unspecified	unspecified	she	The verbatim uses 'she' (sex=female) and states she was 'eager to live at Athens' (residence=resident).
tlg0014.tlg059.perseus-eng2::6	female	implied	unspecified	unspecified	free	stated	unspecified	unspecified	unspecified	unspecified	unspecified	unspecified	unspecified	unspecified	free woman	The verbatim explicitly labels the subject a 'free woman', stating both sex=female (implied) and ownership=free (stated).
tlg0014.tlg059.perseus-eng2::7	female	implied	adult	implied	free	implied	unspecified	unspecified	unspecified	unspecified	unspecified	unspecified	unspecified	unspecified	wife	The word 'wife' lexically presupposes female sex, adult age, and free status; no other axes are named.
tlg0014.tlg059.perseus-eng2::8	female	implied	unspecified	unspecified	unspecified	unspecified	foreign	stated	unspecified	unspecified	unspecified	unspecified	unspecified	unspecified	alien woman	The verbatim states 'alien woman', naming ancestry=foreign and implying sex=female.
tlg0014.tlg059.perseus-eng2::11	unspecified	unspecified	unspecified	unspecified	unspecified	unspecified	native	stated	unspecified	unspecified	unspecified	unspecified	unspecified	unspecified	those whom the Athenian people may make citizens	The text discusses eligibility based on being born of an 'Athenian woman', which relates to native ancestry.
tlg0014.tlg059.perseus-eng2::12	female	stated	unspecified	unspecified	enslaved	stated	unspecified	unspecified	unspecified	unspecified	unspecified	unspecified	servant	stated	women-servants	The verbatim names 'women-servants', stating sex=female, ownership=enslaved (implied by 'deliver up for torture'), and occupation=servant.
tlg0032.tlg015.perseus-eng1::0	unspecified	unspecified	unspecified	unspecified	unspecified	unspecified	unspecified	unspecified	unspecified	unspecified	low	implied	unspecified	unspecified	the People	The text contrasts 'the People' with 'powerful citizens', implying lower wealth/status for the former in this context.
tlg0032.tlg015.perseus-eng1::1	unspecified	unspecified	unspecified	unspecified	unspecified	unspecified	unspecified	unspecified	unspecified	unspecified	low	implied	unspecified	unspecified	baser sort	'Baser sort' and 'commonalty' lexically imply low wealth/status relative to the 'better people'.
tlg0032.tlg015.perseus-eng1::2	unspecified	unspecified	unspecified	unspecified	any	stated	any	stated	unspecified	unspecified	unspecified	unspecified	unspecified	unspecified	slaves and resident aliens	The verbatim explicitly groups 'slave', 'resident alien', and 'freedman' (ownership=any, ancestry=any) regarding the illegality of a 'blow'.
tlg0032.tlg015.perseus-eng1::3	unspecified	unspecified	unspecified	unspecified	free	implied	foreign	implied	resident	stated	unspecified	unspecified	unspecified	unspecified	resident alien	The status 'resident alien' (metic) states residence and implies foreign ancestry and free status (distinguished from 'slave').
tlg0032.tlg015.perseus-eng1::4	male	implied	unspecified	unspecified	free	implied	unspecified	unspecified	unspecified	unspecified	high	stated	unspecified	unspecified	rich man	The verbatim states 'rich man', which names high wealth and implies male sex and free status.
tlg0032.tlg015.perseus-eng1::6	unspecified	unspecified	unspecified	unspecified	unspecified	unspecified	foreign	implied	unspecified	unspecified	unspecified	unspecified	unspecified	unspecified	allies	The term 'allies' in the context of being forced to 'voyage to Athens' implies non-Athenian (foreign) ancestry/polity membership.
tlg0032.tlg015.perseus-eng1::9	unspecified	unspecified	unspecified	unspecified	unspecified	unspecified	unspecified	unspecified	unspecified	unspecified	unspecified	unspecified	unspecified	unspecified	antagonists	The verbatim refers to 'antagonists' and 'some state or other', which doesn't specify individual human criteria.
tlg0032.tlg015.perseus-eng1::10	unspecified	unspecified	unspecified	unspecified	unspecified	unspecified	unspecified	unspecified	unspecified	unspecified	high	stated	farming	stated	wealthy landowners	The verbatim states 'wealthy' and 'landowners' (occupation/assets) and mentions the 'farming portion'.
tlg0032.tlg015.perseus-eng1::14	unspecified	unspecified	unspecified	unspecified	unspecified	unspecified	unspecified	unspecified	unspecified	unspecified	unspecified	unspecified	choragi, trierarchs	stated	choragi, trierarchs	The verbatim names specific liturgical roles ('choragi', 'trierarchs') but no other demographic criteria.
tlg0032.tlg015.perseus-eng1::15	unspecified	unspecified	unspecified	unspecified	free	implied	native	implied	unspecified	unspecified	unspecified	unspecified	unspecified	unspecified	citizens	The word 'citizens' lexically presupposes free status and typically native ancestry in the context of civil rights.
tlg0059.tlg008.perseus-eng2::7	unspecified	unspecified	unspecified	unspecified	unspecified	unspecified	unspecified	unspecified	unspecified	unspecified	unspecified	unspecified	unspecified	unspecified	Atreus	The verbatim names a specific mythological individual ('Atreus') but implies no general criteria categories.
tlg0059.tlg008.perseus-eng2::8	unspecified	unspecified	unspecified	unspecified	unspecified	unspecified	unspecified	unspecified	unspecified	unspecified	unspecified	unspecified	statesmen	stated	statesmen	The verbatim names 'statesmen' as an occupational/functional group compared to 'subjects'.
tlg0059.tlg008.perseus-eng2::12	unspecified	unspecified	minor	implied	unspecified	unspecified	unspecified	unspecified	unspecified	unspecified	unspecified	unspecified	pupils	stated	pupils	The word 'pupils' implies a minor/student age and names an educational role.
tlg0059.tlg008.perseus-eng2::13	male	implied	adult	implied	unspecified	unspecified	unspecified	unspecified	unspecified	unspecified	unspecified	unspecified	priest	stated	king	The word 'king' and 'he' imply male sex and adult age; the king must serve as a 'priest'.
tlg0059.tlg008.perseus-eng2::14	male	implied	unspecified	unspecified	unspecified	unspecified	unspecified	unspecified	unspecified	unspecified	unspecified	unspecified	King Archon	stated	the man whom the lot has chosen to be the King	The verbatim uses 'the man', stating male sex, and identifies the office of 'King' (Archon).
tlg0059.tlg008.perseus-eng2::17	unspecified	unspecified	unspecified	unspecified	free	implied	native	implied	unspecified	unspecified	unspecified	unspecified	unspecified	unspecified	citizen	The word 'citizen' lexically presupposes free status and native ancestry.
tlg0059.tlg008.perseus-eng2::18	any	stated	unspecified	unspecified	unspecified	unspecified	unspecified	unspecified	unspecified	unspecified	unspecified	unspecified	unspecified	unspecified	anyone who pleases	The verbatim says 'anyone who pleases', indicating no categorical restriction (sex=any) for the accuser.
tlg0059.tlg008.perseus-eng2::19	unspecified	unspecified	unspecified	unspecified	unspecified	unspecified	unspecified	unspecified	unspecified	unspecified	any	stated	rulers	stated	rulers of the people	The verbatim states rulers may be 'from the rich or from the whole people', indicating c_wealth=any.
tlg0059.tlg008.perseus-eng2::20	unspecified	unspecified	unspecified	unspecified	unspecified	unspecified	unspecified	unspecified	unspecified	unspecified	any	stated	judges	stated	judges	The verbatim states judges are chosen 'either from a selected list of the rich or from the whole people'.
tlg0059.tlg008.perseus-eng2::23	unspecified	unspecified	unspecified	unspecified	unspecified	unspecified	unspecified	unspecified	unspecified	unspecified	unspecified	unspecified	commissioners	stated	people, commissioners	The verbatim names 'commissioners' (occupation/role) and the 'people' who pass laws.
tlg0059.tlg008.perseus-eng2::26	unspecified	unspecified	unspecified	unspecified	unspecified	unspecified	unspecified	unspecified	unspecified	unspecified	unspecified	unspecified	generals	stated	generals	The verbatim specifically names the role of 'generals' and their subservience to the 'kingly art'.
tlg0059.tlg008.perseus-eng2::27	unspecified	unspecified	unspecified	unspecified	unspecified	unspecified	unspecified	unspecified	unspecified	unspecified	unspecified	unspecified	judges	stated	judges	The verbatim names the occupation 'judges' and their duty to follow laws received from the 'king'.
tlg0059.tlg008.perseus-eng2::31	unspecified	unspecified	unspecified	unspecified	unspecified	unspecified	unspecified	unspecified	unspecified	unspecified	high	stated	unspecified	unspecified	they	The verbatim refers to the 'pursuit of wealth or power in connection with matrimony', stating a wealth/power criterion.
tlg0062.tlg034.perseus-eng2::1	unspecified	unspecified	unspecified	unspecified	unspecified	unspecified	unspecified	unspecified	unspecified	unspecified	unspecified	unspecified	official	stated	official	The verbatim identifies the subject as as 'one of the officials' by his 'purple cloak'; no other criteria are lexically constrained.
tlg0062.tlg034.perseus-eng2::3	unspecified	unspecified	unspecified	unspecified	free	implied	native	implied	unspecified	unspecified	unspecified	unspecified	unspecified	unspecified	citizen	The word 'citizen' lexically presupposes free status and native belonging within a polity; sex and age are not named.
tlg0062.tlg034.perseus-eng2::4	unspecified	unspecified	unspecified	unspecified	unspecified	unspecified	unspecified	unspecified	unspecified	unspecified	unspecified	unspecified	unspecified	unspecified	plaintiff and defendant	The verbatim refers to 'each party to the case' or 'plaintiff and defendant'; these legal roles do not lexically constrain the other axes.
tlg0062.tlg034.perseus-eng2::5	unspecified	unspecified	unspecified	unspecified	unspecified	unspecified	unspecified	unspecified	unspecified	unspecified	unspecified	unspecified	unspecified	unspecified	disciples of rhetoric	The text discusses those who speak before the court ('disciples of rhetoric'); it does not state their demographic status.
tlg0062.tlg034.perseus-eng2::6	unspecified	unspecified	unspecified	unspecified	unspecified	unspecified	unspecified	unspecified	unspecified	unspecified	unspecified	unspecified	unspecified	unspecified	them	The verbatim uses only the pronoun 'them' (referring to the audience); it does not lexically identify their sex, age, or status.
tlg0062.tlg034.perseus-eng2::8	unspecified	unspecified	unspecified	unspecified	unspecified	unspecified	unspecified	unspecified	unspecified	unspecified	unspecified	unspecified	unspecified	unspecified	everyone	The verbatim refers to 'everyone' being able to read the laws; this does not constrain any specific demographic category.
tlg0062.tlg034.perseus-eng2::9	unspecified	unspecified	unspecified	unspecified	free	implied	native	implied	unspecified	unspecified	unspecified	unspecified	cavalrymen	stated	citizens	The term 'citizens' implies free status and native ancestry; the occupation 'cavalrymen' is explicitly named as a subset.
tlg0062.tlg034.perseus-eng2::10	unspecified	unspecified	unspecified	unspecified	unspecified	unspecified	unspecified	unspecified	unspecified	unspecified	unspecified	unspecified	unspecified	unspecified	anyone	The verbatim uses the inclusive term 'anyone' who carries weapons; no demographic value is forced.
tlg0062.tlg034.perseus-eng2::11	female	stated	unspecified	unspecified	unspecified	unspecified	unspecified	unspecified	unspecified	unspecified	unspecified	unspecified	unspecified	unspecified	women	The verbatim names 'women' and describes them as 'bleached out in the shade', contrasting them with those in the gymnasia.
tlg0062.tlg034.perseus-eng2::13	male	implied	unspecified	unspecified	unspecified	unspecified	unspecified	unspecified	unspecified	unspecified	unspecified	unspecified	unspecified	unspecified	men	The verbatim explicitly mentions 'men', which lexically constrains the sex axis to male.
tlg0086.tlg003.perseus-eng1::0	unspecified	unspecified	any	stated	enslaved	stated	unspecified	unspecified	unspecified	unspecified	low	implied	tenants	stated	tenants	The text names 'tenants' (occupation), identifies their status as 'slavery' if they fail payment, and includes 'children', indicating 'any' age applies.
tlg0086.tlg003.perseus-eng1::1	unspecified	unspecified	unspecified	unspecified	unspecified	unspecified	native	implied	unspecified	unspecified	high	stated	Archons	stated	Archons	The text states 'qualifications of birth and wealth' (high wealth/native ancestry implied) for electing 'Archons'.
tlg0086.tlg003.perseus-eng1::2	unspecified	unspecified	unspecified	unspecified	unspecified	unspecified	unspecified	unspecified	unspecified	unspecified	middle	implied	unspecified	unspecified	all who could furnish themselves with a military equipment	The wealth level is implied by the ability to 'furnish themselves with a military equipment' for the franchise eligibility.
tlg0086.tlg003.perseus-eng1::3	unspecified	unspecified	unspecified	unspecified	unspecified	unspecified	unspecified	unspecified	unspecified	unspecified	high	stated	Archons	stated	persons possessing an unencumbered property of not less than ten minas	The verbatim states a property requirement ('not less than ten minas' / 'not less than a hundred minas'), forcing c_wealth='high'.
tlg0086.tlg003.perseus-eng1::4	unspecified	unspecified	adult	stated	unspecified	unspecified	unspecified	unspecified	unspecified	unspecified	unspecified	unspecified	unspecified	unspecified	those who were over thirty years of age	The verbatim explicitly names the age criterion 'over thirty years of age'.
tlg0086.tlg003.perseus-eng1::6	unspecified	unspecified	unspecified	unspecified	free	implied	unspecified	unspecified	unspecified	unspecified	unspecified	unspecified	unspecified	unspecified	the people	The text refers to protecting 'the people' from 'loans on the security of the debtor’s person', implying their status as free.
tlg0086.tlg003.perseus-eng1::7	unspecified	unspecified	unspecified	unspecified	unspecified	unspecified	unspecified	unspecified	unspecified	unspecified	low	stated	Thetes	stated	Thetes	The text names the 'Thetes' class and states they were 'not eligible for any office', defining them as the lowest property class.
tlg0086.tlg003.perseus-eng1::8	unspecified	unspecified	unspecified	unspecified	unspecified	unspecified	unspecified	unspecified	unspecified	unspecified	high	stated	Treasurers	stated	Pentacosiomedimni	The text states 'Treasurers' must be 'chosen from the Pentacosiomedimni', which is defined as a property (wealth) class.
tlg0086.tlg003.perseus-eng1::9	unspecified	unspecified	unspecified	unspecified	free	implied	native	implied	unspecified	unspecified	unspecified	unspecified	unspecified	unspecified	citizens	The text explicitly names 'citizens', which lexically presupposes free status and native ancestry.
tlg0086.tlg003.perseus-eng1::10	unspecified	unspecified	unspecified	unspecified	enslaved	stated	unspecified	unspecified	unspecified	unspecified	unspecified	unspecified	unspecified	unspecified	those that here in vilest slavery crouched	The verbatim refers to those in 'slavery' and 'under a master', forcing the ownership_status value.
tlg0086.tlg003.perseus-eng1::11	unspecified	unspecified	unspecified	unspecified	unspecified	unspecified	unspecified	unspecified	unspecified	unspecified	unspecified	unspecified	unspecified	unspecified	every person who so willed	The verbatim uses the inclusive phrase 'every person who so willed' without stating or implying any categorical constraints.
tlg0086.tlg003.perseus-eng1::12	unspecified	unspecified	unspecified	unspecified	unspecified	unspecified	unspecified	unspecified	unspecified	unspecified	unspecified	unspecified	unspecified	unspecified	the masses	The verbatim refers to 'the masses' and 'the democracy', which indicates a group but does not lexically force sex, age, or status values.
tlg0086.tlg003.perseus-eng1::13	unspecified	unspecified	unspecified	unspecified	unspecified	unspecified	unspecified	unspecified	unspecified	unspecified	unspecified	unspecified	unspecified	unspecified	Eupatridae, Agroeci, and Demiurgi	The verbatim names specific emic classes (Eupatridae, Agroeci, Demiurgi) for Archonship eligibility but does not state their gender, age, or status requirements.
tlg0086.tlg003.perseus-eng1::14	unspecified	unspecified	unspecified	unspecified	free	implied	native	implied	unspecified	unspecified	unspecified	unspecified	unspecified	unspecified	citizen-roll	The 'citizen-roll' and 'franchise' lexically imply free ownership and native ancestry; sex and age are historical facts not stated here.
tlg0086.tlg003.perseus-eng1::15	unspecified	unspecified	unspecified	unspecified	unspecified	unspecified	unspecified	unspecified	unspecified	unspecified	low	stated	agriculture	stated	poorer people	The text states 'poorer people' (wealth=low) and specifies they are to work in 'agriculture' (occupation).
tlg0086.tlg003.perseus-eng1::17	unspecified	unspecified	unspecified	unspecified	unspecified	unspecified	unspecified	unspecified	resident	implied	unspecified	unspecified	farms	implied	individuals [in the country]	Mention of 'neglect their farms' implies an agricultural occupation; avoiding coming into the city to settle disputes implies rural residence.
tlg0086.tlg003.perseus-eng1::19	unspecified	unspecified	unspecified	unspecified	free	implied	native	implied	unspecified	unspecified	unspecified	unspecified	unspecified	unspecified	Athenian families	'Athenian families' implies free status and native ancestry; no other criteria are lexically forced.
tlg0086.tlg003.perseus-eng1::20	unspecified	unspecified	unspecified	unspecified	free	implied	unspecified	unspecified	resident	implied	unspecified	unspecified	unspecified	unspecified	fellow-demesmen	Being 'fellow-demesmen' and 'Athenians' implies residency in a deme and free status. The text highlights 'new citizens' vs 'family names'.
tlg0086.tlg003.perseus-eng1::22	unspecified	unspecified	unspecified	unspecified	unspecified	unspecified	unspecified	unspecified	unspecified	unspecified	unspecified	unspecified	unspecified	unspecified	friends of the tyrants	The text targets 'friends of the tyrants' or those 'more powerful than was expedient' without stating sex, age, or formal status.
tlg0086.tlg003.perseus-eng1::23	unspecified	unspecified	unspecified	unspecified	free	implied	unspecified	unspecified	non_resident	stated	unspecified	unspecified	unspecified	unspecified	persons under sentence of ostracism	The rule mandates residence 'between Geraestus and Scyllaeum' (outside the city), and implies civic/free status through 'civic rights'.
tlg0086.tlg003.perseus-eng1::24	unspecified	unspecified	unspecified	unspecified	unspecified	unspecified	unspecified	unspecified	unspecified	unspecified	unspecified	unspecified	jurymen, bowmen, Knights, members of the Council	stated	persons [maintained]	The text lists specific occupations (jurymen, bowmen, etc.) eligible for maintenance, but doesn't state sex or status of 'persons'.
tlg0086.tlg003.perseus-eng1::25	unspecified	unspecified	unspecified	unspecified	unspecified	unspecified	unspecified	unspecified	unspecified	unspecified	middle	implied	unspecified	unspecified	Zeugitae	The term 'Zeugitae' refers to a specific census/property class; 'higher classes' are also mentioned, anchoring wealth.
tlg0086.tlg003.perseus-eng1::26	unspecified	unspecified	unspecified	unspecified	free	implied	native	stated	unspecified	unspecified	unspecified	unspecified	unspecified	unspecified	no one ... who was not of citizen birth by both parents	The text explicitly states ancestry must be 'citizen birth by both parents' for 'the franchise' (implying free status).
tlg0086.tlg003.perseus-eng1::27	unspecified	unspecified	unspecified	unspecified	unspecified	unspecified	unspecified	unspecified	unspecified	unspecified	unspecified	unspecified	members of the juries	stated	members of the juries	The verbatim names the occupation 'members of the juries' but does not specify sex, status, or age.
tlg0086.tlg003.perseus-eng1::29	unspecified	unspecified	unspecified	unspecified	unspecified	unspecified	unspecified	unspecified	unspecified	unspecified	unspecified	unspecified	magistrates	stated	magistrates	The verbatim applies to 'all magistrates' as an occupation; it mentions archons and prytanes as specific roles.
tlg0086.tlg003.perseus-eng1::30	unspecified	unspecified	unspecified	unspecified	unspecified	unspecified	unspecified	unspecified	unspecified	unspecified	high	implied	unspecified	unspecified	those Athenians who were most capable ... pecuniarily	The text specifies those 'most capable' of serving 'pecuniarily' (wealth=high) and 'Athenians' (free/ancestry implied).
tlg0086.tlg003.perseus-eng1::31	male	implied	adult	stated	unspecified	unspecified	unspecified	unspecified	unspecified	unspecified	unspecified	unspecified	Council	stated	men over thirty years of age	The text explicitly states 'men' (sex) and 'over thirty years of age' (age=adult). The occupation is Council member.
tlg0086.tlg003.perseus-eng1::32	unspecified	unspecified	unspecified	unspecified	unspecified	unspecified	unspecified	unspecified	unspecified	unspecified	middle	implied	military	stated	persons possessing a military equipment	Possession of 'military equipment' implies specific wealth status and the capacity for soldiering (occupation).
tlg0086.tlg003.perseus-eng1::33	unspecified	unspecified	unspecified	unspecified	unspecified	unspecified	unspecified	unspecified	unspecified	unspecified	unspecified	unspecified	public office	stated	public office	The rule targets placeholders of 'any public office' (occupation), stating they shall not receive pay.
tlg0086.tlg003.perseus-eng1::34	male	implied	adult	implied	unspecified	unspecified	unspecified	unspecified	unspecified	unspecified	unspecified	unspecified	unspecified	unspecified	testator	The term 'testator' in this context (leaving property) implies a status usually reserved for adult males. 'Female influence' is cited as a limitation.
tlg0086.tlg003.perseus-eng1::35	unspecified	unspecified	unspecified	unspecified	free	implied	unspecified	unspecified	unspecified	unspecified	high	stated	unspecified	unspecified	citizens eminent for wealth or birth	The verbatim refers to 'citizens' (implying free status) and specifically targets those 'eminent for wealth', which maps c_wealth to 'high'.
tlg0086.tlg003.perseus-eng1::36	unspecified	unspecified	unspecified	unspecified	free	implied	unspecified	unspecified	unspecified	unspecified	unspecified	unspecified	unspecified	unspecified	citizen who was not included in the list of the Three Thousand	The verbatim names 'citizen', which lexically presupposes free ownership status. No other demographic criteria are stated or lexically implied.
tlg0086.tlg003.perseus-eng1::38	unspecified	unspecified	unspecified	unspecified	unspecified	unspecified	unspecified	unspecified	unspecified	unspecified	unspecified	unspecified	unspecified	unspecified	the people except the Three Thousand	The verbatim refers to 'the people' and a specific political list ('Three Thousand'), but does not name or lexically imply sex, age, or specific ancestry.
tlg0086.tlg003.perseus-eng1::39	unspecified	unspecified	unspecified	unspecified	unspecified	unspecified	unspecified	unspecified	resident	stated	unspecified	unspecified	unspecified	unspecified	persons who, having remained in the city... were now anxious to leave it	The verbatim defines the group by their residence ('remained in the city' and moving to 'settle at Eleusis').
tlg0086.tlg003.perseus-eng1::40	unspecified	unspecified	unspecified	unspecified	unspecified	unspecified	unspecified	unspecified	non_resident	stated	unspecified	unspecified	unspecified	unspecified	No one who settled at Eleusis	The verbatim restricts those who 'settled at Eleusis' from Athens office until they register as a 'resident in the city' of Athens.
tlg0086.tlg003.perseus-eng1::41	unspecified	unspecified	unspecified	unspecified	enslaved	implied	unspecified	unspecified	unspecified	unspecified	unspecified	unspecified	unspecified	unspecified	slaves	The word 'slaves' lexically presupposes ownership='enslaved'.
tlg0086.tlg003.perseus-eng1::42	unspecified	unspecified	unspecified	unspecified	unspecified	unspecified	unspecified	unspecified	unspecified	unspecified	unspecified	unspecified	unspecified	unspecified	people	The verbatim mentions 'people' attending the Assembly, which does not lexically force specific demographic values beyond participation.
tlg0086.tlg003.perseus-eng1::43	unspecified	unspecified	adult	stated	free	stated	native	stated	unspecified	unspecified	unspecified	unspecified	unspecified	unspecified	candidates / demesmen	The verbatim states the age ('eighteen'), ownership status ('free born'), and ancestry ('citizen birth by both parents').
tlg0086.tlg003.perseus-eng1::44	unspecified	unspecified	minor	implied	unspecified	unspecified	unspecified	unspecified	unspecified	unspecified	unspecified	unspecified	garrison duty	stated	they [Ephebi]	The verbatim refers to a two-year service period ('these two years') on 'garrison duty'. In context of Athenian 'youth', this implies age=minor/transitional.
tlg0086.tlg003.perseus-eng1::45	unspecified	unspecified	minor	implied	unspecified	unspecified	unspecified	unspecified	unspecified	unspecified	unspecified	unspecified	unspecified	unspecified	wards of state	The verbatim mentions 'wards of state', which lexically presuppose minor age status.
tlg0086.tlg003.perseus-eng1::46	unspecified	unspecified	unspecified	unspecified	unspecified	unspecified	unspecified	unspecified	unspecified	unspecified	unspecified	unspecified	unspecified	unspecified	any one	The verbatim says 'any one' is free to speak, which does not lexically constrain any criterion axis.
tlg0086.tlg003.perseus-eng1::47	unspecified	unspecified	unspecified	unspecified	free	implied	unspecified	unspecified	unspecified	unspecified	unspecified	unspecified	unspecified	unspecified	citizen / person	The word 'citizen' lexically presupposes free ownership status.
tlg0086.tlg003.perseus-eng1::48	unspecified	unspecified	unspecified	unspecified	unspecified	unspecified	unspecified	unspecified	unspecified	unspecified	unspecified	unspecified	unspecified	unspecified	Private individuals	The term 'private individuals' describes people in a non-official capacity but does not constrain sex, age, or wealth.
tlg0086.tlg003.perseus-eng1::49	unspecified	unspecified	unspecified	unspecified	unspecified	unspecified	unspecified	unspecified	unspecified	unspecified	low	stated	unspecified	unspecified	poor man	The verbatim explicitly names a 'poor man' as eligible for the office.
tlg0086.tlg003.perseus-eng1::50	unspecified	unspecified	unspecified	unspecified	unspecified	unspecified	unspecified	unspecified	unspecified	unspecified	low	stated	unspecified	unspecified	persons newly enrolled	The verbatim specifies those 'pecuniarily incapable' (low wealth) as eligible for dismissal from service.
tlg0086.tlg003.perseus-eng1::51	unspecified	unspecified	unspecified	unspecified	unspecified	unspecified	unspecified	unspecified	unspecified	unspecified	low	stated	unspecified	unspecified	infirm paupers	The verbatim states a wealth threshold ('possessing less than three minas') and a physical condition ('crippled').
tlg0086.tlg003.perseus-eng1::53	unspecified	unspecified	elder	stated	unspecified	unspecified	unspecified	unspecified	unspecified	unspecified	unspecified	unspecified	Arbitrator	stated	persons in the sixtieth year of their age	The verbatim states the age ('sixtieth year') and the occupation ('Arbitrator').
tlg0086.tlg003.perseus-eng1::54	unspecified	unspecified	unspecified	unspecified	unspecified	unspecified	unspecified	unspecified	unspecified	unspecified	unspecified	unspecified	magistrate	stated	magistrate	The verbatim explicitly names the occupation 'magistrate' as the subject of the rule.
tlg0086.tlg003.perseus-eng1::55	unspecified	unspecified	unspecified	unspecified	unspecified	unspecified	native	implied	unspecified	unspecified	unspecified	unspecified	unspecified	unspecified	candidate / nine Archons	The list of questions regarding 'father' and 'deme' and 'ancestral Apollo' lexically implies native ancestry.
tlg0086.tlg003.perseus-eng1::56	unspecified	unspecified	unspecified	unspecified	unspecified	unspecified	native	implied	unspecified	unspecified	high	stated	Choregi	stated	richest persons out of the whole body of Athenians	The verbatim states wealth ('richest persons'), ancestry ('Athenians'), and occupation ('Choregi').
tlg0086.tlg003.perseus-eng1::58	unspecified	unspecified	unspecified	unspecified	enslaved	implied	unspecified	unspecified	unspecified	unspecified	unspecified	unspecified	unspecified	unspecified	slave	The verbatim refers to the killing of a 'slave', which lexically implies ownership=enslaved.
tlg0086.tlg003.perseus-eng1::59	unspecified	unspecified	unspecified	unspecified	free	implied	foreign	stated	resident	stated	unspecified	unspecified	unspecified	unspecified	resident alien	The verbatim explicitly names 'resident alien', stating a residence and foreign ancestry; 'alien' in this legal context implies free status.
tlg0086.tlg003.perseus-eng1::60	unspecified	unspecified	unspecified	unspecified	free	implied	foreign	stated	resident	stated	unspecified	unspecified	unspecified	unspecified	resident aliens	The verbatim names 'resident aliens', stating residence and foreign ancestry ('aliens'); 'aliens' in private suits implies free status.
tlg0086.tlg003.perseus-eng1::61	unspecified	unspecified	unspecified	unspecified	enslaved	implied	unspecified	unspecified	unspecified	unspecified	unspecified	unspecified	unspecified	unspecified	slave	The verbatim uses the word 'slave', which lexically implies ownership=enslaved.
tlg0086.tlg003.perseus-eng1::63	unspecified	unspecified	unspecified	unspecified	free	implied	native	implied	unspecified	unspecified	unspecified	unspecified	unspecified	unspecified	mass of citizens	The verbatim refers to the 'mass of citizens'; 'citizen' lexically implies free status and native ancestry in a Greek polity context.
tlg0086.tlg003.perseus-eng1::64	unspecified	unspecified	unspecified	unspecified	free	implied	unspecified	unspecified	unspecified	unspecified	unspecified	unspecified	unspecified	unspecified	members of the Assembly	Membership in a sovereign 'Assembly' for a Greek city-state lexically implies free status ('citizens'), but the verbatim does not state sex or age.
tlg0086.tlg003.perseus-eng1::65	unspecified	unspecified	unspecified	unspecified	free	implied	unspecified	unspecified	unspecified	unspecified	unspecified	unspecified	jurors	stated	jurors	The verbatim names 'jurors' as an occupation/role; in this legal context 'juror' implies free status.
tlg0086.tlg003.perseus-eng1::66	unspecified	unspecified	adult	stated	unspecified	unspecified	unspecified	unspecified	unspecified	unspecified	unspecified	unspecified	jurors	stated	persons above thirty years of age	The verbatim states an age requirement ('above thirty years of age') and the role of 'jurors'.
tlg0086.tlg003.perseus-eng1::67	unspecified	unspecified	adult	stated	unspecified	unspecified	unspecified	unspecified	unspecified	unspecified	low	implied	juror	stated	debtors to the state	The verbatim states an age ('above thirty') and excludes 'debtors to the state', which implies a specific (negative) wealth/financial status.
tlg0086.tlg003.perseus-eng1::68	unspecified	unspecified	unspecified	unspecified	unspecified	unspecified	unspecified	unspecified	unspecified	unspecified	unspecified	unspecified	military offices	stated	military offices	The verbatim identifies individuals holding 'military offices' or 'membership of the Council'.
tlg0086.tlg003.perseus-eng1::69	unspecified	unspecified	unspecified	unspecified	unspecified	unspecified	unspecified	unspecified	unspecified	unspecified	unspecified	unspecified	defendant	stated	defendant	The verbatim names the role of the 'defendant' in a trial.
tlg0086.tlg003.perseus-eng1::70	unspecified	unspecified	unspecified	unspecified	unspecified	unspecified	unspecified	unspecified	unspecified	unspecified	unspecified	unspecified	jurors	stated	jurors	The verbatim identifies the group as 'jurors'.
tlg0086.tlg003.perseus-eng1::71	unspecified	unspecified	unspecified	unspecified	free	implied	native	implied	unspecified	unspecified	high	implied	unspecified	unspecified	Eupatridae, or nobles	'Eupatridae' or 'nobles' lexically implies high wealth, native ancestry, and free status within the context of Archaic Athens.
tlg0086.tlg003.perseus-eng1::72	unspecified	unspecified	unspecified	unspecified	free	implied	unspecified	unspecified	unspecified	unspecified	low	implied	unspecified	unspecified	Thetes	The verbatim mentions 'Thetes' in contrast to those who could own a horse, implying low wealth status and free citizenship.
tlg0086.tlg003.perseus-eng1::73	unspecified	unspecified	unspecified	unspecified	free	implied	unspecified	unspecified	unspecified	unspecified	middle	implied	unspecified	unspecified	Zeugites	The verbatim names the 'Zeugites' as a specific 'order' or class, which lexically implies a defined wealth/social status and free citizenship.
tlg0086.tlg003.perseus-eng1::74	unspecified	unspecified	unspecified	unspecified	unspecified	unspecified	unspecified	unspecified	unspecified	unspecified	unspecified	unspecified	unspecified	unspecified	attendance at the Assembly	The verbatim refers to those who receive pay for 'attendance at the Assembly', which implies a political role, but defines no criteria directly.
tlg0086.tlg003.perseus-eng1::76	female	stated	unspecified	unspecified	free	implied	unspecified	unspecified	unspecified	unspecified	unspecified	unspecified	unspecified	unspecified	daughter	The verbatim names a 'daughter', stating female sex; 'daughter' of a man leaving an estate implies free status.
tlg0086.tlg003.perseus-eng1::77	female	implied	unspecified	unspecified	free	implied	unspecified	unspecified	unspecified	unspecified	low	stated	unspecified	unspecified	heiresses	The verbatim names 'heiresses' (implied female) and explicitly states the condition 'If she was poor' (low wealth).
tlg0086.tlg003.perseus-eng1::78	unspecified	unspecified	unspecified	unspecified	free	implied	unspecified	unspecified	unspecified	unspecified	high	stated	trierarchs	stated	richest men	The verbatim explicitly states the group are the 'richest men' (high wealth/male sex) and identifies the role of 'trierarchs'.
tlg0086.tlg003.perseus-eng1::79	unspecified	unspecified	unspecified	unspecified	free	implied	unspecified	unspecified	unspecified	unspecified	unspecified	unspecified	unspecified	unspecified	any citizen	The verbatim allows 'any citizen' to impeach; 'citizen' lexically implies free status, but does not state sex/age in the verbatim itself.
tlg0086.tlg003.perseus-eng1::80	female	implied	unspecified	unspecified	free	implied	unspecified	unspecified	unspecified	unspecified	unspecified	unspecified	unspecified	unspecified	heiresses	The term 'heiresses' implies female sex and, in this legal context, free status; the verbatim mentions they are 'married' but later have 'children', though age is not explicitly stated.
tlg0086.tlg003.perseus-eng1::81	unspecified	unspecified	unspecified	unspecified	unspecified	unspecified	foreign	implied	resident	stated	unspecified	unspecified	unspecified	unspecified	alien resident	The verbatim states 'resident' and uses 'alien', which lexically implies foreign ancestry.
tlg0086.tlg003.perseus-eng1::82	male	implied	elder	implied	unspecified	unspecified	unspecified	unspecified	unspecified	unspecified	unspecified	unspecified	unspecified	unspecified	arbitrator	The masculine pronoun 'he' implies male sex; the phrase 'last year of his cycle' of service following 'soldier' duties implies an elder age relative to the service bracket.
tlg0086.tlg003.perseus-eng1::83	male	implied	unspecified	unspecified	free	implied	unspecified	unspecified	unspecified	unspecified	high	stated	unspecified	unspecified	rich men	The verbatim explicitly states 'rich men', which names both high wealth and male sex; 'men' implies free status.
tlg0086.tlg035.perseus-eng2::5	female	stated	unspecified	unspecified	unspecified	unspecified	unspecified	unspecified	unspecified	unspecified	unspecified	unspecified	unspecified	unspecified	female	The verbatim explicitly names the 'female' as the subject of the rule.
tlg0086.tlg035.perseus-eng2::7	unspecified	unspecified	unspecified	unspecified	enslaved	stated	foreign	stated	unspecified	unspecified	unspecified	unspecified	unspecified	unspecified	barbarians	The verbatim states that 'barbarians' (foreign ancestry) are 'slaves' (enslaved ownership status).
tlg0086.tlg035.perseus-eng2::8	unspecified	unspecified	unspecified	unspecified	unspecified	unspecified	unspecified	unspecified	unspecified	unspecified	high	stated	unspecified	unspecified	people rich enough	The verbatim states 'people rich enough to be able to avoid personal trouble', indicating a high wealth criterion.
tlg0086.tlg035.perseus-eng2::10	unspecified	unspecified	unspecified	unspecified	unspecified	unspecified	foreign	stated	unspecified	unspecified	unspecified	unspecified	unspecified	unspecified	barbarian tribes	The verbatim names 'barbarian tribes', which implies foreign ancestry relative to the Greek context of the source.
tlg0086.tlg035.perseus-eng2::11	female	stated	unspecified	unspecified	unspecified	unspecified	unspecified	unspecified	unspecified	unspecified	unspecified	unspecified	unspecified	unspecified	female	The verbatim explicitly names the 'female' relative to the male parent/ruler.
tlg0086.tlg035.perseus-eng2::12	unspecified	unspecified	minor	stated	free	implied	unspecified	unspecified	unspecified	unspecified	unspecified	unspecified	unspecified	unspecified	children	The verbatim names 'children' and 'immature', stating a minor age status; within a household context, children are implied free.
tlg0086.tlg035.perseus-eng2::14	unspecified	unspecified	unspecified	unspecified	unspecified	unspecified	unspecified	unspecified	unspecified	unspecified	unspecified	unspecified	unspecified	unspecified	states	The verbatim refers to 'states' as the actor; no specific individual human criteria are mentioned.
tlg0086.tlg035.perseus-eng2::15	unspecified	unspecified	unspecified	unspecified	enslaved	stated	unspecified	unspecified	unspecified	unspecified	unspecified	unspecified	unspecified	unspecified	slave	The verbatim explicitly names the 'slave', which states an enslaved ownership status.
tlg0086.tlg035.perseus-eng2::16	female	stated	adult	implied	free	implied	unspecified	unspecified	unspecified	unspecified	unspecified	unspecified	unspecified	unspecified	female	The verbatim explicitly names the 'female'; in this contrast with 'slave' and 'child', it implies a free adult status.
tlg0086.tlg035.perseus-eng2::18	unspecified	unspecified	unspecified	unspecified	free	stated	unspecified	unspecified	unspecified	unspecified	unspecified	unspecified	unspecified	unspecified	the free and equal	The verbatim names 'the free' directly, indicating ownership status.
tlg0086.tlg035.perseus-eng2::19	unspecified	unspecified	unspecified	unspecified	free	implied	native	implied	resident	implied	unspecified	unspecified	unspecified	unspecified	citizens	'Citizens' implies free status and native ancestry; the 'common locality' of the 'single city' implies residence.
tlg0086.tlg035.perseus-eng2::20	unspecified	unspecified	unspecified	unspecified	unspecified	unspecified	unspecified	unspecified	unspecified	unspecified	unspecified	unspecified	Guardians	stated	Guardians	The verbatim names the 'Guardians' as the specific group/occupation in scope.
tlg0086.tlg035.perseus-eng2::22	unspecified	unspecified	unspecified	unspecified	free	implied	unspecified	unspecified	unspecified	unspecified	unspecified	unspecified	unspecified	unspecified	friends	The verbatim describes 'individuals' owning property and 'friends' using it; ownership implies free status.
tlg0086.tlg035.perseus-eng2::24	unspecified	unspecified	unspecified	unspecified	enslaved	stated	unspecified	unspecified	unspecified	unspecified	unspecified	unspecified	unspecified	unspecified	slaves	The verbatim explicitly names 'slaves', which states an enslaved ownership status.
tlg0086.tlg035.perseus-eng2::25	unspecified	unspecified	unspecified	unspecified	unspecified	unspecified	unspecified	unspecified	unspecified	unspecified	unspecified	unspecified	Guardians	stated	Guardians	The verbatim names the 'Guardians' and their exemption from the work of agriculture.
tlg0086.tlg035.perseus-eng2::27	unspecified	unspecified	unspecified	unspecified	unspecified	unspecified	unspecified	unspecified	unspecified	unspecified	unspecified	unspecified	class that bears arms	stated	class that bears arms	The verbatim explicitly names the 'class that bears arms' as the group from which government is constituted.
tlg0086.tlg035.perseus-eng2::28	unspecified	unspecified	unspecified	unspecified	unspecified	unspecified	unspecified	unspecified	unspecified	unspecified	low	implied	unspecified	unspecified	common people	The term 'common people' (associated with the 'element of democracy') implies a lower wealth or status group compared to kings and oligarchy.
tlg0086.tlg035.perseus-eng2::29	unspecified	unspecified	unspecified	unspecified	unspecified	unspecified	unspecified	unspecified	unspecified	unspecified	unspecified	unspecified	unspecified	unspecified	others	The verbatim refers only to 'others' and 'public mess-tables' without specifying criteria for those involved.
tlg0086.tlg035.perseus-eng2::30	unspecified	unspecified	unspecified	unspecified	free	implied	unspecified	unspecified	unspecified	unspecified	high	stated	unspecified	unspecified	richer citizens	The verbatim explicitly names 'richer' (wealth) and 'citizens' (implied free status).
tlg0086.tlg035.perseus-eng2::31	unspecified	unspecified	unspecified	unspecified	unspecified	unspecified	unspecified	unspecified	unspecified	unspecified	high	stated	magistrates	stated	wealthy	The verbatim names 'wealthy' and 'highest of the classes assessed by wealth' (wealth) for those filling 'magistrates' positions (occupation).
tlg0086.tlg035.perseus-eng2::33	unspecified	unspecified	unspecified	unspecified	unspecified	unspecified	unspecified	unspecified	unspecified	unspecified	unspecified	unspecified	unspecified	unspecified	individual	The verbatim refers generally to an 'individual' or 'a man' in the context of land sale; no specific demographic criteria are named or lexically forced.
tlg0086.tlg035.perseus-eng2::36	unspecified	unspecified	minor	implied	unspecified	unspecified	unspecified	unspecified	unspecified	unspecified	unspecified	unspecified	unspecified	unspecified	children of those who died in war	The word 'children' lexically presupposes minor age; their parents are defined by their fate in war.
tlg0086.tlg035.perseus-eng2::37	unspecified	unspecified	unspecified	unspecified	unspecified	unspecified	unspecified	unspecified	unspecified	unspecified	unspecified	unspecified	unspecified	unspecified	defendant	The verbatim applies to a 'defendant' in a murder trial; no demographic traits are specified.
tlg0086.tlg035.perseus-eng2::38	unspecified	unspecified	unspecified	unspecified	enslaved	implied	unspecified	unspecified	unspecified	unspecified	unspecified	unspecified	unspecified	unspecified	serf class	The term 'serf class' lexically implies a status of being enslaved or bound to service.
tlg0086.tlg035.perseus-eng2::39	female	stated	adult	implied	free	implied	unspecified	unspecified	unspecified	unspecified	unspecified	unspecified	unspecified	unspecified	women	The verbatim states 'women' (sex) and contrasts them with 'wife' or households, implying adult free status.
tlg0086.tlg035.perseus-eng2::40	female	stated	unspecified	unspecified	unspecified	unspecified	unspecified	unspecified	unspecified	unspecified	high	implied	unspecified	unspecified	women	The verbatim states 'women' (sex) and references 'estates' and 'large dowries', implying high wealth.
tlg0086.tlg035.perseus-eng2::41	female	implied	unspecified	unspecified	unspecified	unspecified	unspecified	unspecified	unspecified	unspecified	unspecified	unspecified	unspecified	unspecified	heiress	The word 'heiress' lexically presupposes female sex; no other criteria are forced by the verbatim alone.
tlg0086.tlg035.perseus-eng2::42	male	implied	adult	implied	unspecified	unspecified	unspecified	unspecified	unspecified	unspecified	unspecified	unspecified	unspecified	unspecified	man	The word 'man' and 'father' implies male sex and adult age.
tlg0086.tlg035.perseus-eng2::43	unspecified	unspecified	unspecified	unspecified	unspecified	unspecified	unspecified	unspecified	unspecified	unspecified	any	stated	Ephors	stated	entire people	The text states the office is from the 'entire people' including 'very poor men', indicating wealth is not a barrier (wealth=any).
tlg0086.tlg035.perseus-eng2::44	unspecified	unspecified	unspecified	unspecified	free	implied	unspecified	unspecified	unspecified	unspecified	middle	implied	unspecified	unspecified	citizenship	The verbatim ties 'citizenship' (implied free) to the ability to 'pay this tax', excluding the 'very poor' (implying a wealth threshold).
tlg0086.tlg035.perseus-eng2::45	unspecified	unspecified	elder	implied	unspecified	unspecified	unspecified	unspecified	unspecified	unspecified	unspecified	unspecified	Elders	stated	Elders	The term 'Elders' lexically presupposes an older age; their role is a specific office (occupation).
tlg0086.tlg035.perseus-eng2::46	unspecified	unspecified	unspecified	unspecified	free	implied	unspecified	unspecified	unspecified	unspecified	middle	implied	unspecified	unspecified	citizen	The verbatim ties participation in government to a 'fixed poll-tax', implies free status (citizen) and a minimum wealth level.
tlg0086.tlg035.perseus-eng2::47	any	stated	any	stated	free	implied	unspecified	unspecified	unspecified	unspecified	unspecified	unspecified	unspecified	unspecified	citizens	The verbatim names 'all the citizens... women and children as well as men', explicitly stating all sexes and ages are included.
tlg0086.tlg035.perseus-eng2::48	unspecified	unspecified	unspecified	unspecified	unspecified	unspecified	unspecified	unspecified	unspecified	unspecified	unspecified	unspecified	unspecified	unspecified	members of the Assembly	The verbatim refers to 'all' members of the Assembly; without further context, it does not name specific demographic criteria.
tlg0086.tlg035.perseus-eng2::49	unspecified	unspecified	unspecified	unspecified	unspecified	unspecified	native	implied	unspecified	unspecified	unspecified	unspecified	Cosmi	stated	certain clans	Restriction to 'certain clans' implies an ancestry-based criterion; 'Cosmi' is the occupation (office).
tlg0086.tlg035.perseus-eng2::50	unspecified	unspecified	unspecified	unspecified	unspecified	unspecified	unspecified	unspecified	unspecified	unspecified	unspecified	unspecified	unspecified	unspecified	anybody who wishes	The verbatim says 'anybody who wishes' in the context of 'the people' in the Assembly; no demographic limits are stated.
tlg0086.tlg035.perseus-eng2::51	unspecified	unspecified	unspecified	unspecified	unspecified	unspecified	unspecified	unspecified	unspecified	unspecified	high	stated	unspecified	unspecified	kings and of the generals	The verbatim states that elections are made with an eye to 'wealth' for high offices, making 'wealth more honored than worth'.
tlg0086.tlg035.perseus-eng2::52	unspecified	unspecified	unspecified	unspecified	unspecified	unspecified	unspecified	unspecified	unspecified	unspecified	high	stated	unspecified	unspecified	Five-hundred-bushel class and the Teamsters and a third property-class called the Knighthood	The text lists specific property classes ('Five-hundred-bushel class', etc.) and states the 'Thetes' (lowest wealth class) were admitted to no office.
tlg0086.tlg035.perseus-eng2::53	unspecified	unspecified	unspecified	unspecified	free	implied	unspecified	unspecified	unspecified	unspecified	unspecified	unspecified	unspecified	unspecified	citizens	The word 'citizens' lexically presupposes free ownership status; the verbatim does not specify sex, age, or ancestry.
tlg0086.tlg035.perseus-eng2::54	unspecified	unspecified	unspecified	unspecified	free	implied	foreign	implied	resident	stated	unspecified	unspecified	unspecified	unspecified	resident aliens	The term 'resident aliens' states residence and implies foreign ancestry and free status (as they share in legal procedures).
tlg0086.tlg035.perseus-eng2::56	unspecified	unspecified	elder	stated	free	implied	unspecified	unspecified	unspecified	unspecified	unspecified	unspecified	unspecified	unspecified	old men	The verbatim states 'old men' and 'superannuated', identifying age as the criterion. 'Citizens' implies free status.
tlg0086.tlg035.perseus-eng2::57	female	implied	unspecified	unspecified	free	implied	unspecified	unspecified	unspecified	unspecified	unspecified	unspecified	unspecified	unspecified	heiresses	The word 'heiresses' lexically presupposes female sex and (in this context) free status.
tlg0086.tlg035.perseus-eng2::59	unspecified	unspecified	unspecified	unspecified	free	implied	native	implied	unspecified	unspecified	unspecified	unspecified	unspecified	unspecified	child of citizens on both sides	The requirement of being a child of a 'citizen father' and 'citizen mother' implies native ancestry and free status.
tlg0086.tlg035.perseus-eng2::62	unspecified	unspecified	unspecified	unspecified	unspecified	unspecified	unspecified	unspecified	unspecified	unspecified	unspecified	unspecified	manual laborers	stated	manual laborers	The verbatim explicitly names 'manual laborers' as the group excluded from office based on their occupation.
tlg0086.tlg035.perseus-eng2::65	unspecified	unspecified	unspecified	unspecified	unspecified	unspecified	unspecified	unspecified	unspecified	unspecified	low	implied	hired laborer	stated	hired laborer	The verbatim specifies 'hired laborer' as an occupation. Poverty is implied as they fail 'high property-assessments'.
tlg0086.tlg035.perseus-eng2::66	unspecified	unspecified	unspecified	unspecified	unspecified	unspecified	unspecified	unspecified	unspecified	unspecified	unspecified	unspecified	trade	stated	no one who had not kept out of trade	The verbatim explicitly names 'trade' as the activity/occupation that disqualifies someone from office.
tlg0086.tlg035.perseus-eng2::67	unspecified	unspecified	unspecified	unspecified	free	implied	native	implied	unspecified	unspecified	unspecified	unspecified	unspecified	unspecified	children of citizens on both sides	Dual-citizen parentage implies native ancestry and free status; the text also mentions excluding sons of 'slave' mothers.
tlg0086.tlg035.perseus-eng2::68	unspecified	unspecified	unspecified	unspecified	unspecified	unspecified	unspecified	unspecified	unspecified	unspecified	high	stated	unspecified	unspecified	those that own the properties	The verbatim defines control of government as belonging to those who 'own the properties' or 'wealth'.
tlg0086.tlg035.perseus-eng2::69	unspecified	unspecified	unspecified	unspecified	unspecified	unspecified	unspecified	unspecified	unspecified	unspecified	low	stated	unspecified	unspecified	the poor	The verbatim explicitly defines democracy as being in the hands of 'the poor' who 'do not possess much property'.
tlg0086.tlg035.perseus-eng2::70	unspecified	unspecified	unspecified	unspecified	free	stated	unspecified	unspecified	unspecified	unspecified	unspecified	unspecified	unspecified	unspecified	all men [who] possess freedom	The verbatim identifies 'freedom' as the ground for claiming a share in government, stating 'all men possess freedom'.
tlg0086.tlg035.perseus-eng2::71	unspecified	unspecified	unspecified	unspecified	enslaved	implied	unspecified	unspecified	unspecified	unspecified	unspecified	unspecified	unspecified	unspecified	slaves	The word 'slaves' lexically presupposes ownership='enslaved'; they are noted as having no share in the state.
tlg0086.tlg035.perseus-eng2::72	unspecified	unspecified	unspecified	unspecified	unspecified	unspecified	unspecified	unspecified	unspecified	unspecified	high	stated	unspecified	unspecified	champions of oligarchy	The verbatim states that a share in the state is 'proportionate to their share in the property', tying status to wealth.
tlg0086.tlg035.perseus-eng2::73	unspecified	unspecified	unspecified	unspecified	free	implied	unspecified	unspecified	unspecified	unspecified	low	stated	unspecified	unspecified	freemen, the mass of the citizens	The verbatim refers to 'freemen' (implied free) who are 'not rich' and 'in poverty' (stated low wealth).
tlg0086.tlg035.perseus-eng2::75	unspecified	unspecified	unspecified	unspecified	free	implied	unspecified	unspecified	unspecified	unspecified	unspecified	unspecified	unspecified	unspecified	common citizens	The word 'citizens' lexically implies free status; the verbatim refers to their role in auditing magistrates.
tlg0086.tlg035.perseus-eng2::76	unspecified	unspecified	unspecified	unspecified	free	implied	unspecified	unspecified	unspecified	unspecified	unspecified	unspecified	unspecified	unspecified	common citizens	The word 'citizens' lexically implies free status; the verbatim refers to their role in the 'election of the magistrates'.
tlg0086.tlg035.perseus-eng2::77	unspecified	unspecified	unspecified	unspecified	unspecified	unspecified	unspecified	unspecified	unspecified	unspecified	high	stated	unspecified	unspecified	persons of large property	The verbatim explicitly states that highest magistracies are drawn from 'persons of large property'.
tlg0086.tlg035.perseus-eng2::78	unspecified	unspecified	any	stated	unspecified	unspecified	unspecified	unspecified	unspecified	unspecified	low	stated	unspecified	unspecified	persons of a low property-assessment	The verbatim explicitly mentions 'low property-assessment' for wealth and 'any age' for the age criterion.
tlg0086.tlg035.perseus-eng2::79	male	implied	unspecified	unspecified	free	stated	unspecified	unspecified	unspecified	unspecified	high	stated	unspecified	unspecified	well-born, free and wealthy	The text explicitly names 'free' and 'wealthy'; 'free men' lexically implies male sex.
tlg0086.tlg035.perseus-eng2::80	unspecified	unspecified	unspecified	unspecified	free	stated	native	implied	unspecified	unspecified	high	stated	unspecified	unspecified	the rich, the free and well-born	The text explicitly mentions 'the rich' and 'the free'; 'well-born' and 'citizen' (in context of land) imply native ancestry.
tlg0086.tlg035.perseus-eng2::81	male	implied	unspecified	unspecified	unspecified	unspecified	unspecified	unspecified	resident	implied	high	stated	unspecified	unspecified	men thought to be outstandingly powerful on account of wealth	The text mentions 'men' (sex=male) and 'wealth' (wealth=high); banishment from the city implies they were residents.
tlg0086.tlg035.perseus-eng2::83	male	implied	unspecified	unspecified	unspecified	unspecified	unspecified	unspecified	unspecified	unspecified	high	stated	unspecified	unspecified	rich men	The verbatim explicitly identifies 'rich men' as the governing class, stating wealth and implying male sex.
tlg0086.tlg035.perseus-eng2::84	unspecified	unspecified	unspecified	unspecified	free	implied	native	implied	resident	implied	unspecified	unspecified	unspecified	unspecified	citizens in arms	'Citizens' lexically implies free status and native ancestry; serving in a domestic bodyguard implies residency.
tlg0086.tlg035.perseus-eng2::85	unspecified	unspecified	unspecified	unspecified	unspecified	unspecified	foreign	stated	unspecified	unspecified	unspecified	unspecified	unspecified	unspecified	barbarians / asiatics	The text identifies 'barbarians' and 'Asiatics' (non-Greeks), stating a foreign/non-native ancestry relative to the Greek context.
tlg0086.tlg035.perseus-eng2::86	unspecified	unspecified	unspecified	unspecified	free	implied	native	implied	resident	implied	unspecified	unspecified	unspecified	unspecified	citizens assembled	'Citizens' lexically implies free status and native ancestry; being 'assembled' to hear lawsuits implies residency.
tlg0086.tlg035.perseus-eng2::88	unspecified	unspecified	unspecified	unspecified	unspecified	unspecified	unspecified	unspecified	unspecified	unspecified	high	stated	unspecified	unspecified	those who brought wealth into honor	The text explicitly links political honor to 'wealth', stating a high wealth criterion.
tlg0086.tlg035.perseus-eng2::89	unspecified	unspecified	unspecified	unspecified	unspecified	unspecified	unspecified	unspecified	unspecified	unspecified	unspecified	unspecified	magistrates	stated	magistrates	The verbatim names the 'magistrates' as the specific group empowered to decide and amend the code.
tlg0086.tlg035.perseus-eng2::91	unspecified	unspecified	unspecified	unspecified	unspecified	unspecified	unspecified	unspecified	unspecified	unspecified	high	stated	unspecified	unspecified	well-to-do	The text explicitly labels the group as the 'well-to-do', which states high wealth.
tlg0086.tlg035.perseus-eng2::93	unspecified	unspecified	unspecified	unspecified	unspecified	unspecified	unspecified	unspecified	unspecified	unspecified	unspecified	unspecified	unspecified	unspecified	N/A	No verbatim provided; cannot determine criteria from text.
tlg0086.tlg035.perseus-eng2::94	unspecified	unspecified	unspecified	unspecified	unspecified	unspecified	unspecified	unspecified	unspecified	unspecified	unspecified	unspecified	unspecified	unspecified	N/A	No verbatim provided; cannot determine criteria from text.
tlg0086.tlg035.perseus-eng2::95	unspecified	unspecified	unspecified	unspecified	unspecified	unspecified	unspecified	unspecified	unspecified	unspecified	unspecified	unspecified	unspecified	unspecified	N/A	No verbatim provided; cannot determine criteria from text.
tlg0086.tlg035.perseus-eng2::96	unspecified	unspecified	unspecified	unspecified	unspecified	unspecified	unspecified	unspecified	unspecified	unspecified	unspecified	unspecified	unspecified	unspecified	N/A	No verbatim provided; cannot determine criteria from text.
tlg0086.tlg035.perseus-eng2::97	unspecified	unspecified	unspecified	unspecified	unspecified	unspecified	unspecified	unspecified	unspecified	unspecified	unspecified	unspecified	unspecified	unspecified	N/A	No verbatim provided; cannot determine criteria from text.
tlg0086.tlg035.perseus-eng2::98	male	implied	unspecified	unspecified	unspecified	unspecified	unspecified	unspecified	unspecified	unspecified	high	stated	unspecified	unspecified	man who acquires the specified amount	The text specifies 'property qualifications' (wealth) and uses the word 'man' (implied/stated male sex).
tlg0086.tlg035.perseus-eng2::99	unspecified	unspecified	unspecified	unspecified	free	implied	native	stated	unspecified	unspecified	unspecified	unspecified	unspecified	unspecified	citizens that are not open to challenge on the score of birth	The verbatim states 'not open to challenge on the score of birth' regarding ancestry; 'citizen' implies free status.
tlg0086.tlg035.perseus-eng2::100	unspecified	unspecified	unspecified	unspecified	unspecified	unspecified	unspecified	unspecified	unspecified	unspecified	low	stated	unspecified	unspecified	poor who are the majority	The text explicitly names 'the poor' in the context of being excluded by high property assessments.
tlg0086.tlg035.perseus-eng2::101	unspecified	unspecified	unspecified	unspecified	unspecified	unspecified	native	implied	unspecified	unspecified	unspecified	unspecified	magistrates	implied	son / father / magistrates	The text describes 'son succeeds father', implying a hereditary system (ancestry/birth) for office (magistrates).
tlg0086.tlg035.perseus-eng2::102	unspecified	unspecified	unspecified	unspecified	free	implied	unspecified	unspecified	unspecified	unspecified	low	stated	unspecified	unspecified	poor citizens	The verbatim explicitly mentions 'citizens' (implied free) and specifies 'the poor' (stated status) as the beneficiaries of pay.
tlg0086.tlg035.perseus-eng2::103	unspecified	unspecified	unspecified	unspecified	unspecified	unspecified	unspecified	unspecified	unspecified	unspecified	middle	stated	unspecified	unspecified	persons participating in the government	The verbatim describes a middle wealth tier: having 'not so much property as to be idle' yet enough not to be 'at the expense of the state'.
tlg0086.tlg035.perseus-eng2::104	unspecified	unspecified	unspecified	unspecified	unspecified	unspecified	unspecified	unspecified	unspecified	unspecified	high	stated	unspecified	unspecified	officials	The verbatim states that officials are elected 'by wealth', explicitly naming wealth as a criterion for eligibility.
tlg0086.tlg035.perseus-eng2::105	unspecified	unspecified	unspecified	unspecified	unspecified	unspecified	unspecified	unspecified	unspecified	unspecified	high	stated	unspecified	unspecified	the rich	The verbatim explicitly names 'the rich' as the class subject to a fine for not serving on juries.
tlg0086.tlg035.perseus-eng2::106	unspecified	unspecified	unspecified	unspecified	unspecified	unspecified	unspecified	unspecified	unspecified	unspecified	low	stated	unspecified	unspecified	the poor	The verbatim explicitly states that democracies 'assign pay for the poor' for serving.
tlg0086.tlg035.perseus-eng2::107	unspecified	unspecified	unspecified	unspecified	unspecified	unspecified	unspecified	unspecified	unspecified	unspecified	unspecified	unspecified	unspecified	unspecified	those who have a share in the government	The verbatim describes the group generically as 'those who have a share in the government' without naming sex, age, or wealth.
tlg0086.tlg035.perseus-eng2::108	unspecified	unspecified	unspecified	unspecified	unspecified	unspecified	unspecified	unspecified	unspecified	unspecified	low	stated	unspecified	unspecified	membership of the assembly	The verbatim mentions 'no property-qualification at all or a quite small one', which names a low wealth threshold.
tlg0086.tlg035.perseus-eng2::109	male	stated	minor	stated	unspecified	unspecified	unspecified	unspecified	unspecified	unspecified	any	stated	unspecified	unspecified	sons of the rich and poor	The verbatim names sex ('sons'/'boys'), age ('rearing of boys'), and wealth ('sons of the rich... as those of the poor') as having identical treatment.
tlg0086.tlg035.perseus-eng2::110	male	implied	unspecified	unspecified	unspecified	unspecified	unspecified	unspecified	unspecified	unspecified	any	stated	unspecified	unspecified	rich man and poor man	The verbatim specifies 'man' (sex) and states 'there is nothing that distinguishes the rich man from the poor man', implying wealth status is irrelevant for mess participation.
tlg0086.tlg035.perseus-eng2::111	unspecified	unspecified	unspecified	unspecified	unspecified	unspecified	unspecified	unspecified	unspecified	unspecified	low	stated	unspecified	unspecified	common people	The verbatim refers to 'common people' in the context of share in offices, which in this Greek political register names the non-elite/poor.
tlg0086.tlg035.perseus-eng2::113	unspecified	unspecified	unspecified	unspecified	free	implied	unspecified	unspecified	unspecified	unspecified	middle	stated	unspecified	unspecified	citizens of the middle class	The verbatim explicitly names 'citizens' (implied free) and 'middle class' (stated wealth level).
tlg0086.tlg035.perseus-eng2::114	unspecified	unspecified	unspecified	unspecified	unspecified	unspecified	unspecified	unspecified	unspecified	unspecified	high	stated	unspecified	unspecified	the well-to-do	The verbatim explicitly limits the 'imposition of a fine' for non-attendance to the 'well-to-do'.
tlg0086.tlg035.perseus-eng2::115	unspecified	unspecified	unspecified	unspecified	unspecified	unspecified	unspecified	unspecified	unspecified	unspecified	low	stated	unspecified	unspecified	the poor	The verbatim explicitly states 'the poor have this right' in contrast to 'owners of rated property'.
tlg0086.tlg035.perseus-eng2::116	unspecified	unspecified	unspecified	unspecified	unspecified	unspecified	unspecified	unspecified	unspecified	unspecified	high	stated	unspecified	unspecified	the well-to-do	The verbatim names 'the well-to-do' and 'the rich' (implied by the contrast) as the subjects of the fine.
tlg0086.tlg035.perseus-eng2::117	unspecified	unspecified	unspecified	unspecified	unspecified	unspecified	unspecified	unspecified	unspecified	unspecified	low	stated	unspecified	unspecified	the poor	The verbatim specifies 'the poor' are not allowed to possess arms, while 'the well-to-do' are required to.
tlg0086.tlg035.perseus-eng2::118	unspecified	unspecified	unspecified	unspecified	unspecified	unspecified	unspecified	unspecified	unspecified	unspecified	high	stated	unspecified	unspecified	the well-to-do	The verbatim states 'the well-to-do are liable to a fine' for failing to participate in gymnastics.
tlg0086.tlg035.perseus-eng2::119	unspecified	unspecified	unspecified	unspecified	unspecified	unspecified	unspecified	unspecified	unspecified	unspecified	low	stated	unspecified	unspecified	the poor	The verbatim specifies 'pay for the poor' as the device used in democracies for assembly and jury service.
tlg0086.tlg035.perseus-eng2::120	unspecified	unspecified	unspecified	unspecified	unspecified	unspecified	unspecified	unspecified	unspecified	unspecified	low	stated	unspecified	unspecified	those who are poor	The verbatim explicitly names 'those who are poor' as the group in question.
tlg0086.tlg035.perseus-eng2::121	unspecified	unspecified	unspecified	unspecified	free	implied	unspecified	unspecified	unspecified	unspecified	any	stated	unspecified	unspecified	all the citizens	By stating 'all the citizens' (implied free) form the body, the text implies wealth status is not a barrier (wealth=any) to membership.
tlg0086.tlg035.perseus-eng2::122	unspecified	unspecified	unspecified	unspecified	unspecified	unspecified	unspecified	unspecified	unspecified	unspecified	low	stated	unspecified	unspecified	the poor	The verbatim states 'payment for attendance for the benefit of the poor'.
tlg0086.tlg035.perseus-eng2::123	unspecified	unspecified	unspecified	unspecified	unspecified	unspecified	unspecified	unspecified	unspecified	unspecified	low	stated	unspecified	unspecified	the poor	The verbatim explicitly names 'the poor' as the beneficiaries of the payment for attendance.
tlg0086.tlg035.perseus-eng2::124	unspecified	unspecified	unspecified	unspecified	free	implied	unspecified	unspecified	unspecified	unspecified	unspecified	unspecified	unspecified	unspecified	citizens	The word 'citizens' lexically presupposes free status; no other axes are constrained by the verbatim.
tlg0086.tlg035.perseus-eng2::125	female	implied	adult	implied	free	implied	unspecified	unspecified	unspecified	unspecified	high	stated	unspecified	unspecified	wives of oligarchic rulers	The word 'wives' implies female sex and adult age; 'luxurious' and 'rulers' state high wealth/status; status as wives of rulers implies free status.
tlg0086.tlg035.perseus-eng2::127	unspecified	unspecified	unspecified	unspecified	unspecified	unspecified	native	implied	unspecified	unspecified	unspecified	unspecified	unspecified	unspecified	hereditary [offices]	The word 'hereditary' lexically presupposes a constraint on ancestry/lineage.
tlg0086.tlg035.perseus-eng2::128	unspecified	unspecified	unspecified	unspecified	free	implied	unspecified	unspecified	unspecified	unspecified	unspecified	unspecified	unspecified	unspecified	citizens	The term 'citizens' lexically presupposes free status; 'drawn from all' explicitly removes wealth/class barriers for this group.
tlg0086.tlg035.perseus-eng2::130	unspecified	unspecified	unspecified	unspecified	unspecified	unspecified	unspecified	unspecified	unspecified	unspecified	high	implied	unspecified	unspecified	oligarchs	The text links 'oligarchs' to being 'unequal in property', implying a high wealth criterion.
tlg0086.tlg035.perseus-eng2::131	unspecified	unspecified	unspecified	unspecified	unspecified	unspecified	native	implied	unspecified	unspecified	high	stated	unspecified	unspecified	noble	The text defines 'noble' via 'ancestral virtue' (implied ancestry) and 'wealth' (stated wealth).
tlg0086.tlg035.perseus-eng2::133	unspecified	unspecified	unspecified	unspecified	unspecified	unspecified	unspecified	unspecified	resident	implied	unspecified	unspecified	unspecified	unspecified	persons in the state so greatly predominant	The rule involves 'temporary banishment' from 'the state', which presupposes the subject was a resident.
tlg0086.tlg035.perseus-eng2::134	unspecified	unspecified	unspecified	unspecified	free	implied	unspecified	unspecified	unspecified	unspecified	high	implied	unspecified	unspecified	notables	The term 'notables' implies high status/wealth; as part of the 'muster-roll' of 'citizens', free status is implied.
tlg0086.tlg035.perseus-eng2::135	unspecified	unspecified	unspecified	unspecified	unspecified	unspecified	unspecified	unspecified	unspecified	unspecified	low	stated	unspecified	unspecified	men [holding] office	The verbatim mentions 'property-qualification' and those with 'none at all', explicitly constraining the wealth axis.
tlg0086.tlg035.perseus-eng2::136	unspecified	unspecified	unspecified	unspecified	unspecified	unspecified	foreign	stated	resident	implied	unspecified	unspecified	unspecified	unspecified	those who had settled there with them	Being 'ejected' from a country where they 'settled' implies residence; being distinct from those whose land is 'their own' states foreign ancestry.
tlg0086.tlg035.perseus-eng2::137	female	implied	unspecified	unspecified	free	implied	unspecified	unspecified	unspecified	unspecified	high	stated	unspecified	unspecified	heiresses	'Heiresses' and 'daughters' imply female sex and (usually) free status; 'wealthy citizen' states high wealth status for the family.
tlg0086.tlg035.perseus-eng2::138	unspecified	unspecified	unspecified	unspecified	unspecified	unspecified	unspecified	unspecified	resident	implied	high	implied	unspecified	unspecified	notables	'Notables' implies high wealth/status; 'expelling' them to make them 'exiles' implies they were previously residents.
tlg0086.tlg035.perseus-eng2::139	unspecified	unspecified	unspecified	unspecified	unspecified	unspecified	unspecified	unspecified	unspecified	unspecified	high	stated	unspecified	unspecified	the wealthy	The verbatim explicitly names 'the wealthy' and mentions their 'estates' and 'revenues'.
tlg0086.tlg035.perseus-eng2::140	unspecified	unspecified	unspecified	unspecified	unspecified	unspecified	unspecified	unspecified	unspecified	unspecified	any	stated	unspecified	unspecified	men ambitious of office	The text states magistracies are 'not on property-assessments', implying any wealth level is permitted.
tlg0086.tlg035.perseus-eng2::141	male	implied	any	stated	unspecified	unspecified	unspecified	unspecified	unspecified	unspecified	unspecified	unspecified	unspecified	unspecified	older brothers ... younger ones ... father and a son	Kinship terms 'brothers', 'father', 'son' imply male sex; 'older' and 'younger' state age-based distinctions within the group.
tlg0086.tlg035.perseus-eng2::143	unspecified	unspecified	unspecified	unspecified	free	implied	unspecified	unspecified	unspecified	unspecified	high	stated	unspecified	unspecified	citizens	The text names a 'property-qualification' for 'the council' and 'tenure of... offices', and mentions 'citizens' (implied free).
tlg0086.tlg035.perseus-eng2::144	unspecified	unspecified	unspecified	unspecified	unspecified	unspecified	unspecified	unspecified	unspecified	unspecified	high	stated	unspecified	unspecified	notables	The verbatim mentions 'property-qualification for honors' and 'notables', explicitly constraining wealth.
tlg0086.tlg035.perseus-eng2::145	male	implied	unspecified	unspecified	unspecified	unspecified	unspecified	unspecified	unspecified	unspecified	unspecified	unspecified	general	stated	younger men ... office of general	The text refers to the 'office of general' (occupation) and 'younger men' (implied male).
tlg0086.tlg035.perseus-eng2::152	unspecified	unspecified	unspecified	unspecified	unspecified	unspecified	native	implied	unspecified	unspecified	unspecified	unspecified	king	stated	distinguished	The text names 'king' as an office and 'coming from a family of that character' as a criterion, implying ancestry.
tlg0086.tlg035.perseus-eng2::153	unspecified	unspecified	unspecified	unspecified	free	implied	native	implied	resident	implied	unspecified	unspecified	unspecified	unspecified	citizens	The word 'citizens' lexically implies free status and native ancestry; serving in a king's body-guard implies residency within that state.
tlg0086.tlg035.perseus-eng2::154	unspecified	unspecified	unspecified	unspecified	unspecified	unspecified	unspecified	unspecified	resident	implied	unspecified	unspecified	unspecified	unspecified	the multitude	The 'multitude' or 'people' are described as being expelled from the 'city', which implies a prior residence status.
tlg0086.tlg035.perseus-eng2::155	unspecified	unspecified	unspecified	unspecified	unspecified	unspecified	unspecified	unspecified	resident	implied	unspecified	unspecified	unspecified	unspecified	the mob	The 'mob' and 'people' are subjects of 'expulsion from the city', implying their residence in the city is the target of the rule.
tlg0086.tlg035.perseus-eng2::156	unspecified	unspecified	unspecified	unspecified	free	implied	native	implied	unspecified	unspecified	unspecified	unspecified	unspecified	unspecified	prominent citizens	The term 'citizens' implies free status and native ancestry; 'prominent' suggests high status but does not explicitly name a wealth bracket.
tlg0086.tlg035.perseus-eng2::157	unspecified	unspecified	unspecified	unspecified	unspecified	unspecified	unspecified	unspecified	unspecified	unspecified	high	implied	unspecified	unspecified	owners of estates	The phrase 'owners of estates' lexically presupposes a high level of wealth/property ownership.
tlg0086.tlg035.perseus-eng2::158	female	implied	unspecified	unspecified	free	implied	unspecified	unspecified	unspecified	unspecified	unspecified	unspecified	unspecified	unspecified	daughters	The word 'daughters' lexically implies female sex and, in a royal context, free status.
tlg0086.tlg035.perseus-eng2::159	unspecified	unspecified	unspecified	unspecified	unspecified	unspecified	unspecified	unspecified	unspecified	unspecified	unspecified	unspecified	unspecified	unspecified	people	The verbatim refers to 'striking people', which is too general to constrain specific axes besides humanity.
tlg0086.tlg035.perseus-eng2::160	unspecified	unspecified	unspecified	unspecified	unspecified	unspecified	unspecified	unspecified	unspecified	unspecified	unspecified	unspecified	unspecified	unspecified	subjects	The verbatim discusses general prohibitions on 'subjects', which does not name specific demographic criteria.
tlg0086.tlg035.perseus-eng2::161	unspecified	unspecified	unspecified	unspecified	unspecified	unspecified	unspecified	unspecified	unspecified	unspecified	low	stated	unspecified	unspecified	subjects	The text states the aim is 'to make the subjects poor', forcing wealth status to low through the word 'poor'.
tlg0086.tlg035.perseus-eng2::162	unspecified	unspecified	unspecified	unspecified	unspecified	unspecified	unspecified	unspecified	unspecified	unspecified	unspecified	unspecified	unspecified	unspecified	men	The verbatim refers broadly to 'men' contributing their substance; it does not name a specific wealth class for the tax, only the effect.
tlg0086.tlg035.perseus-eng2::164	male	stated	unspecified	unspecified	unspecified	unspecified	foreign	stated	unspecified	unspecified	unspecified	unspecified	unspecified	unspecified	men of foreign extraction	The verbatim names 'men' (sex) and 'foreign extraction' (ancestry) directly.
tlg0086.tlg035.perseus-eng2::167	unspecified	unspecified	unspecified	unspecified	unspecified	unspecified	foreign	stated	unspecified	unspecified	unspecified	unspecified	craftsmen	stated	foreigners and craftsmen	The verbatim states 'foreigners' (ancestry) and 'craftsmen' (occupation) as recipients of presents.
tlg0086.tlg035.perseus-eng2::171	unspecified	unspecified	unspecified	unspecified	unspecified	unspecified	unspecified	unspecified	unspecified	unspecified	unspecified	unspecified	magistrates	stated	those in office	The rule explicitly targets 'those in office' (magistrates) regarding their occupation (business).
tlg0086.tlg035.perseus-eng2::172	unspecified	unspecified	unspecified	unspecified	unspecified	unspecified	unspecified	unspecified	unspecified	unspecified	low	stated	unspecified	unspecified	those who do not own any property	The text explicitly defines the group as 'those who do not own any property', stating their wealth status.
tlg0086.tlg035.perseus-eng2::174	unspecified	unspecified	unspecified	unspecified	unspecified	unspecified	unspecified	unspecified	unspecified	unspecified	unspecified	unspecified	official	stated	official	The rule constrains the power of 'officials' versus the 'assembly'; 'official' is an occupation/role.
tlg0086.tlg035.perseus-eng2::175	unspecified	unspecified	unspecified	unspecified	unspecified	unspecified	unspecified	unspecified	unspecified	unspecified	unspecified	unspecified	unspecified	unspecified	all	The verbatim uses 'all', which implies no restrictions on the axes, but does not explicitly name them.
tlg0086.tlg035.perseus-eng2::176	unspecified	unspecified	unspecified	unspecified	unspecified	unspecified	unspecified	unspecified	unspecified	unspecified	any	stated	unspecified	unspecified	office	The phrase 'no property-qualification' states that any wealth level ('any') is permitted for office.
tlg0086.tlg035.perseus-eng2::177	unspecified	unspecified	unspecified	unspecified	free	implied	native	implied	unspecified	unspecified	unspecified	unspecified	unspecified	unspecified	citizens	The word 'citizens' lexically presupposes free status and native ancestry.
tlg0086.tlg035.perseus-eng2::178	unspecified	unspecified	unspecified	unspecified	unspecified	unspecified	unspecified	unspecified	unspecified	unspecified	unspecified	unspecified	magistracies	stated	magistracies	The text names 'magistracies', 'law-courts', and 'assembly' as roles/venues for which payment is provided.
tlg0086.tlg035.perseus-eng2::179	unspecified	unspecified	unspecified	unspecified	unspecified	unspecified	native	implied	unspecified	unspecified	low	stated	unspecified	unspecified	low birth, poverty, vulgarity	The text explicitly names 'poverty' (low wealth) and 'low birth' (implied native but non-noble ancestry).
tlg0086.tlg035.perseus-eng2::181	unspecified	unspecified	unspecified	unspecified	free	implied	unspecified	unspecified	unspecified	unspecified	high	stated	unspecified	unspecified	citizens	The verbatim mentions 'citizens' (implying free status) and 'property-qualifications' for 'holders of the greatest magistracies', stating a wealth requirement.
tlg0086.tlg035.perseus-eng2::182	unspecified	unspecified	unspecified	unspecified	unspecified	unspecified	unspecified	unspecified	unspecified	unspecified	high	implied	unspecified	unspecified	the people	The rule prohibits ownership of land beyond a 'certain amount', which lexically targets those with the wealth to acquire such amounts.
tlg0086.tlg035.perseus-eng2::183	unspecified	unspecified	unspecified	unspecified	unspecified	unspecified	unspecified	unspecified	unspecified	unspecified	unspecified	unspecified	unspecified	unspecified	a man	The verbatim restricts land sale and loans for any 'man' owning an estate; no specific demographic axes are constrained beyond general personhood.
tlg0086.tlg035.perseus-eng2::184	unspecified	unspecified	unspecified	unspecified	free	implied	mixed	stated	unspecified	unspecified	unspecified	unspecified	unspecified	unspecified	base-born and those of citizen-birth on one side	The verbatim explicitly names those with only one citizen parent ('citizen-birth on one side'), which refers to mixed ancestry; 'citizenship' implies free status.
tlg0086.tlg035.perseus-eng2::185	any	stated	any	stated	any	stated	unspecified	unspecified	unspecified	unspecified	unspecified	unspecified	unspecified	unspecified	slaves, women and children	The verbatim explicitly extends 'licence' to 'slaves' (ownership), 'women' (sex), and 'children' (age), effectively stating the rule applies across these groups.
tlg0086.tlg035.perseus-eng2::186	unspecified	unspecified	unspecified	unspecified	unspecified	unspecified	unspecified	unspecified	unspecified	unspecified	unspecified	unspecified	unspecified	unspecified	persons condemned at law	The verbatim applies to anyone 'condemned at law'; it does not lexically constrain sex, age, or status, though it concerns their 'property'.
tlg0086.tlg035.perseus-eng2::187	unspecified	unspecified	unspecified	unspecified	unspecified	unspecified	unspecified	unspecified	unspecified	unspecified	high	stated	unspecified	unspecified	owners for the indispensable offices	The verbatim states that 'property-qualifications' (wealth) determine eligibility for different grades of office.
tlg0086.tlg035.perseus-eng2::188	unspecified	unspecified	unspecified	unspecified	unspecified	unspecified	unspecified	unspecified	unspecified	unspecified	unspecified	unspecified	mechanic industries	stated	people... from mechanic industries	The verbatim explicitly names the occupation 'mechanic industries' as a criterion for restriction from government.
tlg0086.tlg035.perseus-eng2::189	unspecified	unspecified	unspecified	unspecified	unspecified	unspecified	unspecified	unspecified	unspecified	unspecified	high	implied	unspecified	unspecified	those within the constitution	The verbatim mentions 'expensive duties' for office to exclude 'common people', implying only those with high wealth can participate.
tlg0086.tlg035.perseus-eng2::191	unspecified	unspecified	unspecified	unspecified	unspecified	unspecified	unspecified	unspecified	unspecified	unspecified	high	implied	unspecified	unspecified	the well-to-do	The term 'well-to-do' lexically presupposes high wealth.
tlg0086.tlg035.perseus-eng2::192	any	stated	any	stated	free	implied	unspecified	unspecified	unspecified	unspecified	low	stated	unspecified	unspecified	the poor	The verbatim explicitly names 'the poor' (low wealth). 'Women and children' implies the rule spans these groups; poor status implies free (no slaves).
tlg0086.tlg035.perseus-eng2::196	unspecified	unspecified	unspecified	unspecified	free	implied	unspecified	unspecified	unspecified	unspecified	unspecified	unspecified	unspecified	unspecified	citizens	The verbatim specifies that 'citizens' are the ones who must 'know each other's personal characters' to elect and judge; 'citizen' implies free.
tlg0086.tlg035.perseus-eng2::197	unspecified	unspecified	unspecified	unspecified	any	stated	any	stated	resident	stated	unspecified	unspecified	unspecified	unspecified	slaves and resident aliens and foreigners	The verbatim explicitly groups 'slaves' (enslaved), 'resident aliens' (resident/foreign), and 'foreigners' (foreign), stating they are not 'part of the state'.
tlg0086.tlg035.perseus-eng2::199	unspecified	unspecified	unspecified	unspecified	free	stated	unspecified	unspecified	unspecified	unspecified	unspecified	unspecified	common sailors	stated	common sailors	The verbatim distinguishes 'common sailors' (occupation) from 'marines' who are 'free men'.
tlg0086.tlg035.perseus-eng2::206	unspecified	unspecified	unspecified	unspecified	enslaved	stated	foreign	stated	unspecified	unspecified	unspecified	unspecified	tillers of the soil	stated	slaves, or serfs of alien race	Specifies 'tillers' (occupation) should be 'slaves' (enslaved) or 'alien serfs' (foreign ancestry).
tlg0086.tlg035.perseus-eng2::207	unspecified	unspecified	unspecified	unspecified	free	implied	unspecified	unspecified	resident	stated	unspecified	unspecified	unspecified	unspecified	citizens whose land is near the frontier	'Citizens' implies free status; 'near the frontier' defines a specific residence logic for exclusion from deliberation.
tlg0086.tlg035.perseus-eng2::208	unspecified	unspecified	unspecified	unspecified	free	implied	unspecified	unspecified	resident	implied	unspecified	unspecified	unspecified	unspecified	citizens	The verbatim provides water for 'citizens' when 'debarred from their territory', implying residence in the city and free status.
tlg0086.tlg035.perseus-eng2::210	unspecified	unspecified	unspecified	unspecified	unspecified	unspecified	unspecified	unspecified	unspecified	unspecified	unspecified	unspecified	artisan or farmer	stated	artisan or farmer	The verbatim explicitly names the occupations 'artisan' and 'farmer' as groups to be excluded from the agora.
tlg0086.tlg035.perseus-eng2::212	unspecified	unspecified	adult	stated	unspecified	unspecified	native	implied	unspecified	unspecified	unspecified	unspecified	unspecified	unspecified	the group that is itself the same in race	The verbatim specifies age ('younger' vs 'older') as the basis for governing, and 'same in race' implies native ancestry.
tlg0086.tlg035.perseus-eng2::219	unspecified	unspecified	minor	implied	unspecified	unspecified	unspecified	unspecified	unspecified	unspecified	unspecified	unspecified	unspecified	unspecified	child	The verbatim refers to 'children' (minor age) and specifically 'deformed' ones regarding the legality of their 'rearing'.
tlg0086.tlg035.perseus-eng2::221	unspecified	unspecified	minor	implied	free	stated	unspecified	unspecified	unspecified	unspecified	unspecified	unspecified	unspecified	unspecified	anybody... of free station but not yet promoted to reclining at the public meals	The verbatim states the person must be of 'free station' and 'not yet promoted' to adult dining, implying minor status; 'reclining at public meals' is the boundary.
tlg0086.tlg035.perseus-eng2::223	unspecified	unspecified	minor	implied	free	stated	unspecified	unspecified	unspecified	unspecified	unspecified	unspecified	unspecified	unspecified	anybody... of free station but not yet promoted	The text states 'free station' and uses 'not yet promoted' vs 'an older offender' to distinguish minors from adults for punishment types.
tlg0086.tlg035.perseus-eng2::224	unspecified	unspecified	unspecified	unspecified	free	implied	native	implied	unspecified	unspecified	unspecified	unspecified	unspecified	unspecified	citizens	The word 'citizens' lexically implies free status and native ancestry within the context of the 'state' discussed.
tlg0086.tlg035.perseus-eng2::231	unspecified	unspecified	unspecified	unspecified	free	stated	unspecified	unspecified	unspecified	unspecified	unspecified	unspecified	unspecified	unspecified	free men	The verbatim explicitly names 'free men' as the class for whom professional music performance is considered improper.
tlg0086.tlg035.perseus-eng2::232	unspecified	unspecified	unspecified	unspecified	unspecified	unspecified	unspecified	unspecified	unspecified	unspecified	low	implied	mechanics and laborers	stated	mechanics and laborers	The text explicitly names the occupations 'mechanics and laborers' and describes them as 'the vulgar class', implying low wealth status.
tlg0086.tlg035.perseus-eng2::234	unspecified	unspecified	minor	stated	unspecified	unspecified	unspecified	unspecified	unspecified	unspecified	unspecified	unspecified	unspecified	unspecified	younger pupils	The verbatim explicitly states 'younger pupils' as the group to be educated in Dorian melodies.
tlg0540.tlg012.perseus-eng2::0	unspecified	unspecified	unspecified	unspecified	unspecified	unspecified	foreign	implied	resident	stated	unspecified	unspecified	unspecified	unspecified	resident aliens	The verbatim uses the term 'resident aliens' (metikoi), which states residency in the polity and implies foreign ancestry.
tlg0540.tlg012.perseus-eng2::1	unspecified	unspecified	unspecified	unspecified	unspecified	unspecified	foreign	implied	resident	stated	unspecified	unspecified	unspecified	unspecified	resident aliens	The term 'resident aliens' explicitly states residency and lexically implies foreign ancestry.
tlg0540.tlg012.perseus-eng2::3	unspecified	unspecified	unspecified	unspecified	unspecified	unspecified	foreign	implied	resident	implied	unspecified	unspecified	unspecified	unspecified	resident aliens	The context provided by 'behaving as resident aliens... instead of citizens' implies the group is resident and foreign.
tlg0540.tlg012.perseus-eng2::5	female	implied	unspecified	unspecified	unspecified	unspecified	native	implied	unspecified	unspecified	unspecified	unspecified	unspecified	unspecified	daughters of many [citizens]	The word 'daughters' implies female sex; belonging to 'citizens' implies native ancestry of the group members.
tlg0540.tlg012.perseus-eng2::6	unspecified	unspecified	unspecified	unspecified	free	implied	native	implied	unspecified	unspecified	unspecified	unspecified	unspecified	unspecified	citizens	The word 'citizens' lexically presupposes free status and native ancestry in a Greek context.
tlg0540.tlg012.perseus-eng2::8	unspecified	unspecified	unspecified	unspecified	free	implied	native	implied	unspecified	unspecified	unspecified	unspecified	unspecified	unspecified	citizens	The word 'citizens' lexically presupposes free status and native ancestry.
tlg0540.tlg012.perseus-eng2::9	unspecified	unspecified	unspecified	unspecified	free	implied	unspecified	unspecified	resident	implied	unspecified	unspecified	unspecified	unspecified	Assembly	The term 'Assembly' (Ekklesia) contextually identifies the voting citizen body, implying free status and residency.
tlg0540.tlg012.perseus-eng2::10	unspecified	unspecified	unspecified	unspecified	unspecified	unspecified	unspecified	unspecified	unspecified	unspecified	unspecified	unspecified	unspecified	unspecified	people	The verbatim uses 'people' and 'fathers, sons and brothers', which are generic or familial terms not defining a legal group axis directly.
tlg0540.tlg012.perseus-eng2::11	unspecified	unspecified	unspecified	unspecified	unspecified	unspecified	unspecified	unspecified	unspecified	unspecified	unspecified	unspecified	unspecified	unspecified	individuals	The verbatim uses the term 'individuals' in relation to pillaged houses, which does not specify a legal category.
tlg0540.tlg012.perseus-eng2::12	unspecified	unspecified	unspecified	unspecified	unspecified	unspecified	native	implied	resident	implied	unspecified	unspecified	unspecified	unspecified	you	The text refers to those 'banished from the city which your fathers bequeathed to you,' implying native ancestry and former residency.
tlg0540.tlg012.perseus-eng2::13	unspecified	unspecified	unspecified	unspecified	unspecified	unspecified	native	implied	unspecified	unspecified	unspecified	unspecified	unspecified	unspecified	you	The phrase 'city which your fathers bequeathed to you' implies native ancestry (inheritance of the city from ancestors).
tlg0540.tlg012.perseus-eng2::14	unspecified	unspecified	unspecified	unspecified	unspecified	unspecified	unspecified	unspecified	unspecified	unspecified	unspecified	unspecified	unspecified	unspecified	Peiraeus party	The verbatim refers to the 'Peiraeus party', a political/factional label that does not lexically define a demographic criterion.
tlg0007.tlg056.perseus-eng2::0	unspecified	unspecified	unspecified	unspecified	unspecified	unspecified	unspecified	unspecified	unspecified	unspecified	unspecified	unspecified	praetors and governors	stated	praetors and governors	The verbatim explicitly names the occupations 'praetors and governors' in the context of provincial administration.
tlg0007.tlg056.perseus-eng2::1	male	implied	minor	stated	unspecified	unspecified	unspecified	unspecified	unspecified	unspecified	unspecified	unspecified	unspecified	unspecified	beardless youth	The verbatim states 'beardless youth' as a reason for legal disqualification from consulship, implying male sex and minor age.
tlg0007.tlg059.perseus-eng2::0	unspecified	unspecified	unspecified	unspecified	unspecified	unspecified	native	implied	unspecified	unspecified	unspecified	unspecified	unspecified	unspecified	Roman	The verbatim refers to 'Roman' status, which lexically implies native ancestry within the Roman context. The term 'wife' implies female sex for the partner, but the rule applies to the 'Roman' (Antony).
tlg0007.tlg059.perseus-eng2::1	male	implied	unspecified	unspecified	free	implied	native	implied	unspecified	unspecified	high	implied	kings	stated	kings of Macedonia	'Kings' implies male sex, free status, high wealth, and the specific occupation/station of royalty; 'Macedonia' implies native ancestry.
tlg0007.tlg063.perseus-eng2::0	male	stated	unspecified	unspecified	free	implied	native	implied	unspecified	unspecified	high	implied	chief magistrates	stated	men of the highest repute and influence among the citizens	The verbatim explicitly names 'men'; 'citizens' implies free status and native ancestry; 'highest repute and influence' implies high social/wealth status.
tlg0007.tlg063.perseus-eng2::1	unspecified	unspecified	unspecified	unspecified	enslaved	implied	unspecified	unspecified	unspecified	unspecified	unspecified	unspecified	servants	stated	servants	The word 'servants' in this context (owned by Aratus) lexically presupposes enslaved status and defines their occupation.
tlg0007.tlg063.perseus-eng2::3	unspecified	unspecified	unspecified	unspecified	free	implied	unspecified	unspecified	resident	implied	unspecified	unspecified	unspecified	unspecified	citizens	'Citizens' implies free status; being invited to the theatre (assembly) in the city implies residence. Sex/age are not lexically forced by 'citizen'.
tlg0007.tlg063.perseus-eng2::4	unspecified	unspecified	unspecified	unspecified	free	implied	unspecified	unspecified	unspecified	unspecified	low	stated	unspecified	unspecified	exiles	'Exiles' (who were former citizens) implies free status; 'poverty' states a low wealth level.
tlg0007.tlg063.perseus-eng2::5	unspecified	unspecified	unspecified	unspecified	unspecified	unspecified	unspecified	unspecified	unspecified	unspecified	unspecified	unspecified	unspecified	unspecified	him who controls the place	The verbatim describes a geopolitical constraint based on military control of a location, but does not specify individual criteria for the subjects affected.
tlg0007.tlg063.perseus-eng2::6	unspecified	unspecified	unspecified	unspecified	free	implied	native	implied	unspecified	unspecified	low	stated	unspecified	unspecified	fellow-citizens, who were in want of money	'Citizens' implies free status and native ancestry; 'in want of money' directly states low wealth.
tlg0007.tlg063.perseus-eng2::7	unspecified	unspecified	unspecified	unspecified	free	implied	unspecified	unspecified	unspecified	unspecified	unspecified	unspecified	unspecified	unspecified	exiles... fellow-citizens	'Citizens' and 'exiles' (former citizens) implies free status.
tlg0007.tlg063.perseus-eng2::8	female	implied	adult	implied	free	implied	unspecified	unspecified	unspecified	unspecified	high	implied	unspecified	unspecified	wife	The word 'wife' implies female sex, adult age, and free status; the possession of 'golden ornaments' implies high wealth.
tlg0007.tlg063.perseus-eng2::9	unspecified	unspecified	unspecified	unspecified	free	implied	native	implied	unspecified	unspecified	unspecified	unspecified	unspecified	unspecified	Corinthians	'Corinthians' in a political context implies native ancestry and free status.
tlg0007.tlg063.perseus-eng2::10	unspecified	unspecified	unspecified	unspecified	free	stated	foreign	implied	unspecified	unspecified	unspecified	unspecified	unspecified	unspecified	freemen among his prisoners... Athenians	The verbatim states 'freemen'; 'Athenians' (captured by a non-Athenian) implies foreign ancestry relative to the captor.
tlg0007.tlg063.perseus-eng2::11	unspecified	unspecified	unspecified	unspecified	unspecified	unspecified	unspecified	unspecified	unspecified	unspecified	unspecified	unspecified	general	stated	general	The rule explicitly limits the frequency of holding the occupation of 'general'.
tlg0007.tlg063.perseus-eng2::12	unspecified	unspecified	unspecified	unspecified	unspecified	unspecified	unspecified	unspecified	unspecified	unspecified	unspecified	unspecified	unspecified	unspecified	men	The word 'men' is used, which usually states male sex, though here it refers to those who 'dared the deed' rather than the class of all subjects restricted.
tlg0007.tlg063.perseus-eng2::13	unspecified	unspecified	unspecified	unspecified	unspecified	unspecified	unspecified	unspecified	unspecified	unspecified	unspecified	unspecified	contestants in the games	stated	contestants in the games	The verbatim explicitly names 'contestants in the games' as the group to whom the privilege was granted/violated.
tlg0007.tlg063.perseus-eng2::14	female	implied	any	implied	unspecified	unspecified	unspecified	unspecified	unspecified	unspecified	unspecified	unspecified	unspecified	unspecified	wives and daughters	'Wives and daughters' lexically presupposes female sex. Inclusion of 'daughters' implies age is not a restriction (any age/minor).
tlg0007.tlg063.perseus-eng2::15	unspecified	unspecified	unspecified	unspecified	unspecified	unspecified	foreign	implied	resident	stated	unspecified	unspecified	unspecified	unspecified	alien residents	'Alien' implies foreign ancestry; 'residents' states residence.
tlg0007.tlg063.perseus-eng2::16	unspecified	unspecified	unspecified	unspecified	unspecified	unspecified	unspecified	unspecified	unspecified	unspecified	unspecified	unspecified	general	implied	Aratus	The rules concern providing money/mercenaries for Aratus to 'wage war', implying his role/occupation as general.
tlg0007.tlg063.perseus-eng2::17	unspecified	unspecified	unspecified	unspecified	unspecified	unspecified	foreign	implied	resident	stated	unspecified	unspecified	unspecified	unspecified	resident aliens	'Aliens' implies foreign ancestry; 'resident' states residence.
tlg0007.tlg063.perseus-eng2::18	unspecified	unspecified	unspecified	unspecified	unspecified	unspecified	unspecified	unspecified	unspecified	unspecified	high	implied	unspecified	unspecified	the land	Dividing up 'the land' to give to others implies it was taken from people with high wealth (landowners).
tlg0007.tlg063.perseus-eng2::20	male	stated	unspecified	unspecified	unspecified	unspecified	unspecified	unspecified	unspecified	unspecified	unspecified	unspecified	unspecified	unspecified	men	The verbatim refers to the punishment of 'these men', grounding the sex as male; no other demographic criteria are lexically forced.
tlg0007.tlg063.perseus-eng2::21	unspecified	unspecified	unspecified	unspecified	unspecified	unspecified	unspecified	unspecified	unspecified	unspecified	unspecified	unspecified	unspecified	unspecified	tyrants and of the traitors	The verbatim targets 'tyrants' and 'traitors', which are political/legal statuses rather than demographic categories.
tlg0007.tlg063.perseus-eng2::22	any	stated	any	stated	unspecified	unspecified	unspecified	unspecified	resident	implied	unspecified	unspecified	unspecified	unspecified	citizens, wives and children	The verbatim explicitly names 'citizens', 'wives', and 'children', indicating the rule applied to the whole population regardless of sex or age; 'citizens' of a city implies residency.
tlg0007.tlg063.perseus-eng2::25	female	implied	adult	implied	free	implied	unspecified	unspecified	unspecified	unspecified	unspecified	unspecified	unspecified	unspecified	wife	The word 'wife' lexically presupposes female sex, adult age, and (in this social context) free status.
tlg0007.tlg063.perseus-eng2::26	unspecified	unspecified	unspecified	unspecified	unspecified	unspecified	unspecified	unspecified	unspecified	unspecified	unspecified	unspecified	unspecified	unspecified	them	The verbatim uses 'them' to refer to courtiers mentioned in the broader text, but the excerpt itself does not define their demographic criteria.
tlg0007.tlg082a.perseus-eng2::0	unspecified	unspecified	unspecified	unspecified	unspecified	unspecified	unspecified	unspecified	unspecified	unspecified	unspecified	unspecified	unspecified	unspecified	those who comes in to the public meals	The verbatim applies to anyone entering the public meals, but 'those' does not lexically define a specific demographic profile without background knowledge.
tlg0007.tlg082a.perseus-eng2::2	unspecified	unspecified	unspecified	unspecified	unspecified	unspecified	unspecified	unspecified	unspecified	unspecified	unspecified	unspecified	unspecified	unspecified	they	The verbatim refers to 'they' (implicitly the Spartans), but the text itself does not name the demographic identity of who learned to read/write.
tlg0007.tlg082a.perseus-eng2::3	male	stated	adult	implied	unspecified	unspecified	unspecified	unspecified	unspecified	unspecified	unspecified	unspecified	unspecified	unspecified	man	The verbatim specifies 'man', stating the sex as male; 'man' in the context of civic rights loss implies adult status.
tlg0007.tlg082a.perseus-eng2::4	male	implied	minor	implied	unspecified	unspecified	unspecified	unspecified	unspecified	unspecified	unspecified	unspecified	unspecified	unspecified	young men	The term 'young men' implies male sex and minor or early-adult age (subordinate to 'older men').
tlg0007.tlg082a.perseus-eng2::5	male	implied	unspecified	unspecified	unspecified	unspecified	unspecified	unspecified	unspecified	unspecified	unspecified	unspecified	unspecified	unspecified	citizens	The verbatim mentions 'boys' subjected to discipline, implying the 'citizens' who must submit are those who were once boys (males).
tlg0007.tlg082a.perseus-eng2::6	unspecified	unspecified	unspecified	unspecified	unspecified	unspecified	unspecified	unspecified	unspecified	unspecified	unspecified	unspecified	unspecified	unspecified	them	The verbatim uses 'them' without an explicit noun in the quoted text to define the group.
tlg0007.tlg082a.perseus-eng2::7	any	stated	any	stated	any	stated	foreign	stated	unspecified	unspecified	unspecified	unspecified	unspecified	unspecified	foreigners	The word 'foreigners' states foreign ancestry; 'all foreigners' implies an 'any' value for other demographic axes like sex and age.
tlg0007.tlg082a.perseus-eng2::8	unspecified	unspecified	unspecified	unspecified	free	implied	unspecified	unspecified	unspecified	unspecified	unspecified	unspecified	unspecified	unspecified	owner	The word 'owner' (of slaves and property) lexically presupposes free ownership status.
tlg0007.tlg082a.perseus-eng2::9	unspecified	unspecified	unspecified	unspecified	enslaved	implied	unspecified	unspecified	unspecified	unspecified	unspecified	unspecified	unspecified	unspecified	Helots	The term 'Helots', effectively a proper name for an enslaved class in this context, implies 'enslaved' ownership status.
tlg0007.tlg082a.perseus-eng2::10	any	stated	minor	implied	unspecified	unspecified	unspecified	unspecified	unspecified	unspecified	unspecified	unspecified	unspecified	unspecified	maidens and youths	The verbatim names 'maidens' (females) and 'youths' (males), stating both sexes are eligible; both terms imply minor or young age.
tlg0007.tlg082a.perseus-eng2::11	male	implied	minor	implied	unspecified	unspecified	unspecified	unspecified	unspecified	unspecified	unspecified	unspecified	unspecified	unspecified	boys	The word 'boys' lexically presupposes male sex and minor age.
tlg0007.tlg082a.perseus-eng2::12	unspecified	unspecified	unspecified	unspecified	unspecified	unspecified	unspecified	unspecified	unspecified	unspecified	unspecified	unspecified	unspecified	unspecified	fellow-citizens	The verbatim mentions 'fellow-citizens' but without the context of the polity's specific laws, citizenship alone does not lexically force sex/age.
tlg0007.tlg082a.perseus-eng2::13	unspecified	unspecified	unspecified	unspecified	enslaved	implied	unspecified	unspecified	unspecified	unspecified	unspecified	unspecified	tilled the soil	stated	Helots	The term 'Helots' implies enslaved status; the text explicitly states they 'tilled the soil', naming an occupation.
tlg0007.tlg082a.perseus-eng2::14	unspecified	unspecified	unspecified	unspecified	unspecified	unspecified	unspecified	unspecified	unspecified	unspecified	unspecified	unspecified	sailors	stated	citizens	The verbatim prohibits citizens from being 'sailors', stating an occupation as the prohibited axis.
tlg0007.tlg121.perseus-eng3::0	male	implied	unspecified	unspecified	free	implied	unspecified	unspecified	unspecified	unspecified	high	implied	trierarch	stated	trierarch	The role of 'trierarch' (fitting ships) lexically implies high wealth and male sex in this context; the verbatim states the occupation.
tlg0007.tlg121.perseus-eng3::1	unspecified	unspecified	unspecified	unspecified	free	implied	unspecified	unspecified	resident	stated	unspecified	unspecified	unspecified	unspecified	lived the rest of his life at Athens	The text describes a person living at Athens but lacking 'the vote and eligibility to office' associated with citizenship, implying a free resident status. No specific sex or age is named for the rule.
tlg0007.tlg121.perseus-eng3::2	unspecified	unspecified	unspecified	unspecified	free	implied	foreign	stated	unspecified	unspecified	unspecified	unspecified	expert in decrees	stated	Olynthian named Eucleides	The verbatim identifies the person as 'Olynthian' (foreign ancestry) and an 'expert in decrees' (occupation), implying free status as he was 'made use of' for his expertise.
tlg0007.tlg121.perseus-eng3::3	unspecified	unspecified	unspecified	unspecified	free	stated	any	stated	unspecified	unspecified	unspecified	unspecified	unspecified	unspecified	person of free birth	The text explicitly protects a 'person of free birth' (ownership=free) regardless of origin ('any Athenian or foreign resident' are the buyers, implies the victim's ancestry could be any).
tlg0007.tlg121.perseus-eng3::5	unspecified	unspecified	unspecified	unspecified	unspecified	unspecified	native	implied	unspecified	unspecified	unspecified	unspecified	unspecified	unspecified	eldest descendant	Maintenance in the Prytaneum for a 'descendant' of a civic figure implies native lineage; 'eldest' is a kinship/age rank, but not a specific age class like adult.
tlg0007.tlg121.perseus-eng3::6	unspecified	unspecified	unspecified	unspecified	unspecified	unspecified	foreign	stated	unspecified	unspecified	unspecified	unspecified	unspecified	unspecified	Corinthian by birth	The text specifies 'Corinthian by birth' (foreign ancestry) as the reason for being debarred from speaking before the assembly.
tlg0014.tlg022.perseus-eng2::1	unspecified	unspecified	unspecified	unspecified	unspecified	unspecified	unspecified	unspecified	unspecified	unspecified	unspecified	unspecified	prostitution	stated	persons guilty of prostitution	The verbatim explicitly names the occupation or behavior ('prostitution') as the basis for the legal disability.
tlg0014.tlg022.perseus-eng2::2	unspecified	unspecified	unspecified	unspecified	unspecified	unspecified	unspecified	unspecified	unspecified	unspecified	low	implied	unspecified	unspecified	defaulter	The verbatim refers to a 'defaulter' who 'owed money to the exchequer', implying a negative wealth status (debt) which disqualifies the person.
tlg0014.tlg022.perseus-eng2::3	unspecified	unspecified	unspecified	unspecified	free	stated	unspecified	unspecified	unspecified	unspecified	unspecified	unspecified	unspecified	unspecified	freemen	The verbatim explicitly distinguishes 'freemen' from 'slaves', stating that freemen can 'protect their persons' from corporal exaction.
tlg0014.tlg022.perseus-eng2::4	unspecified	unspecified	unspecified	unspecified	unspecified	unspecified	foreign	implied	resident	stated	unspecified	unspecified	unspecified	unspecified	resident aliens	The text mentions 'resident aliens' (resident) and contrasts them with 'slaves', implying a distinct tax rate ('contribution of one-sixth') for those of non-native ancestry.
tlg0014.tlg035.perseus-eng2::0	unspecified	unspecified	unspecified	unspecified	unspecified	unspecified	any	implied	resident	stated	unspecified	unspecified	unspecified	unspecified	Athenian or any alien residing at Athens	The rule applies to 'any Athenian' (native) or 'alien residing at Athens' (resident/foreign), essentially covering all residents regardless of ancestry.
tlg0014.tlg035.perseus-eng2::1	unspecified	unspecified	unspecified	unspecified	unspecified	unspecified	unspecified	unspecified	unspecified	unspecified	unspecified	unspecified	heir	stated	heir to his whole estate	The verbatim defines the subject by their role as 'heir' who has 'possession of all his property'.
tlg0014.tlg035.perseus-eng2::2	unspecified	unspecified	unspecified	unspecified	unspecified	unspecified	any	stated	unspecified	unspecified	unspecified	unspecified	mercantile	implied	Greeks and barbarians	The text names 'Greeks and barbarians' (covering native and foreign ancestry) regarding 'mercantile suits', implying access to courts for traders.
tlg0014.tlg035.perseus-eng2::3	unspecified	unspecified	unspecified	unspecified	unspecified	unspecified	unspecified	unspecified	resident	implied	unspecified	unspecified	unspecified	unspecified	patron	The text refers to the requirement for a 'patron' (prostates), which lexically presupposes the status of a resident alien (metic).
tlg0014.tlg049.perseus-eng2::1	unspecified	unspecified	unspecified	unspecified	unspecified	unspecified	unspecified	unspecified	unspecified	unspecified	unspecified	unspecified	unspecified	unspecified	defendant	The verbatim mentions 'depositing a drachma' and 'suit... for damages', which are general legal terms; the specific group in the prompt (Citizens) is not lexically stated or implied by 'defendant'.
tlg0014.tlg049.perseus-eng2::2	unspecified	unspecified	unspecified	unspecified	enslaved	stated	unspecified	unspecified	unspecified	unspecified	unspecified	unspecified	unspecified	unspecified	slaves	The verbatim names 'slaves' (enslaved) and specifies they are delivered up for 'torture' as the means of evidence.
tlg0014.tlg049.perseus-eng2::3	unspecified	unspecified	unspecified	unspecified	unspecified	unspecified	unspecified	unspecified	unspecified	unspecified	unspecified	unspecified	unspecified	unspecified	man	The verbatim uses 'man' and describes the act of 'deceiving the people by a promise', but does not lexically force citizenship, age, or status on the face of the words 'man' or 'impeachment'.
tlg0014.tlg049.perseus-eng2::4	unspecified	unspecified	unspecified	unspecified	enslaved	stated	unspecified	unspecified	unspecified	unspecified	unspecified	unspecified	unspecified	unspecified	slave	The verbatim explicitly names the status of 'slave' and contrasts it with 'free' regarding legal depositions.
tlg0017.tlg006.perseus-eng2::1	male	implied	adult	implied	free	implied	native	stated	unspecified	unspecified	unspecified	unspecified	unspecified	unspecified	Athenian	The text refers to an 'Athenian' (native ancestry) disposing of property; the lack of 'male issue' and the legal capacity terms imply an adult male free citizen in this context.
tlg0017.tlg006.perseus-eng2::2	male	stated	unspecified	unspecified	free	implied	unspecified	unspecified	unspecified	unspecified	unspecified	unspecified	unspecified	unspecified	legitimate sons	The verbatim explicitly names 'sons' (male) and 'legitimate' (which implies born of free parents/legal marriage).
tlg0017.tlg006.perseus-eng2::3	male	stated	unspecified	unspecified	free	implied	unspecified	unspecified	unspecified	unspecified	unspecified	unspecified	unspecified	unspecified	legitimate sons	The verbatim names 'legitimate sons', which states male sex and implies free status through legitimacy.
tlg0017.tlg006.perseus-eng2::4	male	implied	unspecified	unspecified	free	implied	unspecified	unspecified	unspecified	unspecified	unspecified	unspecified	unspecified	unspecified	adopted son	The word 'son' implies male sex and, in the context of legal family return/inheritance, free status.
tlg0017.tlg006.perseus-eng2::5	female	implied	unspecified	unspecified	free	implied	unspecified	unspecified	unspecified	unspecified	unspecified	unspecified	unspecified	unspecified	daughter	The word 'daughter' implies female sex; her status as an 'heiress' of an estate implies free status.
tlg0017.tlg006.perseus-eng2::8	female	stated	unspecified	unspecified	free	implied	unspecified	unspecified	unspecified	unspecified	unspecified	unspecified	unspecified	unspecified	legitimate daughter	The verbatim refers to a 'sister', 'wife', and 'daughter' (female sex); her role in marriage and inheritance implies free status.
tlg0017.tlg006.perseus-eng2::9	male	implied	unspecified	unspecified	free	implied	unspecified	unspecified	unspecified	unspecified	unspecified	unspecified	unspecified	unspecified	nephew	The words 'nephew' and 'son' imply male sex; the right of inheritance lexically presupposes free status.
tlg0017.tlg006.perseus-eng2::10	male	implied	unspecified	unspecified	free	implied	unspecified	unspecified	unspecified	unspecified	unspecified	unspecified	unspecified	unspecified	adopted son	The word 'son' implies male sex; inheriting a share of an estate lexically presupposes free status.
tlg0027.tlg001.perseus-eng2::0	unspecified	unspecified	unspecified	unspecified	free	implied	native	implied	unspecified	unspecified	unspecified	unspecified	unspecified	unspecified	citizen	The word 'citizen' implies free status and native ancestry within the context of the Athenian legal system.
tlg0027.tlg001.perseus-eng2::1	any	stated	unspecified	unspecified	any	stated	any	stated	unspecified	unspecified	unspecified	unspecified	unspecified	unspecified	slaves, metics, and women	The rule explicitly names groups across different sexes ('women'), ownership statuses ('slaves'), and ancestries ('metics').
tlg0027.tlg001.perseus-eng2::2	unspecified	unspecified	unspecified	unspecified	unspecified	unspecified	unspecified	unspecified	unspecified	unspecified	unspecified	unspecified	unspecified	unspecified	non-initiates	The constraint is based on religious initiation ('non-initiates'), which does not lexically force specific values for the other axes.
tlg0027.tlg001.perseus-eng2::3	unspecified	unspecified	unspecified	unspecified	free	implied	unspecified	unspecified	unspecified	unspecified	unspecified	unspecified	unspecified	unspecified	father	The ability to 'bring an action' (lawsuit) and furnish sureties implies the actor is a free person.
tlg0027.tlg001.perseus-eng2::4	unspecified	unspecified	unspecified	unspecified	unspecified	unspecified	unspecified	unspecified	unspecified	unspecified	unspecified	unspecified	unspecified	unspecified	informer	The verbatim specifies the status of 'informer', which does not lexically imply sex, age, or status on its own.
tlg0027.tlg001.perseus-eng2::5	unspecified	unspecified	unspecified	unspecified	enslaved	implied	unspecified	unspecified	unspecified	unspecified	unspecified	unspecified	unspecified	unspecified	slaves	The word 'slaves' lexically presupposes ownership='enslaved'.
tlg0027.tlg001.perseus-eng2::7	unspecified	unspecified	unspecified	unspecified	free	implied	unspecified	unspecified	unspecified	unspecified	unspecified	unspecified	prosecutor	stated	prosecutor	The verbatim names the occupation 'prosecutor' and references 'rights as a citizen', implying free status.
tlg0027.tlg001.perseus-eng2::9	unspecified	unspecified	unspecified	unspecified	free	implied	unspecified	unspecified	unspecified	unspecified	unspecified	unspecified	unspecified	unspecified	accused	The right to 'furnish sureties and stand trial' to avoid torture implies free status.
tlg0027.tlg001.perseus-eng2::10	unspecified	unspecified	unspecified	unspecified	free	implied	unspecified	unspecified	unspecified	unspecified	unspecified	unspecified	unspecified	unspecified	sureties	Acting as a 'surety' for a prisoner implies the possession of legal and financial standing, presupposing free status.
tlg0027.tlg001.perseus-eng2::11	unspecified	unspecified	unspecified	unspecified	unspecified	unspecified	unspecified	unspecified	unspecified	unspecified	high	implied	unspecified	unspecified	kindred	The confiscation of 'property' and 'goods' implies the possession of wealth.
tlg0027.tlg001.perseus-eng2::14	unspecified	unspecified	unspecified	unspecified	unspecified	unspecified	unspecified	unspecified	unspecified	unspecified	unspecified	unspecified	unspecified	unspecified	all who had committed an act of impiety	The rule targets a specific behavior ('act of impiety') rather than a demographic or status axis.
tlg0027.tlg001.perseus-eng2::15	unspecified	unspecified	unspecified	unspecified	free	implied	unspecified	unspecified	unspecified	unspecified	unspecified	unspecified	tax farmers	stated	all who farmed taxes	The verbatim names the occupation 'farmed taxes'; entering state contracts implies free status.
tlg0027.tlg001.perseus-eng2::16	unspecified	unspecified	unspecified	unspecified	free	implied	unspecified	unspecified	unspecified	unspecified	unspecified	unspecified	soldiers	stated	all who deserted on the field	The context involves 'military service' and loss of 'personal rights' while keeping 'property', implying free status.
tlg0027.tlg001.perseus-eng2::17	unspecified	unspecified	unspecified	unspecified	free	implied	unspecified	unspecified	unspecified	unspecified	unspecified	unspecified	unspecified	unspecified	who were found guilty of maltreating their parents	The deprivation of 'personal rights' and retention of 'property' lexically presupposes the actor is a free person.
tlg0027.tlg001.perseus-eng2::18	unspecified	unspecified	unspecified	unspecified	free	implied	native	implied	unspecified	unspecified	unspecified	unspecified	soldiers	stated	soldiers who remained in Athens	The text refers to 'rights of ordinary citizens' and the occupation of 'soldiers', implying free status and native ancestry.
tlg0027.tlg001.perseus-eng2::19	unspecified	unspecified	unspecified	unspecified	free	implied	native	implied	resident	implied	unspecified	unspecified	unspecified	unspecified	Athenians	The term 'Athenians' lexically implies native ancestry and residency; participation in the 'Assembly' implies free status. Sex and age are not named.
tlg0027.tlg001.perseus-eng2::20	unspecified	unspecified	unspecified	unspecified	free	implied	unspecified	unspecified	unspecified	unspecified	unspecified	unspecified	unspecified	unspecified	citizens	The word 'citizens' lexically presupposes free status. No other axes are constrained by the verbatim text alone.
tlg0027.tlg001.perseus-eng2::21	unspecified	unspecified	unspecified	unspecified	unspecified	unspecified	unspecified	unspecified	unspecified	unspecified	unspecified	unspecified	magistrates	stated	magistrates	The verbatim specifically addresses 'magistrates' regarding their enforcement duties; it does not define the traits of the magistrates themselves.
tlg0027.tlg001.perseus-eng2::22	unspecified	unspecified	unspecified	unspecified	unspecified	unspecified	unspecified	unspecified	unspecified	unspecified	unspecified	unspecified	arbitrators	stated	arbitrators	The rule names 'arbitrators' as the relevant legal actors for the decisions in question.
tlg0027.tlg001.perseus-eng2::23	unspecified	unspecified	unspecified	unspecified	unspecified	unspecified	unspecified	unspecified	non_resident	stated	unspecified	unspecified	unspecified	unspecified	those who fled from Athens	the verbatim explicitly excludes 'those who fled from Athens' from the amnesty, identifying them by their non-resident status at the time.
tlg0027.tlg001.perseus-eng2::25	unspecified	unspecified	unspecified	unspecified	unspecified	unspecified	unspecified	unspecified	unspecified	unspecified	unspecified	unspecified	public office	stated	Whosoever shall hold a public office	The rule applies to anyone who 'holds a public office' after the suppression of democracy.
tlg0027.tlg001.perseus-eng2::27	unspecified	unspecified	unspecified	unspecified	unspecified	unspecified	unspecified	unspecified	unspecified	unspecified	unspecified	unspecified	unspecified	unspecified	Mr. Informer	The text addresses an individual ('Mr. Informer') but does not specify categorical criteria for the application of the law beyond temporal relevance.
tlg0027.tlg001.perseus-eng2::28	unspecified	unspecified	unspecified	unspecified	free	implied	unspecified	unspecified	resident	stated	unspecified	unspecified	unspecified	unspecified	citizens who had lost them	'Citizens' implies free status; 'restore your exiles' and 'still in Athens' indicates a residence requirement/restoration.
tlg0027.tlg001.perseus-eng2::30	female	stated	unspecified	unspecified	free	implied	unspecified	unspecified	unspecified	unspecified	unspecified	unspecified	unspecified	unspecified	daughters	The word 'daughters' states female sex; 'citizen' indicates free ownership status. No other axes are lexically constrained.
tlg0027.tlg001.perseus-eng2::31	male	stated	minor	implied	free	implied	unspecified	unspecified	unspecified	unspecified	unspecified	unspecified	unspecified	unspecified	child	The words 'child', 'boy', and 'son' imply minor age and male sex. Legitimacy in the context of phratry registration implies free status.
tlg0027.tlg001.perseus-eng2::32	unspecified	unspecified	unspecified	unspecified	unspecified	unspecified	unspecified	unspecified	unspecified	unspecified	unspecified	unspecified	Gymnasiarch	stated	Gymnasiarch	The text lists specific public roles ('Gymnasiarch', 'Treasurer') but doesn't lexically state the categorical wealth or age criteria for them.
tlg0027.tlg001.perseus-eng2::34	male	stated	unspecified	unspecified	unspecified	unspecified	foreign	implied	unspecified	unspecified	unspecified	unspecified	unspecified	unspecified	Thessalians and Andrians	Terms 'Thessalians' and 'Andrians' imply foreign origin; the word 'men' states male sex.
tlg0027.tlg001.perseus-eng2::35	male	stated	unspecified	unspecified	free	implied	unspecified	unspecified	unspecified	unspecified	unspecified	unspecified	unspecified	unspecified	acknowledged citizens	'Citizens' implies free status; 'men' states male sex. No other attributes are lexically stated.
tlg0028.tlg005.perseus-eng2::1	unspecified	unspecified	unspecified	unspecified	unspecified	unspecified	unspecified	unspecified	unspecified	unspecified	unspecified	unspecified	unspecified	unspecified	every one	The verbatim uses the inclusive phrase 'every one', which explicitly avoids limiting by specific category in this context.
tlg0028.tlg005.perseus-eng2::2	unspecified	unspecified	unspecified	unspecified	unspecified	unspecified	foreign	implied	unspecified	unspecified	unspecified	unspecified	unspecified	unspecified	alien	The word 'alien' lexically presupposes foreign (non-native) ancestry/status.
tlg0028.tlg005.perseus-eng2::4	unspecified	unspecified	unspecified	unspecified	unspecified	unspecified	unspecified	unspecified	unspecified	unspecified	unspecified	unspecified	unspecified	unspecified	allied state	The verbatim refers to a collective entity ('allied state'), not to individual person-level criteria.
tlg0028.tlg005.perseus-eng2::5	unspecified	unspecified	unspecified	unspecified	enslaved	implied	unspecified	unspecified	unspecified	unspecified	unspecified	unspecified	unspecified	unspecified	slaves	The word 'slaves' lexically presupposes ownership='enslaved'; no other criteria are stated.
tlg0028.tlg005.perseus-eng2::6	unspecified	unspecified	unspecified	unspecified	enslaved	implied	unspecified	unspecified	unspecified	unspecified	unspecified	unspecified	unspecified	unspecified	slave	The word 'slave' lexically presupposes ownership='enslaved'.
tlg0059.tlg005.perseus-eng2::6	male	implied	unspecified	unspecified	unspecified	unspecified	unspecified	unspecified	unspecified	unspecified	unspecified	unspecified	unspecified	unspecified	names of heroes and men	The word 'men' and the male names provided (Eutychides, Sosias) imply male sex.
tlg0059.tlg005.perseus-eng2::11	unspecified	unspecified	unspecified	unspecified	unspecified	unspecified	native	implied	unspecified	unspecified	unspecified	unspecified	unspecified	unspecified	Greeks	The name 'Greeks' in this counterposed context implies native ancestry relative to the 'barbarians'.
tlg0059.tlg005.perseus-eng2::14	unspecified	unspecified	unspecified	unspecified	unspecified	unspecified	unspecified	unspecified	unspecified	unspecified	unspecified	unspecified	unspecified	unspecified	dumb people	The verbatim refers to 'dumb people' (mute individuals) as the group using signs, but does not specify sex, age, or other status axes.
tlg0062.tlg019.perseus-eng2::1	male	implied	adult	implied	free	implied	unspecified	unspecified	unspecified	unspecified	unspecified	unspecified	philosopher	stated	philosopher	The verbatim explicitly names the occupation 'philosopher'. In this historical and linguistic context, 'philosopher' lexically implies a free adult male.
tlg0062.tlg019.perseus-eng2::2	male	implied	adult	implied	free	implied	unspecified	unspecified	unspecified	unspecified	unspecified	unspecified	professor	stated	Professor	The address 'Professor' identifies an occupation; the context of a guest at a patronage feast implies a free adult male of some standing.
tlg0062.tlg019.perseus-eng2::4	female	implied	any	stated	free	implied	unspecified	unspecified	unspecified	unspecified	unspecified	unspecified	unspecified	unspecified	mother, son	The words 'mother' and 'women's quarters' imply female sex; 'son' implies a male child, indicating both age groups are relevant to the spatial rule (son being moved).
tlg0062.tlg019.perseus-eng2::5	unspecified	unspecified	adult	implied	free	implied	unspecified	unspecified	unspecified	unspecified	high	stated	unspecified	unspecified	heir	The verbatim describes an 'heir' to 'gold and silver in great bowlfuls', implying high wealth and the legal capacity (free adult) to possess property.
tlg0062.tlg019.perseus-eng2::7	unspecified	unspecified	unspecified	unspecified	free	implied	unspecified	unspecified	unspecified	unspecified	high	stated	unspecified	unspecified	cousin	The relative ('cousin') inherits 'enormously rich' property; inheriting property by law implies free ownership status and high wealth.
tlg0062.tlg019.perseus-eng2::8	male	implied	adult	implied	free	implied	unspecified	unspecified	unspecified	unspecified	high	stated	commanders	stated	commanders of horse or foot	The text describes those who pay 'special tax' and serve as 'commanders', stating high wealth and military occupation. Lexically, these roles imply free adult males.
tlg0062.tlg019.perseus-eng2::9	male	implied	adult	implied	free	implied	unspecified	unspecified	unspecified	unspecified	high	stated	commanders	stated	commanders	The verbatim names 'commanders of horse or foot' who pay 'special tax', stating wealth and occupation while implying free adult male status.
tlg0062.tlg019.perseus-eng2::10	unspecified	unspecified	unspecified	unspecified	free	implied	unspecified	unspecified	resident	implied	low	implied	unspecified	unspecified	voters	The 'voters' who go to the 'assembly' imply local residence and free status. The contrast with 'the rich' implies this group has relatively lower wealth.
tlg0062.tlg019.perseus-eng2::11	unspecified	unspecified	unspecified	unspecified	free	implied	unspecified	unspecified	unspecified	unspecified	high	stated	unspecified	unspecified	them [the wealthy]	The text refers to those whose 'properties' are confiscated and who provide 'baths', stating high wealth and implying free ownership status.
tlg0062.tlg019.perseus-eng2::12	unspecified	unspecified	unspecified	unspecified	free	implied	unspecified	unspecified	unspecified	unspecified	high	stated	unspecified	unspecified	them [the wealthy]	The verbatim mentions 'confiscate their properties', which states the existence of property (wealth) and implies free status capable of owning it.
tlg0062.tlg019.perseus-eng2::13	unspecified	unspecified	unspecified	unspecified	free	implied	unspecified	unspecified	unspecified	unspecified	high	stated	unspecified	unspecified	they who toil [the wealthy]	Providing 'baths and shows' states a high wealth requirement and implies the legal and social status of a free person.
tlg0062.tlg019.perseus-eng2::14	male	implied	unspecified	unspecified	enslaved	implied	unspecified	unspecified	unspecified	unspecified	unspecified	unspecified	groom	stated	groom, stable [slaves]	The word 'groom' combined with being 'hiding [money] under the manger' and under 'a master' implied by context (though 'master' is in rule 11) implies enslaved status.
tlg0062.tlg040.perseus-eng2::1	female	stated	unspecified	unspecified	unspecified	unspecified	unspecified	unspecified	unspecified	unspecified	unspecified	unspecified	unspecified	unspecified	Women	The verbatim explicitly states 'Women did not attend the Olympic games,' constraining the sex axis to female.
tlg0062.tlg041.perseus-eng2::0	female	stated	unspecified	unspecified	unspecified	unspecified	unspecified	unspecified	unspecified	unspecified	unspecified	unspecified	unspecified	unspecified	wommen	The verbatim explicitly uses the word 'wommen' (women), constraining the sex axis to female.
tlg0062.tlg041.perseus-eng2::2	unspecified	unspecified	unspecified	unspecified	unspecified	unspecified	native	implied	resident	implied	unspecified	unspecified	unspecified	unspecified	thei [Syrians]	The context of the 'Holy City' and its specific mythological origins (Derceto/Semiramis) implies local (native) residents.
tlg0062.tlg041.perseus-eng2::3	unspecified	unspecified	unspecified	unspecified	unspecified	unspecified	native	implied	resident	implied	unspecified	unspecified	unspecified	unspecified	thei [Syrians]	Local religious observance tied to local mythology implies native residency.
tlg0062.tlg041.perseus-eng2::4	male	implied	unspecified	unspecified	unspecified	unspecified	unspecified	unspecified	unspecified	unspecified	unspecified	unspecified			Galles	The 'Galles' (temple servants) undergo castration, which lexically presupposes male sex prior to the rite.
tlg0062.tlg041.perseus-eng2::6	female	implied	adult	implied	free	implied	unspecified	unspecified	unspecified	unspecified	unspecified	unspecified	unspecified	unspecified	wyf	The word 'wyf' (wife) lexically implies a female of adult age and free status.
tlg0062.tlg041.perseus-eng2::7	male	implied	adult	implied	free	implied	unspecified	unspecified	unspecified	unspecified	high	implied	noble	stated	noble	The word 'noble' states an occupation/status of high wealth and rank, lexically implying a free adult male in this political context.
tlg0062.tlg041.perseus-eng2::8	female	implied	adult	implied	free	implied	unspecified	unspecified	unspecified	unspecified	unspecified	unspecified	unspecified	unspecified	wyf	The word 'wyf' (wife) lexically implies female sex, adult age, and free status. The text describes her being followed by a male to perform tasks she cannot do alone.
tlg0062.tlg041.perseus-eng2::14	male	stated	unspecified	unspecified	unspecified	unspecified	unspecified	unspecified	unspecified	unspecified	unspecified	unspecified	unspecified	unspecified	men	The verbatim explicitly states 'alle men' may enter the great temple.
tlg0062.tlg041.perseus-eng2::19	male	implied	unspecified	unspecified	unspecified	unspecified	unspecified	unspecified	unspecified	unspecified	unspecified	unspecified	unspecified	unspecified	Galles	The text refers to the Galle as 'the man himself', implying male sex, although they are distinguished from 'other men'.
tlg0062.tlg041.perseus-eng2::22	unspecified	unspecified	unspecified	unspecified	unspecified	unspecified	unspecified	unspecified	unspecified	unspecified	unspecified	unspecified	unspecified	unspecified	thei	The verbatim uses the general pronoun 'thei' (they) to describe those who refrain from eating swine; no specific demographic criteria are named.
tlg0062.tlg041.perseus-eng2::23	unspecified	unspecified	unspecified	unspecified	unspecified	unspecified	unspecified	unspecified	unspecified	unspecified	unspecified	unspecified	unspecified	unspecified	thei	The verbatim applies the condition of uncleanness to 'thei' (they) who touch doves, without specifying sex, age, or status.
tlg0062.tlg041.perseus-eng2::26	any	stated	any	stated	unspecified	unspecified	unspecified	unspecified	unspecified	unspecified	unspecified	unspecified	unspecified	unspecified	maydens and the bachelers	The text names 'maydens' (female) and 'bachelers' (male), as well as 'children', covering both sexes and various young ages before marriage.
tlg0086.tlg034.perseus-eng2::1	male	implied	adult	implied	unspecified	unspecified	unspecified	unspecified	unspecified	unspecified	unspecified	unspecified	comic poet	stated	comic poet	The word 'poet' in this historical context lexically implies male/adult; the occupation 'comic poet' is explicitly stated as the target of the archon's grant.
tlg0086.tlg034.perseus-eng2::3	unspecified	unspecified	unspecified	unspecified	unspecified	unspecified	unspecified	unspecified	unspecified	unspecified	unspecified	unspecified	unspecified	unspecified	they	The text refers to the regulation of performances by a water clock using the pronoun 'they', without specifying criteria for the performers.
tlg0086.tlg034.perseus-eng2::12	male	implied	adult	implied	unspecified	unspecified	unspecified	unspecified	unspecified	unspecified	unspecified	unspecified	poet	stated	poet	The word 'poet' implies male and adult status; the occupation 'poet' is explicitly named as being exempt from grammatical censure.
tlg0086.tlg034.perseus-eng2::17	male	stated	unspecified	unspecified	unspecified	unspecified	unspecified	unspecified	unspecified	unspecified	unspecified	unspecified	poet	implied	a man	The text uses 'a man' to refer to the poet representing something, stating male sex; the context implies the occupation of poetry.
tlg0086.tlg034.perseus-eng2::20	female	stated	unspecified	unspecified	unspecified	unspecified	unspecified	unspecified	unspecified	unspecified	high	implied	unspecified	unspecified	women who are not ladies	The text explicitly names 'women' and 'ladies', implying high status/wealth for the latter and female sex for both.
tlg0540.tlg019.perseus-eng2::0	unspecified	unspecified	unspecified	unspecified	unspecified	unspecified	unspecified	unspecified	unspecified	unspecified	unspecified	unspecified	unspecified	unspecified	my sister	The verbatim mentions 'my sister' in the context of a house being deserted and goods confiscated, but doesn't specify the criteria of the person whose property was seized.
tlg0540.tlg019.perseus-eng2::1	female	implied	adult	implied	free	implied	unspecified	unspecified	unspecified	unspecified	unspecified	unspecified	unspecified	unspecified	my sister	The term 'sister' in the context of a 'dowry' implies a free, adult female. The text explicitly links her to the dowry claim.
tlg0540.tlg019.perseus-eng2::2	male	implied	adult	implied	free	implied	unspecified	unspecified	unspecified	unspecified	high	implied	unspecified	unspecified	he	The text refers to 'he' having 'no wealth to start with' but performing expensive liturgies, implies high wealth acquired/required, and male/adult/free status via pronouns.
tlg0540.tlg019.perseus-eng2::3	unspecified	unspecified	minor	implied	free	implied	unspecified	unspecified	unspecified	unspecified	low	stated	unspecified	unspecified	children	The word 'children' implies minor age and free status here; 'no means available' states a condition of low wealth/poverty.
tlg0540.tlg019.perseus-eng2::4	male	implied	adult	implied	free	implied	unspecified	unspecified	unspecified	unspecified	unspecified	unspecified	unspecified	unspecified	Nicophemus and Aristophanes	These are male names, implying male sex and adult status; context of 'estates' and 'trial' implies free status.
tlg0540.tlg019.perseus-eng2::5	male	implied	adult	implied	free	implied	unspecified	unspecified	unspecified	unspecified	high	stated	unspecified	unspecified	Aristophanes	The text details vast expenditures (talents, minae), stating high wealth. 'His purse and person' and male name imply male, adult, free status.
tlg0540.tlg019.perseus-eng2::6	male	implied	adult	implied	free	implied	unspecified	unspecified	unspecified	unspecified	high	stated	unspecified	unspecified	he	The text lists huge payments (minae, drachmae) for military expeditions, stating high wealth. 'He' implies male, adult, free status.
tlg0540.tlg019.perseus-eng2::7	male	implied	adult	implied	free	implied	unspecified	unspecified	unspecified	unspecified	unspecified	unspecified	unspecified	unspecified	Timotheus	The mention of 'property' and 'relatives' in a legal confiscation context involving a male name implies male, adult, and free status.
tlg0540.tlg019.perseus-eng2::8	male	implied	any	stated	free	implied	unspecified	unspecified	unspecified	unspecified	unspecified	unspecified	unspecified	unspecified	son and a wife	The text names 'son' and 'children', implying male sex for the primary heir and a range of ages. Ancestral wealth implies free status.
tlg0540.tlg019.perseus-eng2::9	female	implied	adult	implied	free	implied	native	implied	unspecified	unspecified	low	stated	unspecified	unspecified	daughters and sisters of certain needy citizens	The words 'daughters and sisters' imply female sex and adult age (marriageable); 'citizens' implies free status and native ancestry; 'needy' states low wealth.
tlg0540.tlg025.perseus-eng2::0	unspecified	unspecified	unspecified	unspecified	free	implied	unspecified	unspecified	unspecified	unspecified	high	implied	unspecified	unspecified	citizen	'Citizen' implies free status. Spending on warships and public services beyond what was 'enjoined' implies high wealth. Sex and age are not lexically forced by the word 'citizen'.
tlg0540.tlg025.perseus-eng2::2	unspecified	unspecified	unspecified	unspecified	free	implied	unspecified	unspecified	unspecified	unspecified	unspecified	unspecified	unspecified	unspecified	citizens	The word 'citizens' lexically presupposes free status. No other axis (sex, age, etc.) is constrained by the verbatim.
tlg0540.tlg025.perseus-eng2::4	unspecified	unspecified	unspecified	unspecified	unspecified	unspecified	unspecified	unspecified	unspecified	unspecified	unspecified	unspecified	unspecified	unspecified	democrats	The verbatim refers to 'democrats' and 'men', but in a general socio-political sense that does not lexically force specific criteria beyond potential human agency.
tlg0540.tlg025.perseus-eng2::5	unspecified	unspecified	unspecified	unspecified	unspecified	unspecified	unspecified	unspecified	unspecified	unspecified	high	stated	offices	stated	those who... hold a number of offices	The text describes people who 'made a rapid advance from poverty to wealth' and 'hold a number of offices', stating wealth and occupation.
tlg0540.tlg031.perseus-eng2::0	unspecified	unspecified	unspecified	unspecified	free	implied	unspecified	unspecified	unspecified	unspecified	unspecified	unspecified	Council	stated	those who... hold the citizenship	The word 'citizenship' implies free status; 'sit in Council' states a specific political occupation/role.
tlg0540.tlg031.perseus-eng2::1	unspecified	unspecified	unspecified	unspecified	free	implied	foreign	stated	resident	stated	unspecified	unspecified	unspecified	unspecified	alien	'Alien' states foreign ancestry; 'resided under the protection of a patron' states residency; 'alien' in this legal context (paying tax) implies free status.
tlg0004.tlg001.perseus-eng2::1	unspecified	unspecified	unspecified	unspecified	unspecified	unspecified	unspecified	unspecified	unspecified	unspecified	low	implied	unspecified	unspecified	They	The prohibition of 'personal ornament and the wearing of gold' and the lifestyle of 'bread' and 'vegetables' implies a low-wealth/ascetic status.
tlg0004.tlg001.perseus-eng2::2	unspecified	unspecified	unspecified	unspecified	unspecified	unspecified	unspecified	unspecified	unspecified	unspecified	unspecified	unspecified	unspecified	unspecified	Their	The verbatim describes dietary habits but does not lexically force any specific criterion value on the provided axes.
tlg0004.tlg001.perseus-eng2::6	unspecified	unspecified	unspecified	unspecified	free	implied	unspecified	unspecified	unspecified	unspecified	unspecified	unspecified	politics	stated	citizenship	'Citizenship' implies free status; 'engaging in politics' and giving 'advice on political matters' states an occupation/activity.
tlg0004.tlg001.perseus-eng2::7	unspecified	unspecified	unspecified	unspecified	unspecified	unspecified	unspecified	unspecified	unspecified	unspecified	high	stated	unspecified	unspecified	Thales	The text states the goal to 'grow rich' and 'amassed a fortune' by renting all mills, presupposing high wealth to create a monopoly.
tlg0004.tlg001.perseus-eng2::10	unspecified	unspecified	unspecified	unspecified	free	implied	unspecified	unspecified	non_resident	implied	unspecified	unspecified	unspecified	unspecified	people of Lebedus	Purchasing property implies free status; reporting to a 'mother-city' implies they are residents of a colony, thus non-residents of the mother-city.
tlg0004.tlg001.perseus-eng2::11	unspecified	unspecified	unspecified	unspecified	free	stated	unspecified	unspecified	unspecified	unspecified	low	stated	unspecified	unspecified	serfs or daylabourers	The Law of Release 'ransoms persons', implying a transition from debt-bondage to free; 'poverty' states low wealth.
tlg0004.tlg001.perseus-eng2::13	unspecified	unspecified	unspecified	unspecified	free	implied	unspecified	unspecified	unspecified	unspecified	any	stated	unspecified	unspecified	Every citizen	'Every citizen' implies free status; 'Every' combined with a tithe of property implies any level of wealth/property ownership is subject to the rule.
tlg0004.tlg001.perseus-eng2::14	male	implied	adult	implied	free	implied	unspecified	unspecified	unspecified	unspecified	unspecified	unspecified	unspecified	unspecified	man	The use of 'man' and 'his patrimony' implies male sex, adult age, and free status; 'disfranchised' implies a status loss reserved for citizens (free).
tlg0004.tlg001.perseus-eng2::15	unspecified	unspecified	unspecified	unspecified	unspecified	unspecified	unspecified	unspecified	unspecified	unspecified	unspecified	unspecified	settled occupation	stated	any one	The verbatim explicitly names the lack of a 'settled occupation' as the target of the law.
tlg0004.tlg001.perseus-eng2::16	unspecified	unspecified	unspecified	unspecified	unspecified	unspecified	unspecified	unspecified	unspecified	unspecified	unspecified	unspecified	Assembly	stated	open profligates	The verbatim targets 'open profligates' regarding their 'right to speak in the Assembly', which is an occupational/political role.
tlg0004.tlg001.perseus-eng2::17	male	implied	adult	implied	free	implied	unspecified	unspecified	unspecified	unspecified	unspecified	unspecified	guardian	stated	guardian of an orphan	'Guardian' and his ability to 'marry' imply male sex, adult age, and free status; 'acting as guardian' is the occupation/role.
tlg0004.tlg001.perseus-eng2::20	unspecified	unspecified	unspecified	unspecified	unspecified	unspecified	native	implied	unspecified	unspecified	unspecified	unspecified	kings	stated	kings	The text refers to the 'kings' and the 'family' of Codrus, implying native ancestry and a specific royal occupation.
tlg0004.tlg001.perseus-eng2::23	unspecified	unspecified	unspecified	unspecified	unspecified	unspecified	native	implied	unspecified	unspecified	unspecified	unspecified	unspecified	unspecified	countrymen	The word 'countrymen' lexically presupposes shared native ancestry/origin as the basis for the selection.
tlg0004.tlg001.perseus-eng2::24	unspecified	unspecified	unspecified	unspecified	unspecified	unspecified	unspecified	unspecified	unspecified	unspecified	unspecified	unspecified	unspecified	unspecified	no city	The verbatim describes a person who has 'no city' (apolis), but does not state or imply specific criteria for that status beyond the lack of urban membership.
tlg0004.tlg001.perseus-eng2::25	unspecified	unspecified	unspecified	unspecified	free	stated	native	implied	unspecified	unspecified	unspecified	unspecified	unspecified	unspecified	Athenians, citizens, free men	The text states 'free men' and 'citizens' (implying free status). 'Athenians' lexically presupposes native ancestry.
tlg0004.tlg001.perseus-eng2::26	unspecified	unspecified	unspecified	unspecified	unspecified	unspecified	unspecified	unspecified	unspecified	unspecified	high	stated	unspecified	unspecified	He (Anaxagoras)	The verbatim states the subject was 'eminent for wealth and noble birth' in the context of the 'archonship', naming wealth and high lineage as conditions.
tlg0004.tlg001.perseus-eng2::27	unspecified	unspecified	unspecified	unspecified	unspecified	unspecified	unspecified	unspecified	unspecified	unspecified	unspecified	unspecified	unspecified	unspecified	he (Anaxagoras)	The verbatim describes a trial for impiety but names no lexical criteria for the subject other than his actions/beliefs.
tlg0004.tlg001.perseus-eng2::28	unspecified	unspecified	unspecified	unspecified	unspecified	unspecified	native	implied	unspecified	unspecified	unspecified	unspecified	unspecified	unspecified	relations	The word 'relations' (kin) lexically implies shared ancestry/lineage; the patrimony implies the subject is a free property owner.
tlg0004.tlg001.perseus-eng2::31	male	implied	adult	implied	free	implied	native	implied	unspecified	unspecified	unspecified	unspecified	unspecified	unspecified	citizen, Athenian woman	'Citizen' in context of marriage implies male; 'woman' implies female/adult. 'Athenian' implies native ancestry. 'Citizen' implies free status.
tlg0004.tlg001.perseus-eng2::34	unspecified	unspecified	unspecified	unspecified	unspecified	unspecified	unspecified	unspecified	unspecified	unspecified	unspecified	unspecified	unspecified	unspecified	Socrates	The text names an individual but does not use categorical nouns that force specific criteria for the rule's general application.
tlg0004.tlg001.perseus-eng2::35	unspecified	unspecified	unspecified	unspecified	unspecified	unspecified	unspecified	unspecified	unspecified	unspecified	unspecified	unspecified	unspecified	unspecified	judges	The text mentions maintenance in the 'Prytaneum' but does not lexically define the group eligible for it beyond 'services'.
tlg0004.tlg001.perseus-eng2::37	unspecified	unspecified	unspecified	unspecified	unspecified	unspecified	native	implied	resident	implied	unspecified	unspecified	unspecified	unspecified	Athenians	'Athenians' lexically implies native ancestry; 'banished' implies a prior resident status.
tlg0004.tlg001.perseus-eng2::38	unspecified	unspecified	unspecified	unspecified	freed	stated	unspecified	unspecified	unspecified	unspecified	unspecified	unspecified	unspecified	unspecified	freedman	The verbatim explicitly names the 'freedman' status for the defendant in a prosecution for 'neglect of duty'.
tlg0004.tlg001.perseus-eng2::44	unspecified	unspecified	unspecified	unspecified	free	implied	unspecified	unspecified	unspecified	unspecified	high	implied	unspecified	unspecified	choregus	The role of 'choregus' defrayed by wealth implies 'high' wealth and 'free' status in this social context.
tlg0004.tlg001.perseus-eng2::45	unspecified	unspecified	unspecified	unspecified	unspecified	unspecified	unspecified	unspecified	unspecified	unspecified	unspecified	unspecified	unspecified	unspecified	he (Plato)	The text describes military service but names no categorical group with specific criteria in the verbatim.
tlg0004.tlg001.perseus-eng2::46	unspecified	unspecified	unspecified	unspecified	unspecified	unspecified	native	implied	resident	implied	unspecified	unspecified	unspecified	unspecified	Athenians	'Athenians' implies native ancestry; being 'sent... to settle' implies the creation of a resident population.
tlg0004.tlg001.perseus-eng2::47	unspecified	unspecified	unspecified	unspecified	unspecified	unspecified	foreign	stated	unspecified	unspecified	unspecified	unspecified	unspecified	unspecified	Athenian	The law targets the 'first Athenian' who sets foot on the island, specifying foreign origin relative to Aegina.
tlg0004.tlg001.perseus-eng2::50	unspecified	unspecified	unspecified	unspecified	enslaved	stated	unspecified	unspecified	unspecified	unspecified	unspecified	unspecified	unspecified	unspecified	slave	The verbatim uses the word 'slave' (naming the ownership status) regarding corporal punishment.
tlg0004.tlg001.perseus-eng2::52	unspecified	unspecified	unspecified	unspecified	enslaved	implied	unspecified	unspecified	unspecified	unspecified	unspecified	unspecified	unspecified	unspecified	household servants	The word 'enfranchise' and 'servants' in this context (leaving them in a will) lexically implies enslaved status.
tlg0004.tlg001.perseus-eng2::54	unspecified	unspecified	unspecified	unspecified	unspecified	unspecified	native	implied	unspecified	unspecified	unspecified	unspecified	king	stated	Lacedaemonian kings, Macedonia	The verbatim specifies the occupation ('king') and 'certain family' (native lineage) for hereditary rule.
tlg0004.tlg001.perseus-eng2::55	unspecified	unspecified	unspecified	unspecified	unspecified	unspecified	unspecified	unspecified	unspecified	unspecified	high	stated	unspecified	unspecified	the rich	The verbatim explicitly names a 'property-qualification' and identifies the group as 'the rich'.
tlg0004.tlg001.perseus-eng2::56	unspecified	unspecified	unspecified	unspecified	unspecified	unspecified	unspecified	unspecified	unspecified	unspecified	high	implied	kings	stated	kings	The office of 'kingship' is 'put up for sale', which lexically implies the requirement of 'high' wealth.
tlg0004.tlg001.perseus-eng2::60	unspecified	unspecified	unspecified	unspecified	free	implied	foreign	implied	resident	stated	unspecified	unspecified	unspecified	unspecified	resident aliens	The verbatim uses 'resident aliens' (metics), stating residence and implying foreign ancestry. Tax liability and 'liberty' imply free status.
tlg0004.tlg001.perseus-eng2::61	unspecified	unspecified	unspecified	unspecified	enslaved	implied	unspecified	unspecified	unspecified	unspecified	unspecified	unspecified	unspecified	unspecified	family	The verbatim describes being 'sold', which lexically implies a transition/state of being enslaved (ownership status).
tlg0004.tlg001.perseus-eng2::62	unspecified	unspecified	unspecified	unspecified	enslaved	implied	unspecified	unspecified	unspecified	unspecified	unspecified	unspecified	unspecified	unspecified	youngster	The speaker states they were 'bought', which lexically implies enslaved status.
tlg0004.tlg001.perseus-eng2::63	unspecified	unspecified	unspecified	unspecified	unspecified	unspecified	unspecified	unspecified	unspecified	unspecified	unspecified	unspecified	hierophant	stated	hierophant	The verbatim specifically names the actor as 'the hierophant', a religious occupation.
tlg0004.tlg001.perseus-eng2::64	female	implied	unspecified	unspecified	unspecified	unspecified	unspecified	unspecified	unspecified	unspecified	unspecified	unspecified	concubine	stated	concubine	The verbatim names the occupation 'concubine', which lexically implies female sex.
tlg0004.tlg001.perseus-eng2::65	unspecified	unspecified	unspecified	unspecified	unspecified	unspecified	unspecified	unspecified	unspecified	unspecified	unspecified	unspecified	priest	stated	priest of Deo’s mysteries	The verbatim names the individual 'priest of Deo’s mysteries', identifying a specific religious occupation.
tlg0004.tlg001.perseus-eng2::66	female	implied	minor	stated	unspecified	unspecified	unspecified	unspecified	unspecified	unspecified	unspecified	unspecified	unspecified	unspecified	girl	The verbatim uses the term 'girl', which names the age as minor/young and implies female sex.
tlg0004.tlg001.perseus-eng2::67	female	implied	unspecified	unspecified	unspecified	unspecified	unspecified	unspecified	unspecified	unspecified	unspecified	unspecified	unspecified	unspecified	Herpyllis	The verbatim refers to Herpyllis with the pronoun 'she' and mentions her being 'married', implying female sex.
tlg0004.tlg001.perseus-eng2::68	unspecified	unspecified	unspecified	unspecified	enslaved	implied	unspecified	unspecified	unspecified	unspecified	unspecified	unspecified	unspecified	unspecified	servant	The mentions of 'freedom' being given and agents being 'purchased' imply an enslaved ownership status.
tlg0004.tlg001.perseus-eng2::69	unspecified	unspecified	unspecified	unspecified	enslaved	implied	unspecified	unspecified	unspecified	unspecified	unspecified	unspecified	servants	stated	servants	The verbatim mentions 'freedom' granted to 'servants' who might be 'sold', implying enslaved ownership status and naming their occupation.
tlg0004.tlg001.perseus-eng2::70	unspecified	unspecified	unspecified	unspecified	unspecified	unspecified	unspecified	unspecified	unspecified	unspecified	unspecified	unspecified	philosopher	stated	philosopher	The verbatim explicitly names 'philosopher' as the category of person presiding over a school.
tlg0004.tlg001.perseus-eng2::71	unspecified	unspecified	unspecified	unspecified	unspecified	unspecified	unspecified	unspecified	resident	stated	unspecified	unspecified	philosophers	stated	philosophers	The verbatim names the occupation 'philosophers' and states they 'return and live there', which constrains residence.
tlg0004.tlg001.perseus-eng2::74	unspecified	unspecified	unspecified	unspecified	enslaved	implied	unspecified	unspecified	unspecified	unspecified	unspecified	unspecified	unspecified	unspecified	slaves	The verbatim uses the word 'slaves', which lexically presupposes enslaved ownership status.
tlg0004.tlg001.perseus-eng2::76	unspecified	unspecified	unspecified	unspecified	unspecified	unspecified	unspecified	unspecified	unspecified	unspecified	unspecified	unspecified	unspecified	unspecified	community	The verbatim refers to a 'community' holding property jointly, but does not provide lexical grounds for other criteria.
tlg0004.tlg001.perseus-eng2::77	unspecified	unspecified	unspecified	unspecified	enslaved	implied	unspecified	unspecified	unspecified	unspecified	unspecified	unspecified	unspecified	unspecified	litter-bearers	The verbatim describes individuals being 'set free' after 'service', implying an enslaved ownership status.
tlg0004.tlg001.perseus-eng2::78	unspecified	unspecified	unspecified	unspecified	free	stated	native	stated	unspecified	unspecified	unspecified	unspecified	unspecified	unspecified	Athenian	The verbatim names ancestry ('pure Attic blood') and 'free-born' status as relevant social/legal factors.
tlg0004.tlg001.perseus-eng2::81	unspecified	unspecified	unspecified	unspecified	unspecified	unspecified	native	stated	unspecified	unspecified	unspecified	unspecified	banker	stated	native of Sinope	The verbatim names ancestry ('native of Sinope') and the occupation of 'banker'.
tlg0004.tlg001.perseus-eng2::82	unspecified	unspecified	unspecified	unspecified	unspecified	unspecified	unspecified	unspecified	unspecified	unspecified	unspecified	unspecified	unspecified	unspecified	father	The verbatim does not lexically constrain the axes beyond familial relationship.
tlg0004.tlg001.perseus-eng2::83	male	implied	unspecified	unspecified	enslaved	stated	unspecified	unspecified	unspecified	unspecified	unspecified	unspecified	physician	stated	slave	The verbatim names ownership status ('slave') and refers to male children ('sons'), implying sex.
tlg0004.tlg001.perseus-eng2::89	male	implied	minor	implied	unspecified	unspecified	unspecified	unspecified	unspecified	unspecified	unspecified	unspecified	unspecified	unspecified	children	The verbatim mentions 'children', implying minor age; being 'set over' them suggests a household management role.
tlg0004.tlg001.perseus-eng2::91	unspecified	unspecified	unspecified	unspecified	free	implied	native	implied	unspecified	unspecified	unspecified	unspecified	unspecified	unspecified	fellow-citizens	'Citizen' lexically presupposes free status and 'fellow' in this context (Thebes) implies native ancestry/membership.
tlg0004.tlg001.perseus-eng2::92	male	implied	adult	implied	unspecified	unspecified	unspecified	unspecified	unspecified	unspecified	unspecified	unspecified	unspecified	unspecified	cadet on service	The term 'cadet' (ephebe) lexically implies a young adult male in military training; 'son' confirms male sex.
tlg0004.tlg001.perseus-eng2::93	female	stated	adult	implied	unspecified	unspecified	unspecified	unspecified	unspecified	unspecified	unspecified	unspecified	unspecified	unspecified	woman	The verbatim explicitly mentions 'woman' and 'girl' (who has a husband, implying adult status) and contrasts her behavior with what is 'natural in a woman'.
tlg0004.tlg001.perseus-eng2::94	unspecified	unspecified	unspecified	unspecified	enslaved	stated	foreign	implied	unspecified	unspecified	unspecified	unspecified	unspecified	unspecified	slave	The verbatim states the subject was 'a slave' and a 'Phoenician' by descent (lexically foreign to Thebes/Pontus).
tlg0004.tlg001.perseus-eng2::95	unspecified	unspecified	unspecified	unspecified	unspecified	unspecified	unspecified	unspecified	unspecified	unspecified	unspecified	unspecified	unspecified	unspecified	unspecified	The verbatim describes individuals lending money and bottomry but contains no categorical nouns or legal constraints regarding group eligibility.
tlg0004.tlg001.perseus-eng2::97	unspecified	unspecified	unspecified	unspecified	free	implied	native	implied	unspecified	unspecified	unspecified	unspecified	unspecified	unspecified	Athenians	The term 'Athenians' lexically implies native ancestry and, in the context of electing commissioners, free status.
tlg0004.tlg001.perseus-eng2::98	unspecified	unspecified	unspecified	unspecified	enslaved	implied	unspecified	unspecified	unspecified	unspecified	unspecified	unspecified	unspecified	unspecified	slave	The word 'slave' lexically presupposes ownership='enslaved'.
tlg0004.tlg001.perseus-eng2::103	female	stated	unspecified	unspecified	unspecified	unspecified	unspecified	unspecified	unspecified	unspecified	unspecified	unspecified	unspecified	unspecified	female	The verbatim explicitly names the 'female' as the subject of the biological claim.
tlg0004.tlg001.perseus-eng2::105	male	implied	unspecified	unspecified	unspecified	unspecified	unspecified	unspecified	unspecified	unspecified	low	implied	unspecified	unspecified	sturdy a fellow	The term 'fellow' implies male sex; the context of an inquiry into 'how he made his living' and a donation implies a low-wealth status.
tlg0004.tlg001.perseus-eng2::106	unspecified	unspecified	unspecified	unspecified	unspecified	unspecified	unspecified	unspecified	unspecified	unspecified	high	implied	unspecified	unspecified	property which he had inherited from his father	The mention of inherited property significant enough for a king's treasury suggests high wealth.
tlg0004.tlg001.perseus-eng2::107	male	implied		unspecified	unspecified	unspecified	unspecified	unspecified	unspecified	unspecified	unspecified	unspecified	physician	stated	court-physician	The verbatim names the occupation 'court-physician'; 'son' implies male sex.
tlg0004.tlg001.perseus-eng2::109	unspecified	unspecified	unspecified	unspecified	unspecified	unspecified	foreign	implied	unspecified	unspecified	unspecified	unspecified	unspecified	unspecified	foreign countries	The text describes Pythagoras traveling to 'foreign countries' and being initiated into 'mysteries ... of foreign countries', implying a foreign ancestry status relative to those locales.
tlg0004.tlg001.perseus-eng2::110	unspecified	unspecified	unspecified	unspecified	unspecified	unspecified	unspecified	unspecified	unspecified	unspecified	unspecified	unspecified	unspecified	unspecified	assembly	The verbatim mentions an 'assembly' (implied political participation), but does not state the lexical criteria for membership in this specific quote.
tlg0004.tlg001.perseus-eng2::111	female	implied	adult	implied	unspecified	unspecified	unspecified	unspecified	unspecified	unspecified	unspecified	unspecified	unspecified	unspecified	wives	The word 'wives' lexically presupposes female sex and adult age.
tlg0004.tlg001.perseus-eng2::112	unspecified	unspecified	unspecified	unspecified	any	stated	unspecified	unspecified	unspecified	unspecified	unspecified	unspecified	unspecified	unspecified	slave nor free man	The verbatim 'neither slave nor free man' explicitly covers both ownership statuses (any).
tlg0004.tlg001.perseus-eng2::114	female	stated	adult	implied	unspecified	unspecified	unspecified	unspecified	unspecified	unspecified	unspecified	unspecified	unspecified	unspecified	woman	The verbatim names the subject a 'woman' and 'daughter', implying female sex and adult (or near-adult) standing in handling memoirs.
tlg0004.tlg001.perseus-eng2::118	female	implied	unspecified	unspecified	unspecified	unspecified	unspecified	unspecified	unspecified	unspecified	low	implied	unspecified	unspecified	maidens who had no dowry	'Maidens' implies female sex; 'no dowry' implies low wealth status in its context.
tlg0004.tlg001.perseus-eng2::119	unspecified	unspecified	unspecified	unspecified	unspecified	unspecified	unspecified	unspecified	unspecified	unspecified	unspecified	unspecified	unspecified	unspecified	all others	The verbatim refers to 'all others' in the city but provides no specific lexical criteria for this group beyond exclusion from command.
tlg0004.tlg001.perseus-eng2::122	male	implied	unspecified	unspecified	unspecified	unspecified	unspecified	unspecified	unspecified	unspecified	unspecified	unspecified	unspecified	unspecified	brother	The mention of 'kingship' and 'brother' implies male sex through hereditary succession terms.
tlg0004.tlg001.perseus-eng2::123	male	implied	adult	stated	unspecified	unspecified	unspecified	unspecified	unspecified	unspecified	unspecified	unspecified	unspecified	unspecified	grown man	The verbatim explicitly names 'grown man', stating adult age and implying male sex.
tlg0004.tlg001.perseus-eng2::124	unspecified	unspecified	unspecified	unspecified	free	implied	native	stated	unspecified	unspecified	unspecified	unspecified	unspecified	unspecified	native of Samos	The verbatim states 'native of Samos', which implies native ancestry; involvement in politics implies free status.
tlg0004.tlg001.perseus-eng2::125	unspecified	unspecified	unspecified	unspecified	unspecified	unspecified	native	stated	unspecified	unspecified	unspecified	unspecified	legislator	stated	legislator	The verbatim explicitly describes Parmenides as serving his 'native city' in the role of 'legislator'.
tlg0004.tlg001.perseus-eng2::126	unspecified	unspecified	unspecified	unspecified	enslaved	stated	unspecified	unspecified	unspecified	unspecified	unspecified	unspecified	unspecified	unspecified	slavery	The verbatim explicitly mentions being 'sold into slavery' and subsequently being 'set free'.
tlg0004.tlg001.perseus-eng2::127	male	implied	minor	stated	unspecified	unspecified	unspecified	unspecified	unspecified	unspecified	unspecified	unspecified	pupil	stated	boy	The text identifies the subject as a 'boy' (implying male sex and minor age) and a 'pupil' of Magians.
tlg0004.tlg001.perseus-eng2::128	unspecified	unspecified	unspecified	unspecified	unspecified	unspecified	native	implied	unspecified	unspecified	low	implied	unspecified	unspecified	no one who had squandered his patrimony	The law targets those who 'squandered his patrimony' (implying low wealth post-squandering) and refers to their 'native city'.
tlg0004.tlg001.perseus-eng2::130	unspecified	unspecified	unspecified	unspecified	unspecified	unspecified	unspecified	unspecified	resident	implied	unspecified	unspecified	unspecified	unspecified	the Athenians	The text mentions 'expelled' and 'sending round a herald', which implies the subject was a resident in the jurisdiction.
tlg0004.tlg001.perseus-eng2::131	unspecified	unspecified	unspecified	unspecified	unspecified	unspecified	unspecified	unspecified	unspecified	unspecified	high	implied	disciple	stated	disciple	Demanding a 'fee of a hundred minae' (a large sum) implies high wealth for the 'disciple' paying it.
tlg0004.tlg001.perseus-eng2::132	unspecified	unspecified	unspecified	unspecified	unspecified	unspecified	unspecified	unspecified	unspecified	unspecified	unspecified	unspecified	philosophers	stated	philosophers	The verbatim explicitly names 'philosophers' as the group exempt from taxation.
tlg0004.tlg001.perseus-eng2::133	unspecified	unspecified	unspecified	unspecified	unspecified	unspecified	unspecified	unspecified	unspecified	unspecified	unspecified	unspecified	unspecified	unspecified	citizenship	The verbatim refers to honoring a person with 'citizenship', which is the categorical resource being granted.
tlg0004.tlg001.perseus-eng2::134	male	stated	adult	implied	unspecified	unspecified	foreign	stated	unspecified	unspecified	unspecified	unspecified	unspecified	unspecified	Persians	The text names 'Persians' (ancestry) and specifies the right for a 'man' (sex) to marry, which lexically implies adult status.
tlg0004.tlg001.perseus-eng2::135	unspecified	unspecified	unspecified	unspecified	unspecified	unspecified	foreign	stated	unspecified	unspecified	unspecified	unspecified	unspecified	unspecified	Massagetae	The verbatim names the 'Massagetae' as the group with this marital custom.
tlg0004.tlg001.perseus-eng2::136	unspecified	unspecified	unspecified	unspecified	unspecified	unspecified	foreign	stated	unspecified	unspecified	unspecified	unspecified	piracy	stated	Cilicians	The text identifies 'Cilicians' (ancestry) and their delight in 'piracy' (occupation).
tlg0004.tlg001.perseus-eng2::139	unspecified	unspecified	unspecified	unspecified	enslaved	stated	unspecified	unspecified	unspecified	unspecified	unspecified	unspecified	servants	stated	slave	The verbatim explicitly uses the words 'slave' and 'servants'.
tlg0004.tlg001.perseus-eng2::140	any	stated	unspecified	unspecified	enslaved	stated	unspecified	unspecified	unspecified	unspecified	unspecified	unspecified	unspecified	unspecified	slaves	The text mentions 'slaves' and names both males (Mys, Nicias, Lycon) and a female (Phaedrium), indicating sex=any.
tlg0004.tlg001.perseus-eng2::141	any	stated	minor	implied	unspecified	unspecified	unspecified	unspecified	unspecified	unspecified	unspecified	unspecified	unspecified	unspecified	son / daughter	The text describes provision for 'son' and 'daughter' (sex=any) until she 'comes of age' (implying minor status).
tlg0004.tlg001.perseus-eng2::142	female	implied	adult	stated	unspecified	unspecified	unspecified	unspecified	unspecified	unspecified	unspecified	unspecified	unspecified	unspecified	girl	The text refers to a 'girl' receiving a dowry when she 'comes of age' (stating adult age is the trigger).
tlg0004.tlg001.perseus-eng2::143	unspecified	unspecified	unspecified	unspecified	free	implied	native	implied	unspecified	unspecified	unspecified	unspecified	cadet	stated	Athenian citizen	'Athenian citizen' implies native ancestry and free status; 'cadet' states an occupation/training status.
tlg0004.tlg001.perseus-eng2::147	female	stated	unspecified	unspecified	unspecified	unspecified	unspecified	unspecified	unspecified	unspecified	unspecified	unspecified	unspecified	unspecified	women	The verbatim explicitly names 'women' as being subject to specific legal restrictions.
tlg0004.tlg001.perseus-eng2::149	unspecified	unspecified	unspecified	unspecified	unspecified	unspecified	unspecified	unspecified	unspecified	unspecified	unspecified	unspecified	unspecified	unspecified	he	The text specifies 'he will take a suit into court', but 'he' here refers to the 'wise man' generic profile, which is not a categorical noun like 'citizen'.
tlg0007.tlg005.perseus-eng2::0	male	implied	adult	implied	free	implied	unspecified	unspecified	unspecified	unspecified	unspecified	unspecified	senators	stated	senators	The word 'senators' lexically presupposes male, adult, and free status; their occupation is stated.
tlg0007.tlg005.perseus-eng2::1	male	implied	adult	implied	free	implied	unspecified	unspecified	unspecified	unspecified	unspecified	unspecified	king	stated	king	The word 'king' and 'man' implies male sex and adult age; free status is lexically presupposed.
tlg0007.tlg005.perseus-eng2::4	female	implied	unspecified	unspecified	free	implied	unspecified	unspecified	unspecified	unspecified	unspecified	unspecified	unspecified	unspecified	sacred virgins	The word 'virgins' lexically presupposes female sex and (in this context) free status. No specific age value is stated for the group's beginning.
tlg0007.tlg005.perseus-eng2::5	female	implied	unspecified	unspecified	free	implied	unspecified	unspecified	unspecified	unspecified	unspecified	unspecified	unspecified	unspecified	mothers of three children	The term 'mothers' implies female sex and free status. The text compares the subjects to these mothers to establish their legal rights.
tlg0007.tlg005.perseus-eng2::9	female	implied	adult	implied	free	implied	unspecified	unspecified	unspecified	unspecified	unspecified	unspecified	unspecified	unspecified	women who have lost their husbands	The words 'women' and 'husbands' imply female sex, adult age, and free status.
tlg0007.tlg005.perseus-eng2::10	unspecified	unspecified	unspecified	unspecified	unspecified	unspecified	unspecified	unspecified	unspecified	unspecified	unspecified	unspecified	unspecified	unspecified	soldier or king of Rome	The verbatim refers to the roles of soldier and king, but does not provide lexical grounds for other criteria in this specific snippet.
tlg0007.tlg005.perseus-eng2::11	unspecified	unspecified	unspecified	unspecified	unspecified	unspecified	unspecified	unspecified	unspecified	unspecified	unspecified	unspecified	menial and manual labour	stated	menial and manual labour	The verbatim explicitly names the occupation category 'menial and manual labour' as the target of the prohibition.
tlg0007.tlg005.perseus-eng2::12	unspecified	unspecified	unspecified	unspecified	free	implied	native	implied	resident	implied	low	stated	unspecified	unspecified	indigent citizens	'Indigent' states low wealth; 'citizens' implies free status, native ancestry, and residence.
tlg0007.tlg005.perseus-eng2::13	unspecified	unspecified	unspecified	unspecified	free	implied	native	implied	unspecified	unspecified	unspecified	unspecified	agriculture	implied	citizens ... from the condition of their farms	'Citizens' implies free status and native ancestry; the reference to 'farms' implies an agricultural occupation/context.
tlg0007.tlg005.perseus-eng2::14	male	stated	adult	implied	free	stated	unspecified	unspecified	unspecified	unspecified	unspecified	unspecified	unspecified	unspecified	married sons	The word 'sons' states male sex; 'married' implies adult age; 'free' is explicitly mentioned as the status the wife expects the son to have.
tlg0007.tlg005.perseus-eng2::18	male	implied	unspecified	unspecified	unspecified	unspecified	unspecified	unspecified	unspecified	unspecified	unspecified	unspecified	unspecified	unspecified	son of the Marcius	The word 'son' implies male sex. The verbatim does not specify ancestry or other criteria for the general category of senator.
tlg0007.tlg005.perseus-eng2::19	unspecified	unspecified	unspecified	unspecified	unspecified	unspecified	unspecified	unspecified	unspecified	unspecified	unspecified	unspecified	unspecified	unspecified	senate	The verbatim mentions the Senate as a body but contains no words that lexically constrain the criteria of its members.
tlg0007.tlg013.perseus-eng2::1	male	implied	unspecified	unspecified	unspecified	unspecified	unspecified	unspecified	unspecified	unspecified	unspecified	unspecified	unspecified	unspecified	consul	The pronoun 'him' used for the consul implies male sex. Other criteria are not lexically grounded in the specific verbatim.
tlg0007.tlg013.perseus-eng2::2	unspecified	unspecified	unspecified	unspecified	unspecified	unspecified	unspecified	unspecified	unspecified	unspecified	unspecified	unspecified	unspecified	unspecified	consul	The verbatim refers to the office of 'consul' but provides no lexical anchors for specific population criteria.
tlg0007.tlg013.perseus-eng2::3	male	implied	unspecified	unspecified	unspecified	unspecified	unspecified	unspecified	unspecified	unspecified	unspecified	unspecified	unspecified	unspecified	tribune of the people	The pronouns 'him' and 'his' refer to the holder of the office, implying male sex.
tlg0007.tlg013.perseus-eng2::4	male	implied	unspecified	unspecified	unspecified	unspecified	unspecified	unspecified	unspecified	unspecified	unspecified	unspecified	unspecified	unspecified	dictator	The pronouns 'his' and 'him' (referring to Fabius) imply male sex for the office holder.
tlg0007.tlg013.perseus-eng2::5	male	implied	unspecified	unspecified	unspecified	unspecified	unspecified	unspecified	unspecified	unspecified	unspecified	unspecified	unspecified	unspecified	captives man for man	The term 'man for man' implies the prisoners in this instance are male.
tlg0007.tlg013.perseus-eng2::6	male	implied	unspecified	unspecified	unspecified	unspecified	unspecified	unspecified	unspecified	unspecified	unspecified	unspecified	general	implied	general	The word 'general' implies a military occupation; the masculine name 'Terentius' and 'his' imply male sex.
tlg0007.tlg013.perseus-eng2::7	male	stated	unspecified	unspecified	unspecified	unspecified	unspecified	unspecified	unspecified	unspecified	unspecified	unspecified	unspecified	unspecified	young man of the patrician order	The words 'young man' state male sex. 'Patrician order' is a social class, but the verbatim does not define its ancestry or wealth lexicon.
tlg0007.tlg013.perseus-eng2::9	female	implied	unspecified	unspecified	free	implied	unspecified	unspecified	unspecified	unspecified	unspecified	unspecified	unspecified	unspecified	vestal virgins	The word 'virgins' and the reflexive 'herself' imply female sex. The status of a Vestal implies free status.
tlg0007.tlg013.perseus-eng2::10	unspecified	unspecified	unspecified	unspecified	enslaved	stated	foreign	stated	non_resident	implied	unspecified	unspecified	unspecified	unspecified	Tarentines	The text states they were 'sold into slavery' (enslaved) and were 'Tarentines' (foreign ancestry relative to Rome, non-residents of the ruling city).
tlg0007.tlg013.perseus-eng2::11	male	implied	adult	implied	unspecified	unspecified	unspecified	unspecified	unspecified	unspecified	unspecified	unspecified	unspecified	unspecified	consul	The words 'father' and 'his' imply male sex and adult age for the individuals described.
tlg0007.tlg013.perseus-eng2::12	unspecified	unspecified	unspecified	unspecified	unspecified	unspecified	unspecified	unspecified	unspecified	unspecified	unspecified	unspecified	officer	stated	officer	The verbatim refers to the subject as an 'officer' who has received a 'high office'; familial terms like 'parents' and 'children' describe the hierarchy but the rule applies to the office holder.
tlg0007.tlg013.perseus-eng2::14	male	implied	adult	implied	free	implied	unspecified	unspecified	unspecified	unspecified	unspecified	unspecified	pontifex maximus	stated	pontifex maximus	The verbatim names the occupation 'pontifex maximus' (High Priest). The masculine form and nature of the high priesthood in this context imply a free adult male.
tlg0007.tlg014.perseus-eng2::0	male	implied	unspecified	unspecified	free	implied	unspecified	unspecified	unspecified	unspecified	unspecified	unspecified	unspecified	unspecified	men of the highest birth	The verbatim refers to 'men', implying male sex. Citizenship/freedom is implied by the context of ostracism, though ancestry is only hinted at by 'highest birth'.
tlg0007.tlg014.perseus-eng2::1	unspecified	unspecified	unspecified	unspecified	unspecified	unspecified	unspecified	unspecified	resident	implied	unspecified	unspecified	unspecified	unspecified	the city	The verbatim mentions enriching 'the city' with holidays, implying those resident in the city are the beneficiaries. No specific social category is named.
tlg0007.tlg014.perseus-eng2::2	unspecified	unspecified	unspecified	unspecified	unspecified	unspecified	unspecified	unspecified	unspecified	unspecified	unspecified	unspecified	soldiers	stated	captured soldiers	The verbatim explicitly names the group 'soldiers' (specifically 'captured soldiers'). No other demographic criteria are stated or lexically implied.
tlg0007.tlg017.perseus-eng2::0	unspecified	unspecified	unspecified	unspecified	unspecified	unspecified	unspecified	unspecified	unspecified	unspecified	low	stated	unspecified	unspecified	the poor	The verbatim explicitly mentions 'the poor' and 'debtors', establishing low wealth status as the primary identifier.
tlg0007.tlg017.perseus-eng2::1	unspecified	unspecified	unspecified	unspecified	free	implied	unspecified	unspecified	unspecified	unspecified	unspecified	unspecified	unspecified	unspecified	a people	The verbatim refers to 'a people' (the multitude) with the power to vote and ostracize, which lexically implies a body of free citizens.
tlg0007.tlg017.perseus-eng2::2	unspecified	unspecified	unspecified	unspecified	free	implied	native	implied	unspecified	unspecified	unspecified	unspecified	unspecified	unspecified	countrymen	The word 'countrymen' implies shared native ancestry/citizenship and horizontal social status among the free population.
tlg0007.tlg018.perseus-eng2::0	unspecified	unspecified	unspecified	unspecified	unspecified	unspecified	unspecified	unspecified	unspecified	unspecified	unspecified	unspecified	unspecified	unspecified	common people	The verbatim mentions 'one of the common people' rising in the assembly, but doesn't explicitly link demographic traits to the assistance rule itself.
tlg0007.tlg018.perseus-eng2::1	unspecified	unspecified	unspecified	unspecified	free	stated	foreign	stated	resident	implied	unspecified	unspecified	unspecified	unspecified	Sicilian Greeks	The verbatim specifies 'Sicilian Greeks' and 'free and independent citizens' as the target for land allotment in Syracuse.
tlg0007.tlg018.perseus-eng2::2	unspecified	unspecified	unspecified	unspecified	unspecified	unspecified	native	implied	unspecified	unspecified	unspecified	unspecified	unspecified	unspecified	Syracusan	The verbatim specifies 'any Syracusan who wished' may use the laws, implying native citizenship status.
tlg0007.tlg018.perseus-eng2::3	unspecified	unspecified	unspecified	unspecified	unspecified	unspecified	foreign	stated	unspecified	unspecified	unspecified	unspecified	general	stated	Corinthian	The verbatim mandates the general be a 'Corinthian', which in the context of Syracuse denotes a specific foreign (mother-city) ancestry.
tlg0007.tlg024.perseus-eng2::0	unspecified	unspecified	unspecified	unspecified	unspecified	unspecified	unspecified	unspecified	unspecified	unspecified	high	stated	Archon Eponymous	stated	Pentacosiomedimni	The verbatim specifies the office 'Archon Eponymous' and the wealth class 'highest property assessments' (Pentacosiomedimni).
tlg0007.tlg024.perseus-eng2::1	unspecified	unspecified	unspecified	unspecified	unspecified	unspecified	unspecified	unspecified	unspecified	unspecified	high	implied	unspecified	unspecified	men from great houses	The verbatim excludes 'poor men' and targets 'men from great houses' and those with 'reputation' or 'lineage', implying high wealth and status.
tlg0007.tlg024.perseus-eng2::2	unspecified	unspecified	unspecified	unspecified	free	implied	native	implied	unspecified	unspecified	unspecified	unspecified	unspecified	unspecified	citizen	The verbatim uses the term 'citizen' for both the voter and the banished person, implying free status and native ancestry.
tlg0007.tlg024.perseus-eng2::3	male	implied	unspecified	unspecified	unspecified	unspecified	unspecified	unspecified	non_resident	stated	unspecified	unspecified	unspecified	unspecified	the man	The verbatim refers to 'the man' (sex=male) and his status as 'banished' (residence=non_resident) while retaining property income.
tlg0007.tlg024.perseus-eng2::5	unspecified	unspecified	unspecified	unspecified	unspecified	unspecified	native	implied	unspecified	unspecified	any	stated	archons	stated	all the Athenians	The verbatim states archons be chosen from 'all the Athenians' and 'all classes', indicating an explicit 'any' for wealth.
tlg0007.tlg024.perseus-eng2::6	female	implied	adult	implied	unspecified	unspecified	unspecified	unspecified	unspecified	unspecified	low	stated	unspecified	unspecified	daughters	The verbatim names 'daughters' (sex; age) and notes the father 'did not leave even enough to pay for his funeral' (low wealth).
tlg0007.tlg028.perseus-eng2::0	male	implied	minor	stated	unspecified	unspecified	unspecified	unspecified	unspecified	unspecified	unspecified	unspecified	soldiers	stated	young men	The verbatim specifies 'young men' (age=minor/early adult) and their role as 'soldiers' (occupation).
tlg0007.tlg028.perseus-eng2::1	male	implied	minor	stated	unspecified	unspecified	unspecified	unspecified	unspecified	unspecified	unspecified	unspecified	consul	stated	young man	The verbatim describes a 'young man' who was 'not yet thirty years old' trying to enter the 'highest office' (consul).
tlg0007.tlg028.perseus-eng2::2	unspecified	unspecified	unspecified	unspecified	unspecified	unspecified	foreign	implied	resident	implied	unspecified	unspecified	unspecified	unspecified	alien	The word 'alien' implies foreign ancestry; paying a tax and being 'haled away' in the city implies residence. No other axes are named.
tlg0007.tlg028.perseus-eng2::4	male	implied	adult	implied	free	implied	unspecified	unspecified	unspecified	unspecified	unspecified	unspecified	senator	stated	senate	The mention of 'purging the senate' and 'consular dignity' implies the subject is a male adult senator; 'free' status is lexically inherent to such high office.
tlg0007.tlg028.perseus-eng2::6	unspecified	unspecified	unspecified	unspecified	free	stated	unspecified	unspecified	unspecified	unspecified	unspecified	unspecified	unspecified	unspecified	citizens	The verbatim states the condition 'born of free parents', which constrains ownership status.
tlg0007.tlg034.perseus-eng2::0	male	implied	adult	implied	free	implied	native	implied	unspecified	unspecified	unspecified	unspecified	kings	stated	kings	Kingship and 'ancient family' imply male, adult, free status and native ancestry. 'Kings' is the occupational label.
tlg0007.tlg034.perseus-eng2::1	unspecified	unspecified	unspecified	unspecified	free	implied	unspecified	unspecified	unspecified	unspecified	unspecified	unspecified	unspecified	unspecified	citizens	'Citizen' lexically presupposes free ownership status; the verbatim does not name other criteria.
tlg0007.tlg034.perseus-eng2::2	unspecified	unspecified	unspecified	unspecified	unspecified	unspecified	unspecified	unspecified	unspecified	unspecified	high	implied	unspecified	unspecified	wealthiest and greatest estates	The target is defined by having the 'wealthiest and greatest estates', implying high wealth.
tlg0007.tlg034.perseus-eng2::3	male	implied	adult	implied	free	implied	unspecified	unspecified	unspecified	unspecified	unspecified	unspecified	consul	stated	sons of consuls	Terms like 'sons of consuls' and candidates for 'consulship' imply male, adult, free individuals.
tlg0007.tlg037.perseus-eng2::0	unspecified	unspecified	unspecified	unspecified	unspecified	unspecified	unspecified	unspecified	unspecified	unspecified	high	implied	unspecified	unspecified	luxurious livers	The text contrasts 'slight outlay' with 'large cost' for 'luxurious livers', implying high wealth.
tlg0007.tlg037.perseus-eng2::1	unspecified	unspecified	unspecified	unspecified	free	implied	unspecified	unspecified	unspecified	unspecified	unspecified	unspecified	unspecified	unspecified	citizens	'Citizens' lexically presupposes free ownership status; no other axis is explicitly constrained by the text.
tlg0007.tlg037.perseus-eng2::2	unspecified	unspecified	unspecified	unspecified	unspecified	unspecified	unspecified	unspecified	unspecified	unspecified	unspecified	unspecified	unspecified	unspecified	country	The verbatim refers to individuals conferring power on their country but lacks specific demographic constraints for the elite group itself.
tlg0007.tlg046.perseus-eng2::0	male	implied	adult	implied	free	implied	native	implied	unspecified	unspecified	unspecified	unspecified	king	stated	king	The term 'king' lexically presupposes male, adult, and free status; 'Eurypontidae' and 'legitimate birth' imply native ancestry.
tlg0007.tlg046.perseus-eng2::1	male	implied	adult	implied	free	implied	native	implied	unspecified	unspecified	unspecified	unspecified	king	stated	king who was of legitimate birth and sound of limb	A 'king' of 'legitimate birth' implies male, adult, free, and native; 'sound of limb' adds a physical requirement.
tlg0007.tlg046.perseus-eng2::2	unspecified	unspecified	unspecified	unspecified	free	implied	unspecified	unspecified	unspecified	unspecified	unspecified	unspecified	unspecified	unspecified	citizens	'Citizens' implies free status; 'those who had played the coward' specifies the legal condition, not a demographic axis.
tlg0007.tlg068.perseus-eng3::3	unspecified	unspecified	unspecified	unspecified	free	implied	unspecified	unspecified	unspecified	unspecified	unspecified	unspecified	nobles	stated	nobles	'Nobles' implies high status and free ownership; 'nobles' is the occupational/class label used.
tlg0007.tlg069.perseus-eng3::0	male	implied	minor	implied	free	implied	unspecified	unspecified	unspecified	unspecified	high	implied	unspecified	unspecified	young men of good family	'Young men' implies male sex and minor age (pre-toga); 'good family' and 'tutors' imply free status and high wealth.
tlg0007.tlg069.perseus-eng3::1	male	stated	adult	stated	free	implied	unspecified	unspecified	unspecified	unspecified	unspecified	unspecified	unspecified	unspecified	garb of a man	The 'garb of a man' and 'no longer subject to authority' state male sex and adult age; free status is lexically implied by the context of lectures.
tlg0007.tlg069.perseus-eng3::2	unspecified	unspecified	unspecified	unspecified	free	implied	foreign	stated	resident	stated	unspecified	unspecified	unspecified	unspecified	resident aliens	The verbatim states 'resident aliens', which implies free status, foreign ancestry, and residence.
tlg0007.tlg079.perseus-eng3::1	unspecified	unspecified	unspecified	unspecified	enslaved	implied	unspecified	unspecified	unspecified	unspecified	unspecified	unspecified	unspecified	unspecified	slaves	The word 'slaves' lexically presupposes ownership status as enslaved; no other axis is named.
tlg0007.tlg080.perseus-eng3::0	unspecified	unspecified	unspecified	unspecified	enslaved	implied	unspecified	unspecified	unspecified	unspecified	unspecified	unspecified	unspecified	unspecified	slaves	The word 'slaves' lexically presupposes ownership status as enslaved.
tlg0007.tlg080.perseus-eng3::3	unspecified	unspecified	unspecified	unspecified	unspecified	unspecified	unspecified	unspecified	unspecified	unspecified	unspecified	unspecified	holds no office	stated	he who holds no office	The verbatim states the occupation (or lack thereof) as the defining criterion: 'holds no office'.
tlg0007.tlg082.perseus-eng3::0	unspecified	unspecified	unspecified	unspecified	unspecified	unspecified	unspecified	unspecified	unspecified	unspecified	unspecified	unspecified	unspecified	unspecified	Greek cities	The verbatim discusses treaties and military conquest of cities, but does not name or lexically imply specific criteria for individuals in this context.
tlg0007.tlg082.perseus-eng3::2	unspecified	unspecified	unspecified	unspecified	free	implied	native	implied	unspecified	unspecified	unspecified	unspecified	unspecified	unspecified	Spartans	'Spartans' in this political context lexically implies native ancestry and free status; the text forbids 'menial calling' but doesn't state sex or age.
tlg0007.tlg082.perseus-eng3::3	unspecified	unspecified	unspecified	unspecified	enslaved	implied	unspecified	unspecified	unspecified	unspecified	unspecified	unspecified	unspecified	unspecified	Helots	The term 'Helot' lexically presupposes a status of servitude/enslavement in the Spartan context given their role as an unfree labor class.
tlg0007.tlg082.perseus-eng3::5	female	stated	minor	stated	unspecified	unspecified	unspecified	unspecified	unspecified	unspecified	unspecified	unspecified	unspecified	unspecified	maidens	The verbatim uses 'maidens', which states female sex and younger/minor age (pre-marriage).
tlg0007.tlg082.perseus-eng3::6	unspecified	unspecified	unspecified	unspecified	unspecified	unspecified	unspecified	unspecified	unspecified	unspecified	unspecified	unspecified	unspecified	unspecified	the people	The verbatim refers broadly to 'the people' of the polity regarding currency use; it does not name specific sub-group criteria.
tlg0007.tlg082.perseus-eng3::7	male	implied	adult	implied	free	implied	native	stated	unspecified	unspecified	unspecified	unspecified	unspecified	unspecified	descended from Heracles	The verbatim names specific ancestry ('descended from Heracles'); 'men' and 'kingship' imply male sex, adult age, and free status.
tlg0007.tlg082.perseus-eng3::8	unspecified	unspecified	unspecified	unspecified	free	implied	unspecified	unspecified	unspecified	unspecified	any	stated	unspecified	unspecified	citizens	'Citizens' implies free status. 'Equal share to all' states that wealth background does not matter (any wealth) for the distribution.
tlg0007.tlg082b.perseus-eng2::0	female	implied	unspecified	unspecified	free	implied	native	implied	unspecified	unspecified	high	implied	unspecified	unspecified	daughter of king Cleomenes	'Daughter' implies female sex; being the child of a 'king' implies native ancestry, free status, and high wealth/social standing.
tlg0007.tlg082b.perseus-eng2::1	female	stated	adult	implied	free	implied	native	stated	unspecified	unspecified	unspecified	unspecified	unspecified	unspecified	Spartan women	The verbatim states 'women' (sex: female, age: adult) and specifies 'Spartan' (ancestry: native), implying free status.
tlg0007.tlg082b.perseus-eng2::3	female	stated	adult	implied	free	implied	native	stated	unspecified	unspecified	unspecified	unspecified	unspecified	unspecified	mother	'Mother' and 'she was of Sparta' implies female sex, adult age, native ancestry, and free status.
tlg0007.tlg082b.perseus-eng2::4	female	stated	adult	implied	free	implied	unspecified	unspecified	unspecified	unspecified	unspecified	unspecified	unspecified	unspecified	married woman	'Married woman' states female sex and implies adult age and free status; 'child' refers to an earlier stage of life.
tlg0007.tlg082b.perseus-eng2::5	female	implied	unspecified	unspecified	enslaved	stated	unspecified	unspecified	unspecified	unspecified	unspecified	unspecified	unspecified	unspecified	slave	The verbatim explicitly states the person is being 'sold as a slave'; 'woman' in the text implies female sex.
tlg0007.tlg088.perseus-eng3::1	unspecified	unspecified	unspecified	unspecified	unspecified	unspecified	unspecified	unspecified	unspecified	unspecified	high	implied	choregoi	stated	choregoi	The term 'choregoi' states an occupation/role; the loss of 'estates' and 'livelihood' implies high wealth was a prerequisite.
tlg0007.tlg088.perseus-eng3::3	unspecified	unspecified	unspecified	unspecified	unspecified	unspecified	foreign	implied	unspecified	unspecified	unspecified	unspecified	unspecified	unspecified	liberated every city	The text refers to the 'liberated' cities/allies receiving suffrage, implying they were of foreign (non-Athenian) ancestry.
tlg0007.tlg093.perseus-eng3::2	unspecified	unspecified	unspecified	unspecified	enslaved	stated	unspecified	unspecified	unspecified	unspecified	unspecified	unspecified	unspecified	unspecified	slaves	The verbatim explicitly names 'slaves' (enslaved ownership status).
tlg0007.tlg109.perseus-eng2::0	unspecified	unspecified	unspecified	unspecified	free	implied	native	implied	resident	implied	unspecified	unspecified	unspecified	unspecified	Athenians	'Athenians' lexically implies free status and native ancestry; the context of political suspicion among fellow citizens implies residence.
tlg0007.tlg109.perseus-eng2::3	female	stated	adult	implied	free	implied	unspecified	unspecified	unspecified	unspecified	unspecified	unspecified	unspecified	unspecified	women	The verbatim states 'women', implying female sex, adult age, and free status in this public context.
tlg0007.tlg109.perseus-eng2::4	unspecified	unspecified	unspecified	unspecified	free	implied	unspecified	unspecified	unspecified	unspecified	unspecified	unspecified	unspecified	unspecified	citizens	The verbatim explicitly names 'citizens', which lexically presupposes free status.
tlg0007.tlg122.perseus-eng3::2	unspecified	unspecified	unspecified	unspecified	unspecified	unspecified	unspecified	unspecified	unspecified	unspecified	unspecified	unspecified	unspecified	unspecified	theatres	The verbatim refers to public venues/discussions but doesn't name a category of persons with specific criteria beyond general participation.
tlg0007.tlg126.perseus-eng3::1	unspecified	unspecified	unspecified	unspecified	unspecified	unspecified	unspecified	unspecified	resident	stated	unspecified	unspecified	served the god	stated	those who have served the god	The verbatim identifies their occupation ('served the god') and their choice to 'settle' (residing on the spot).
tlg0007.tlg126.perseus-eng3::2	unspecified	unspecified	unspecified	unspecified	unspecified	unspecified	unspecified	unspecified	unspecified	unspecified	unspecified	unspecified	served the god	stated	those who have served the god	The verbatim defines the group strictly by their occupation/service ('those who have served the god for the stint of thirty years').
tlg0007.tlg139.perseus-eng2::0	unspecified	unspecified	unspecified	unspecified	enslaved	implied	unspecified	unspecified	unspecified	unspecified	unspecified	unspecified	unspecified	unspecified	slaves	The verbatim uses the word 'slaves', which lexically presupposes an enslaved ownership status; other groups ('rogues') are mentioned but the primary distinction is slavery.
tlg0007.tlg139.perseus-eng2::2	unspecified	unspecified	unspecified	unspecified	unspecified	unspecified	unspecified	unspecified	unspecified	unspecified	unspecified	unspecified	unspecified	unspecified	they that stand so well affected towards applause and fame	The verbatim describes individuals by their psychological disposition toward 'applause and fame' and their choice to decline 'magistrature', without naming demographic criteria.
tlg0007.tlg139.perseus-eng2::3	unspecified	unspecified	unspecified	unspecified	unspecified	unspecified	unspecified	unspecified	unspecified	unspecified	high	stated	unspecified	unspecified	rich men	The verbatim explicitly names 'rich men' (and 'princes'), which directly states a high wealth criterion.
tlg0008.tlg001.perseus-eng2::2	female	stated	unspecified	unspecified	unspecified	unspecified	unspecified	unspecified	unspecified	unspecified	unspecified	unspecified	unspecified	unspecified	woman	The verbatim explicitly states 'no woman is allowed', naming the sex criterion directly.
tlg0008.tlg001.perseus-eng2::3	unspecified	unspecified	unspecified	unspecified	enslaved	implied	unspecified	unspecified	unspecified	unspecified	unspecified	unspecified	unspecified	unspecified	slave	The verbatim uses the word 'slave', which lexically presupposes an enslaved ownership status; it contrasts them with 'citizens'.
tlg0008.tlg001.perseus-eng2::5	unspecified	unspecified	unspecified	unspecified	enslaved	implied	unspecified	unspecified	unspecified	unspecified	unspecified	unspecified	unspecified	unspecified	slave	The word 'slave' lexically presupposes ownership='enslaved'.
tlg0008.tlg001.perseus-eng2::6	female	implied	unspecified	unspecified	unspecified	unspecified	unspecified	unspecified	unspecified	unspecified	unspecified	unspecified	unspecified	unspecified	women	The verbatim uses 'women', which lexically presupposes female sex.
tlg0008.tlg001.perseus-eng2::7	unspecified	unspecified	minor	stated	free	stated	unspecified	unspecified	unspecified	unspecified	unspecified	unspecified	unspecified	unspecified	youth born of free parents	The verbatim states 'youth' (minor age) and 'free parents' (free ownership status) explicitly.
tlg0008.tlg001.perseus-eng2::8	unspecified	unspecified	unspecified	unspecified	unspecified	unspecified	unspecified	unspecified	unspecified	unspecified	unspecified	unspecified	unspecified	unspecified	every one	The verbatim uses 'every one' in the context of the phiditium; it does not name sex, age, or status within the quote itself.
tlg0008.tlg001.perseus-eng2::9	unspecified	unspecified	unspecified	unspecified	unspecified	unspecified	unspecified	unspecified	unspecified	unspecified	unspecified	unspecified	philosophers	stated	philosophers	The verbatim explicitly names the target group by their occupation, 'philosophers'.
tlg0010.tlg004.perseus-eng2::0	unspecified	unspecified	unspecified	unspecified	unspecified	unspecified	unspecified	unspecified	unspecified	unspecified	unspecified	unspecified	unspecified	unspecified	my father	The verbatim refers to a specific individual ('my father') and the city of 'Athens' but names no general categories.
tlg0010.tlg004.perseus-eng2::1	unspecified	unspecified	unspecified	unspecified	unspecified	unspecified	unspecified	unspecified	unspecified	unspecified	unspecified	unspecified	unspecified	unspecified	those who have served the state	The verbatim refers to individuals who have served as 'choregus and gymnasiarch and trierarch', but names no inherent demographic criteria.
tlg0010.tlg004.perseus-eng2::2	unspecified	unspecified	unspecified	unspecified	unspecified	unspecified	unspecified	unspecified	resident	stated	unspecified	unspecified	unspecified	unspecified	you	The verbatim explicitly mentions the right to 'reside in the city' as part of the amnesty terms.
tlg0010.tlg004.perseus-eng2::3	unspecified	unspecified	unspecified	unspecified	unspecified	unspecified	unspecified	unspecified	unspecified	unspecified	low	stated	unspecified	unspecified	those who are in straitened circumstances	The verbatim explicitly contrasts 'the wealthy' with 'those who are in straitened circumstances' (low wealth).
tlg0010.tlg004.perseus-eng2::4	unspecified	unspecified	unspecified	unspecified	unspecified	unspecified	unspecified	unspecified	unspecified	unspecified	unspecified	unspecified	unspecified	unspecified	all the rest	The verbatim refers to 'the men of the Piraeus' and 'all the rest', naming no general categorical criteria.
tlg0010.tlg006.perseus-eng2::0	unspecified	unspecified	unspecified	unspecified	unspecified	unspecified	foreign	implied	resident	stated	unspecified	unspecified	unspecified	unspecified	alien residents	The verbatim explicitly uses 'alien residents', which states residence and implies foreign ancestry.
tlg0010.tlg006.perseus-eng2::2	male	implied	unspecified	unspecified	unspecified	unspecified	unspecified	unspecified	unspecified	unspecified	unspecified	unspecified	unspecified	unspecified	men who are childless	The verbatim uses 'men', which lexically presupposes male sex; it also specifies the condition of being 'childless'.
tlg0010.tlg010.perseus-eng2::0	unspecified	unspecified	unspecified	unspecified	unspecified	unspecified	unspecified	unspecified	unspecified	unspecified	unspecified	unspecified	priests	stated	priests	The verbatim explicitly names 'priests', identifying the group by occupation.
tlg0010.tlg010.perseus-eng2::1	unspecified	unspecified	unspecified	unspecified	unspecified	unspecified	unspecified	unspecified	unspecified	unspecified	unspecified	unspecified	priests	stated	priests	The verbatim explicitly names 'priests', identifying the group by occupation.
tlg0010.tlg010.perseus-eng2::2	unspecified	unspecified	unspecified	unspecified	free	implied	unspecified	unspecified	resident	implied	unspecified	unspecified	soldier	stated	citizen fit for military service	The verbatim mentions 'citizen' (implied free/resident) and 'military service'/'devote themselves to arms', stating the occupation; sex and age aren't named, though military fitness is specified.
tlg0010.tlg010.perseus-eng2::4	unspecified	unspecified	unspecified	unspecified	unspecified	unspecified	unspecified	unspecified	unspecified	unspecified	unspecified	unspecified	same pursuits	stated	those who continually change their occupations	The verbatim states that individuals must 'always engage in the same pursuits' and not 'change their occupations', focusing entirely on the axis of occupation.
tlg0010.tlg010.perseus-eng2::5	male	stated	elder	stated	unspecified	unspecified	unspecified	unspecified	unspecified	unspecified	unspecified	unspecified	unspecified	unspecified	older men	The verbatim explicitly names 'older men' for governance and 'younger' for study, directly stating factors of age and sex.
tlg0010.tlg011.perseus-eng2::0	unspecified	unspecified	unspecified	unspecified	unspecified	unspecified	unspecified	unspecified	unspecified	unspecified	unspecified	unspecified	unspecified	unspecified	unourselves	The verbatim uses first-person plural ('ourselves', 'our duty') regarding public counsel; it does not name a specific categorical group or criteria for participation.
tlg0010.tlg011.perseus-eng2::1	unspecified	unspecified	unspecified	unspecified	unspecified	unspecified	unspecified	unspecified	resident	implied	any	stated	unspecified	unspecified	those who lack means and those who wish to enjoy the means which they possess	The text explicitly mentions both those who 'lack means' and those who are 'prosperous', implying the rule applies regardless of wealth ('any'); residence is implied by 'in their own cities'.
tlg0010.tlg011.perseus-eng2::3	unspecified	unspecified	unspecified	unspecified	free	implied	native	stated	unspecified	unspecified	unspecified	unspecified	unspecified	unspecified	citizens by birth	The phrase 'citizens by birth' implies free status and explicitly states native ancestry. It contrasts them with 'aliens'.
tlg0010.tlg013.perseus-eng2::0	male	implied	unspecified	unspecified	unspecified	unspecified	unspecified	unspecified	unspecified	unspecified	unspecified	unspecified	private life	stated	men in private life	The verbatim names 'men' (sex=male) and those in 'private life' (stating an occupational status/role), but provides no other criteria.
tlg0010.tlg014.perseus-eng2::1	unspecified	unspecified	unspecified	unspecified	free	implied	unspecified	unspecified	unspecified	unspecified	unspecified	unspecified	unspecified	unspecified	citizens	The term 'citizens' lexically presupposes free ownership status. No other criteria are stated or implied by the text.
tlg0010.tlg014.perseus-eng2::3	unspecified	unspecified	unspecified	unspecified	unspecified	unspecified	unspecified	unspecified	unspecified	unspecified	unspecified	unspecified	unspecified	unspecified	political societies or unions	The verbatim addresses the associations themselves rather than specifying the criteria of the individuals within them.
tlg0010.tlg014.perseus-eng2::4	unspecified	unspecified	minor	implied	free	implied	native	implied	unspecified	unspecified	unspecified	unspecified	unspecified	unspecified	legitimate birth	The word 'children' implies minor age; 'progeny of legitimate birth' (as opposed to 'bastard') implies native ancestry and free status in this context of lineage.
tlg0010.tlg019.perseus-eng2::0	unspecified	unspecified	unspecified	unspecified	unspecified	unspecified	unspecified	unspecified	unspecified	unspecified	high	implied	unspecified	unspecified	those who have a trierarchy imposed	An 'exchange of property' regarding a 'trierarchy' lexically implies high wealth, as it concerns the financing of a ship.
tlg0010.tlg019.perseus-eng2::1	unspecified	unspecified	unspecified	unspecified	unspecified	unspecified	unspecified	unspecified	unspecified	unspecified	unspecified	unspecified	unspecified	unspecified	the accused	The verbatim refers to 'the accused', but does not provide criteria (sex, status, etc.) for who can be accused or defend themselves.
tlg0010.tlg019.perseus-eng2::2	male	implied	unspecified	unspecified	unspecified	unspecified	unspecified	unspecified	unspecified	unspecified	high	implied	unspecified	unspecified	the twelve hundred who pay the war-taxes	The mention of 'son' implies male sex for the group members; 'twelve hundred who pay war-taxes and bear liturgies' implies high wealth.
tlg0010.tlg019.perseus-eng2::3	unspecified	unspecified	unspecified	unspecified	unspecified	unspecified	unspecified	unspecified	unspecified	unspecified	low	stated	unspecified	unspecified	those who have been compelled to get their livelihood from the city	The text identifies the beneficiaries as those 'compelled to get their livelihood from the city' and deprived of 'necessities', stating low wealth.
tlg0010.tlg019.perseus-eng2::4	unspecified	unspecified	unspecified	unspecified	unspecified	unspecified	unspecified	unspecified	unspecified	unspecified	unspecified	unspecified	unspecified	unspecified	others	The verbatim uses general terms like 'others' and 'friends' regarding legal disputes; it does not name specific categorical criteria.
tlg0014.tlg001.perseus-eng2::0	unspecified	unspecified	unspecified	unspecified	unspecified	unspecified	unspecified	unspecified	unspecified	unspecified	high	stated	unspecified	unspecified	the well-to-do	The verbatim explicitly names 'the well-to-do' and references the 'wealth they so happily possess', stating high wealth.
tlg0014.tlg001.perseus-eng2::1	unspecified	unspecified	unspecified	unspecified	unspecified	unspecified	unspecified	unspecified	unspecified	unspecified	unspecified	unspecified	unspecified	unspecified	speaker	The verbatim refers to 'someone' or 'speaker' in an assembly set, but does not provide criteria for the individuals.
tlg0014.tlg001.perseus-eng2::2	unspecified	unspecified	unspecified	unspecified	unspecified	unspecified	unspecified	unspecified	unspecified	unspecified	unspecified	unspecified	statesmen	stated	statesmen	The verbatim explicitly names 'statesmen' (occupation) as the group owing an account of stewardship.
tlg0014.tlg001.perseus-eng2::3	unspecified	unspecified	unspecified	unspecified	free	implied	native	implied	unspecified	unspecified	unspecified	unspecified	unspecified	unspecified	men of Athens	'Men of Athens' in this political context implies free status and native ancestry.
tlg0014.tlg010.perseus-eng2::1	unspecified	unspecified	unspecified	unspecified	enslaved	implied	unspecified	unspecified	unspecified	unspecified	unspecified	unspecified	unspecified	unspecified	slave	The word 'slave' lexically presupposes ownership='enslaved'; 'free man' is used as a contrast.
tlg0014.tlg010.perseus-eng2::2	unspecified	unspecified	unspecified	unspecified	free	implied	unspecified	unspecified	unspecified	unspecified	high	stated	unspecified	unspecified	rich citizens	The verbatim explicitly names 'rich citizens' and 'property-owner'. Citizen status implies free status; wealth is stated as 'rich'.
tlg0014.tlg010.perseus-eng2::3	unspecified	unspecified	unspecified	unspecified	unspecified	unspecified	unspecified	unspecified	unspecified	unspecified	unspecified	unspecified	unspecified	unspecified	each one of us / citizens	The verbatim uses the general analogy of 'each one of us' and 'parents' to describe obligations, but does not specify sex, age, or status for the legal obligation mentioned.
tlg0014.tlg013.perseus-eng2::0	unspecified	unspecified	any	stated	free	implied	unspecified	unspecified	unspecified	unspecified	unspecified	unspecified	unspecified	unspecified	citizen	The verbatim states the share is for 'each citizen', specifically mentioning both those of 'military age' and those 'beyond the age-limit', covering any age. Citizen implies free status.
tlg0014.tlg013.perseus-eng2::1	unspecified	unspecified	unspecified	unspecified	free	implied	unspecified	unspecified	unspecified	unspecified	unspecified	unspecified	unspecified	unspecified	citizen	The verbatim applies to 'citizen against citizen'. Citizen status lexically presupposes free ownership status.
tlg0014.tlg013.perseus-eng2::2	male	implied	adult	implied	free	implied	foreign	stated	unspecified	unspecified	unspecified	unspecified	unspecified	unspecified	Meno of Pharsalus / Perdiccas	The text names specific foreigners (Meno, Perdiccas) and a King; 'King' implies male, adult, and free. They are described as not having Athenian citizenship (implied foreign ancestry).
tlg0014.tlg016.perseus-eng2::0	unspecified	unspecified	unspecified	unspecified	unspecified	unspecified	native	implied	unspecified	unspecified	unspecified	unspecified	unspecified	unspecified	men who claim to offer advice in this Assembly	The text refers to those speaking 'Attic' in the 'Assembly', contrasting them with Arcadians or Laconians, implying native ancestry.
tlg0014.tlg016.perseus-eng2::1	unspecified	unspecified	unspecified	unspecified	free	implied	native	implied	unspecified	unspecified	unspecified	unspecified	unspecified	unspecified	citizens of Athens	'Citizens of Athens' implies free status and native ancestry, contrasting them with those from 'Arcadia' or 'Lacedaemon'.
tlg0014.tlg017.perseus-eng2::0	unspecified	unspecified	unspecified	unspecified	unspecified	unspecified	unspecified	unspecified	unspecified	unspecified	unspecified	unspecified	unspecified	unspecified	parties to the peace	The text refers broadly to 'states that are parties' and 'established laws', but does not name specific individual criteria for those protected from execution/banishment.
tlg0014.tlg017.perseus-eng2::1	unspecified	unspecified	unspecified	unspecified	unspecified	unspecified	unspecified	unspecified	unspecified	unspecified	unspecified	unspecified	unspecified	unspecified	parties to the peace	The text protects property and land from partition, which benefits owners, but the individuals in scope are not lexically distinguished by any criterion.
tlg0014.tlg017.perseus-eng2::2	unspecified	unspecified	unspecified	unspecified	enslaved	stated	unspecified	unspecified	unspecified	unspecified	unspecified	unspecified	unspecified	unspecified	slaves	The verbatim explicitly names 'slaves' in the context of prohibiting their emancipation.
tlg0014.tlg017.perseus-eng2::3	unspecified	unspecified	unspecified	unspecified	unspecified	unspecified	unspecified	unspecified	unspecified	unspecified	unspecified	unspecified	unspecified	unspecified	all the parties to the peace	The rule applies to all 'parties to the peace', but does not specify individual criteria for the people sailing the ships.
tlg0014.tlg017.perseus-eng2::4	unspecified	unspecified	unspecified	unspecified	unspecified	unspecified	foreign	implied	unspecified	unspecified	unspecified	unspecified	unspecified	unspecified	they [foreigners]	The rule prohibits 'them' (foreigners as implied by the context of a 'joint agreement' preventing outside building) from using the harbor.
tlg0014.tlg017.perseus-eng2::5	unspecified	unspecified	unspecified	unspecified	unspecified	unspecified	unspecified	unspecified	non_resident	implied	unspecified	unspecified	unspecified	unspecified	exiles	The word 'exiles' lexically presupposes residence='non_resident' (individuals cast out of their home state).
tlg0014.tlg018.perseus-eng2::0	unspecified	unspecified	unspecified	unspecified	unspecified	unspecified	unspecified	unspecified	unspecified	unspecified	unspecified	unspecified	litigant	stated	every litigant	The verbatim explicitly names 'every litigant' as the party entitled to these rights.
tlg0014.tlg018.perseus-eng2::3	unspecified	unspecified	unspecified	unspecified	unspecified	unspecified	unspecified	unspecified	unspecified	unspecified	high	stated	trierarchs	stated	trierarchs	The text names 'trierarchs' and defines them by wealth assessments ('ten talents'), indicating high wealth.
tlg0014.tlg018.perseus-eng2::4	unspecified	unspecified	unspecified	unspecified	free	implied	unspecified	unspecified	unspecified	unspecified	low	stated	unspecified	unspecified	needy citizens	The text explicitly mentions 'needy citizens' and 'poor'. Citizen implies free; needy/poor implies low wealth.
tlg0014.tlg018.perseus-eng2::5	unspecified	unspecified	unspecified	unspecified	unspecified	unspecified	unspecified	unspecified	unspecified	unspecified	unspecified	unspecified	unspecified	unspecified	Athenian	The text says 'no Athenian be allowed', which identifies the group solely by their political identity/ancestry, but does not specify age or sex.
tlg0014.tlg018.perseus-eng2::6	unspecified	unspecified	unspecified	unspecified	enslaved	stated	foreign	implied	unspecified	unspecified	unspecified	unspecified	unspecified	unspecified	inhabitants / Greeks	The text describes 'selling the inhabitants into slavery', and refers to 'Greeks' being enslaved, implying foreign (non-Macedonian) status.
tlg0014.tlg019.perseus-eng2::0	unspecified	unspecified	unspecified	unspecified	unspecified	unspecified	unspecified	unspecified	unspecified	unspecified	unspecified	unspecified	ambassadors	stated	ambassadors	The text specifically names 'ambassadors' as the subjects of the rule regarding honors.
tlg0014.tlg019.perseus-eng2::2	male	implied	adult	implied	unspecified	unspecified	unspecified	unspecified	unspecified	unspecified	unspecified	unspecified	ambassador	stated	ambassador	The text refers to an 'ambassador' and 'gentleman', implying male sex and adult age. The occupation is stated as 'ambassador'.
tlg0014.tlg019.perseus-eng2::3	male	implied	adult	implied	free	implied	unspecified	unspecified	unspecified	unspecified	unspecified	unspecified	unspecified	unspecified	men who enter public life	The word 'men' implies male sex, adult age, and free status in the context of holding public office and 'scrutiny'.
tlg0014.tlg019.perseus-eng2::6	male	implied	adult	implied	free	implied	unspecified	unspecified	unspecified	unspecified	unspecified	unspecified	envoy	stated	envoy	The verbatim refers to appointing an 'envoy' (occupation); the context of 'men of Athens' and public business implies free adult males.
tlg0014.tlg023.perseus-eng2::0	male	implied	unspecified	unspecified	unspecified	unspecified	unspecified	unspecified	unspecified	unspecified	unspecified	unspecified	unspecified	unspecified	murderer	The verbatim uses 'he' and 'him' to refer to the murderer, implying male sex.
tlg0014.tlg023.perseus-eng2::1	male	implied	unspecified	unspecified	unspecified	unspecified	unspecified	unspecified	non_resident	stated	unspecified	unspecified	unspecified	unspecified	homicide who has quitted the country	The text explicitly mentions those who have 'quitted the country' and are 'outside the frontier' (residence) and uses male pronouns.
tlg0014.tlg023.perseus-eng2::2	male	implied	unspecified	unspecified	unspecified	unspecified	unspecified	unspecified	unspecified	unspecified	unspecified	unspecified	unspecified	unspecified	man who slays	The verbatim refers to 'the man who slays' and 'slay even our friends', implying male sex for the actor.
tlg0014.tlg023.perseus-eng2::3	male	implied	unspecified	unspecified	unspecified	unspecified	unspecified	unspecified	non_resident	stated	unspecified	unspecified	unspecified	unspecified	man who is convicted of involuntary homicide	The text states the subject shall 'leave the country' and 'remain in exile' (residence) and uses 'man' and 'him'.
tlg0014.tlg023.perseus-eng2::4	unspecified	unspecified	unspecified	unspecified	unspecified	unspecified	unspecified	unspecified	unspecified	unspecified	unspecified	unspecified	unspecified	unspecified	kinsmen	The verbatim refers to 'kinsmen' and 'hostages' without specific lexical constraints on sex, age, or status beyond family relation.
tlg0014.tlg023.perseus-eng2::5	unspecified	unspecified	unspecified	unspecified	free	implied	native	implied	unspecified	unspecified	unspecified	unspecified	unspecified	unspecified	Athenians	The term 'Athenians' and 'citizen' implies native ancestry and free status respectively.
tlg0014.tlg023.perseus-eng2::6	male	implied	unspecified	unspecified	unspecified	unspecified	unspecified	unspecified	non_resident	implied	unspecified	unspecified	unspecified	unspecified	murderer	The verbatim uses 'he' and 'absents himself from the frontier', implying male sex and status as an exile (non-resident).
tlg0014.tlg032.perseus-eng2::0	unspecified	unspecified	unspecified	unspecified	unspecified	unspecified	unspecified	unspecified	unspecified	unspecified	unspecified	unspecified	shipowners and merchants	stated	shipowners and merchants	The verbatim explicitly names the occupations 'shipowners and merchants'.
tlg0014.tlg032.perseus-eng2::1	unspecified	unspecified	unspecified	unspecified	unspecified	unspecified	unspecified	unspecified	unspecified	unspecified	unspecified	unspecified	shipowners and merchants	stated	shipowners and merchants	The verbatim explicitly names the occupations 'shipowners and merchants'.
tlg0014.tlg032.perseus-eng2::2	male	implied	unspecified	unspecified	unspecified	unspecified	unspecified	unspecified	unspecified	unspecified	unspecified	unspecified	unspecified	unspecified	him	The verbatim uses 'him' and 'he', implying male sex for the person brought before the Polemarch.
tlg0014.tlg041.perseus-eng2::0	female	implied	unspecified	unspecified	free	implied	unspecified	unspecified	unspecified	unspecified	unspecified	unspecified	unspecified	unspecified	daughters	The word 'daughters' implies female sex and, in this social context of marriage portions, free status.
tlg0014.tlg041.perseus-eng2::1	female	implied	unspecified	unspecified	free	implied	unspecified	unspecified	unspecified	unspecified	unspecified	unspecified	unspecified	unspecified	daughter	The word 'daughter' implies female sex and free status.
tlg0014.tlg041.perseus-eng2::3	female	implied	unspecified	unspecified	free	implied	unspecified	unspecified	unspecified	unspecified	unspecified	unspecified	unspecified	unspecified	wife	The word 'wife' and 'lady' implies female sex and free status.
tlg0014.tlg042.perseus-eng2::2	unspecified	unspecified	unspecified	unspecified	free	implied	unspecified	unspecified	unspecified	unspecified	high	stated	unspecified	unspecified	Three Hundred	The verbatim refers to 'the richest citizens' and 'Three Hundred', stating high wealth and implying free status via 'citizens'.
tlg0014.tlg042.perseus-eng2::3	unspecified	unspecified	unspecified	unspecified	unspecified	unspecified	unspecified	unspecified	unspecified	unspecified	unspecified	unspecified	mining property	stated	mining property	The verbatim refers specifically to owners of 'mining property' or property in 'silver mines'.
tlg0014.tlg042.perseus-eng2::4	male	implied	adult	implied	free	implied	unspecified	unspecified	unspecified	unspecified	unspecified	unspecified	unspecified	unspecified	son	The term 'son' implies male sex; the context of owning the portion and being liable for maintenance implies adult age and free status.
tlg0014.tlg045.perseus-eng2::0	male	implied	adult	implied	free	implied	unspecified	unspecified	unspecified	unspecified	high	implied	trierarch	stated	trierarch	The verbatim names the occupation 'trierarch', which implies high wealth ('large property') and male sex/adult status in public service.
tlg0014.tlg045.perseus-eng2::1	unspecified	unspecified	unspecified	unspecified	enslaved	implied	unspecified	unspecified	unspecified	unspecified	unspecified	unspecified	unspecified	unspecified	torture	While the verbatim doesn't use the word 'slave', the context of being 'put to torture' for evidence in this legal system implies enslaved status.
tlg0014.tlg045.perseus-eng2::3	unspecified	unspecified	unspecified	unspecified	free	implied	native	implied	resident	implied	unspecified	unspecified	unspecified	unspecified	citizenship	The mention of 'citizenship' and 'the city' implies free status, native ancestry, and residence; sex and age are not lexically forced by these terms.
tlg0014.tlg048.perseus-eng2::0	unspecified	unspecified	unspecified	unspecified	any	stated	unspecified	unspecified	unspecified	unspecified	unspecified	unspecified	unspecified	unspecified	anyone who chooses	The verbatim uses the inclusive phrase 'anyone who chooses', which explicitly states that ownership status (slave or free) is not a barrier on the face of the text.
tlg0014.tlg048.perseus-eng2::1	unspecified	unspecified	unspecified	unspecified	enslaved	implied	unspecified	unspecified	unspecified	unspecified	unspecified	unspecified	unspecified	unspecified	the man / the fellow	The context of being 'put to the torture' to confess theft from a master lexically implies the 'fellow' is enslaved; no other axis is specified.
tlg0014.tlg048.perseus-eng2::2	female	stated	any	stated	free	implied	unspecified	unspecified	unspecified	unspecified	unspecified	unspecified	unspecified	unspecified	women / wife / daughter	The verbatim names 'wife', 'daughter', and 'women' (sex=female); use of both wife (adult) and daughter (child) implies age=any; 'wife/daughter' implies free status.
tlg0014.tlg048.perseus-eng2::3	female	stated	unspecified	unspecified	unspecified	unspecified	unspecified	unspecified	unspecified	unspecified	unspecified	unspecified	unspecified	unspecified	woman	The verbatim explicitly names 'woman', constraining the sex axis to female; other criteria are not mentioned.
tlg0014.tlg051.perseus-eng2::2	unspecified	unspecified	unspecified	unspecified	unspecified	unspecified	unspecified	unspecified	unspecified	unspecified	low	implied	sailors	stated	sailors	The verbatim names the occupation 'sailors' and implies low wealth by contrasting their 'thirty drachmae' with the trierarchs.
tlg0014.tlg051.perseus-eng2::3	unspecified	unspecified	unspecified	unspecified	unspecified	unspecified	unspecified	unspecified	unspecified	unspecified	high	implied	trierarchs	stated	trierarchs	The verbatim names the occupation 'trierarchs'; the financial nature of 'letting out trierarchies' implies high wealth.
tlg0014.tlg051.perseus-eng2::4	male	implied	unspecified	unspecified	unspecified	unspecified	unspecified	unspecified	unspecified	unspecified	unspecified	unspecified	unspecified	unspecified	a man	The verbatim uses the word 'man', which lexically presupposes male sex; no other axes are constrained by the text.
tlg0014.tlg052.perseus-eng2::2	unspecified	unspecified	unspecified	unspecified	unspecified	unspecified	unspecified	unspecified	unspecified	unspecified	unspecified	unspecified	heir	stated	heir	The word 'heir' identifies the occupational/legal role of the person in scope; other axes remain unspecified.
tlg0014.tlg052.perseus-eng2::3	unspecified	unspecified	unspecified	unspecified	enslaved	implied	unspecified	unspecified	unspecified	unspecified	unspecified	unspecified	unspecified	unspecified	slaves	The word 'slaves' lexically presupposes ownership status as enslaved.
tlg0014.tlg052.perseus-eng2::4	unspecified	unspecified	unspecified	unspecified	unspecified	unspecified	unspecified	unspecified	unspecified	unspecified	unspecified	unspecified	arbitrator	stated	arbitrator	The verbatim names the occupation 'arbitrator'; no other demographic criteria are constrained by the text provided.
tlg0014.tlg053.perseus-eng2::0	unspecified	unspecified	unspecified	unspecified	free	implied	unspecified	unspecified	unspecified	unspecified	unspecified	unspecified	unspecified	unspecified	anyone	Phrases like 'indict anyone on my own behalf' lexically presuppose free status to have legal agency in this context.
tlg0014.tlg053.perseus-eng2::1	unspecified	unspecified	unspecified	unspecified	free	implied	unspecified	unspecified	unspecified	unspecified	unspecified	unspecified	unspecified	unspecified	private citizen	The term 'private citizen' lexically implies free ownership status.
tlg0014.tlg053.perseus-eng2::2	unspecified	unspecified	unspecified	unspecified	enslaved	implied	unspecified	unspecified	unspecified	unspecified	unspecified	unspecified	unspecified	unspecified	person ransomed	The text states the person 'shall be the property of the ransomer', which lexically defines the ownership status as enslaved/property.
tlg0014.tlg053.perseus-eng2::3	unspecified	unspecified	unspecified	unspecified	enslaved	implied	unspecified	unspecified	unspecified	unspecified	unspecified	unspecified	unspecified	unspecified	slaves	The word 'slaves' lexically presupposes enslaved status.
tlg0014.tlg053.perseus-eng2::4	male	implied	unspecified	unspecified	unspecified	unspecified	unspecified	unspecified	unspecified	unspecified	unspecified	unspecified	unspecified	unspecified	any man	The verbatim uses 'any man', lexically implying male sex.
tlg0014.tlg054.perseus-eng2::0	male	implied	unspecified	unspecified	unspecified	unspecified	unspecified	unspecified	unspecified	unspecified	unspecified	unspecified	unspecified	unspecified	No man	The verbatim uses 'No man' and 'a man', lexically implying male sex.
tlg0014.tlg054.perseus-eng2::1	unspecified	unspecified	unspecified	unspecified	enslaved	implied	unspecified	unspecified	unspecified	unspecified	unspecified	unspecified	unspecified	unspecified	slaves	The word 'slaves' lexically presupposes enslaved status.
tlg0014.tlg054.perseus-eng2::2	unspecified	unspecified	unspecified	unspecified	unspecified	unspecified	unspecified	unspecified	unspecified	unspecified	high	implied	trierarchs	stated	trierarchs	Serving as 'trierarchs' implies high wealth as it is a service 'laid upon' individuals involving the military expenditure for ships.
tlg0014.tlg054.perseus-eng2::3	male	implied	unspecified	unspecified	unspecified	unspecified	unspecified	unspecified	unspecified	unspecified	unspecified	unspecified	unspecified	unspecified	men of the jury	The address 'men of the jury' lexically implies male sex.
tlg0014.tlg054.perseus-eng2::4	unspecified	unspecified	unspecified	unspecified	unspecified	unspecified	unspecified	unspecified	unspecified	unspecified	unspecified	unspecified	unspecified	unspecified	the defendant	The verbatim refers to a 'defendant' liable to 'public indictments', but does not name specific demographic constraints for the subject of the rule.
tlg0014.tlg060.perseus-eng2::0	male	implied	adult	implied	free	implied	unspecified	unspecified	unspecified	unspecified	unspecified	unspecified	unspecified	unspecified	brave men	The phrase 'brave men' implies male sex and adult age; their state funeral and war service imply free status. No other axes are named.
tlg0014.tlg060.perseus-eng2::4	unspecified	unspecified	minor	stated	unspecified	unspecified	unspecified	unspecified	unspecified	unspecified	unspecified	unspecified	unspecified	unspecified	children	The verbatim explicitly names 'children' (age=minor). It also mentions 'parents' as beneficiaries of care.
tlg0014.tlg060.perseus-eng2::5	unspecified	unspecified	unspecified	unspecified	unspecified	unspecified	unspecified	unspecified	unspecified	unspecified	unspecified	unspecified	unspecified	unspecified	them	The verbatim uses the pronoun 'them' referencing fallen soldiers, but contains no lexical constraints on the five primary axes within this snippet.
tlg0014.tlg061.perseus-eng2::1	unspecified	unspecified	unspecified	unspecified	any	stated	any	stated	unspecified	unspecified	unspecified	unspecified	unspecified	unspecified	slaves and aliens	The verbatim explicitly states that 'slaves and aliens share in the other sports', naming both ownership (slaves/free) and ancestry (aliens/citizens).
tlg0017.tlg002.perseus-eng2::0	female	implied	adult	stated	free	implied	unspecified	unspecified	unspecified	unspecified	unspecified	unspecified	unspecified	unspecified	elder sister	'Sister' implies female sex and free status; 'suitable age' and 'marriageable age' for marriage state adult status.
tlg0017.tlg002.perseus-eng2::1	female	implied	adult	implied	free	implied	unspecified	unspecified	unspecified	unspecified	unspecified	unspecified	unspecified	unspecified	her	The pronoun 'her' (referring to a wife) implies female sex and adult age; the context of legal marriage and dowry implies free status.
tlg0017.tlg002.perseus-eng2::2	male	implied	unspecified	unspecified	free	implied	unspecified	unspecified	unspecified	unspecified	unspecified	unspecified	unspecified	unspecified	a man	The verbatim refers to 'a man' and 'childless persons' disposing of property, implying male sex and free status (property ownership).
tlg0017.tlg002.perseus-eng2::3	male	stated	adult	implied	unspecified	unspecified	unspecified	unspecified	unspecified	unspecified	unspecified	unspecified	unspecified	unspecified	Menecles	The verbatim names 'Menecles', a male name, and discusses his adoption of an heir, implying adult capacity and male sex.
tlg0017.tlg002.perseus-eng2::4	male	implied	unspecified	unspecified	unspecified	unspecified	unspecified	unspecified	unspecified	unspecified	unspecified	unspecified	unspecified	unspecified	demesmen	'Demesmen' and 'confraternity' are gendered terms implying male participation in these civic/social subdivisions.
tlg0017.tlg002.perseus-eng2::5	male	stated	unspecified	unspecified	free	implied	unspecified	unspecified	unspecified	unspecified	unspecified	unspecified	unspecified	unspecified	sons	The verbatim explicitly names the adoption of 'sons' and references a 'father'. Property management implies free status.
tlg0017.tlg002.perseus-eng2::6	male	implied	unspecified	unspecified	free	implied	unspecified	unspecified	unspecified	unspecified	unspecified	unspecified	unspecified	unspecified	son	The word 'son' implies male sex; the inheritance of an 'estate' implies free status. Other axes are not lexically forced.
tlg0017.tlg002.perseus-eng2::7	male	implied	unspecified	unspecified	free	implied	unspecified	unspecified	unspecified	unspecified	high	implied	unspecified	unspecified	gymnasiarch	The word 'son' implies male and free; 'gymnasiarch' and 'possessed property' imply high wealth in the context of civic liturgy.
tlg0017.tlg002.perseus-eng2::8	male	implied	unspecified	unspecified	free	implied	unspecified	unspecified	unspecified	unspecified	unspecified	unspecified	unspecified	unspecified	son	The word 'son' and military service ('campaigns') imply male sex and free status; 'tribe' and 'deme' are emic civic labels.
tlg0017.tlg008.perseus-eng2::0	male	stated	unspecified	unspecified	unspecified	unspecified	unspecified	unspecified	unspecified	unspecified	unspecified	unspecified	unspecified	unspecified	descendants of males	The verbatim explicitly names 'males' and 'son of a brother' as having priority over 'females' or 'daughter's issue'.
tlg0017.tlg008.perseus-eng2::1	female	implied	adult	stated	free	implied	unspecified	unspecified	unspecified	unspecified	unspecified	unspecified	unspecified	unspecified	her	The pronoun 'her' and 'marriage' imply female sex. 'Proper age' for marriage implies adult status. Dowry implies free status.
tlg0017.tlg008.perseus-eng2::2	any	stated	unspecified	unspecified	enslaved	implied	unspecified	unspecified	unspecified	unspecified	unspecified	unspecified	unspecified	unspecified	male and female slaves	The verbatim explicitly names both 'male and female' and specifies their status as 'slaves' (enslaved).
tlg0017.tlg008.perseus-eng2::5	unspecified	unspecified	unspecified	unspecified	unspecified	unspecified	unspecified	unspecified	unspecified	unspecified	unspecified	unspecified	unspecified	unspecified	lineal descendants	The verbatim discusses priority for 'lineal descendants' of 'the same stock', but uses abstract relational terms without stating sex/status.
tlg0017.tlg008.perseus-eng2::6	any	stated	elder	implied	unspecified	unspecified	unspecified	unspecified	unspecified	unspecified	unspecified	unspecified	unspecified	unspecified	parents	The verbatim names 'father, mother, grandfather, and grandmother', encompassing both sexes. 'Grandfather/grandmother' implies elder age.
tlg0017.tlg008.perseus-eng2::7	unspecified	unspecified	unspecified	unspecified	free	implied	native	stated	unspecified	unspecified	unspecified	unspecified	unspecified	unspecified	Athenian citizen	'Athenian citizen' implies free status and states 'Athenian' ancestry (native). 'Children' of such mothers are the subject.
tlg0017.tlg012.perseus-eng2::0	unspecified	unspecified	unspecified	unspecified	free	implied	unspecified	unspecified	unspecified	unspecified	unspecified	unspecified	unspecified	unspecified	members of the deme	The text discusses summoning members of the deme to appeal an exclusion, which lexically presupposes the status of a free person (as the penalty for failure is being sold 'as slaves').
tlg0017.tlg012.perseus-eng2::1	unspecified	unspecified	unspecified	unspecified	free	implied	unspecified	unspecified	unspecified	unspecified	unspecified	unspecified	unspecified	unspecified	those who were unjustly rejected	The text describes individuals who 'were to be sold as slaves,' implying they were ostensibly free at the time of the appeal.
tlg0017.tlg012.perseus-eng2::2	unspecified	unspecified	unspecified	unspecified	free	implied	unspecified	unspecified	unspecified	unspecified	unspecified	unspecified	unspecified	unspecified	those who were unjustly rejected	The threat of being 'sold as slaves' implies the current status of the agent is free; no other characteristics are lexically forced by the verbatim.
tlg0017.tlg012.perseus-eng2::4	male	implied	minor	implied	free	implied	unspecified	unspecified	unspecified	unspecified	unspecified	unspecified	unspecified	unspecified	child	The word 'child' (coupled with 'he' and 'him') implies a male minor; introduction to a 'ward' in this civic context implies free status.
tlg0019.tlg008.perseus-eng1::9	female	implied	unspecified	unspecified	unspecified	unspecified	unspecified	unspecified	unspecified	unspecified	unspecified	unspecified	unspecified	unspecified	gathering	The context of 'depilate me' (a feminine punishment in this comedy) and the argument against husbands/men throughout the play implies the speaker is part of a female group.
tlg0019.tlg008.perseus-eng1::10	unspecified	unspecified	unspecified	unspecified	unspecified	unspecified	unspecified	unspecified	unspecified	unspecified	unspecified	unspecified	unspecified	unspecified	magistrates, the Prytanes	The verbatim names the 'Prytanes' and 'magistrates' as the authorities, but does not state or lexically imply the criteria of the person reporting to them.
tlg0019.tlg008.perseus-eng1::11	female	implied	adult	implied	free	implied	unspecified	unspecified	unspecified	unspecified	unspecified	unspecified	unspecified	unspecified	wife	The word 'wife' lexically implies female sex, adult age, and (socially) free status.
tlg0019.tlg008.perseus-eng1::12	male	implied	unspecified	unspecified	free	implied	unspecified	unspecified	unspecified	unspecified	unspecified	unspecified	unspecified	unspecified	Senators	The text explicitly contrasts 'Senators' (citizens in office) with 'men', and compares them to a woman (Eubule), implying the office-holders are men and free citizens.
tlg0019.tlg008.perseus-eng1::16	unspecified	unspecified	unspecified	unspecified	unspecified	unspecified	unspecified	unspecified	unspecified	unspecified	unspecified	unspecified	unspecified	unspecified	Prytanes	While the text mentions calling the Prytanes, it lacks lexical info about the speaker's criteria or those of the Prytanes themselves beyond the office name.
tlg0019.tlg008.perseus-eng1::17	female	stated	unspecified	unspecified	unspecified	unspecified	unspecified	unspecified	unspecified	unspecified	unspecified	unspecified	unspecified	unspecified	womenfolk	The text explicitly names 'womenfolk' and states the grove is 'forbidden to men', constraining the sex axis to female.
tlg0019.tlg008.perseus-eng1::19	unspecified	unspecified	unspecified	unspecified	unspecified	unspecified	foreign	implied	unspecified	unspecified	unspecified	unspecified	police	implied	Scythian	The word 'Scythian' implies foreign (non-Athenian) ancestry. His role in fettering and guarding implies a police/guard occupation.
tlg0019.tlg008.perseus-eng1::21	female	stated	unspecified	unspecified	unspecified	unspecified	unspecified	unspecified	unspecified	unspecified	unspecified	unspecified	weaver	stated	women	The verbatim states 'It was the women who did this work', specifying sex and the occupation of weaver.
tlg0019.tlg008.perseus-eng1::22	unspecified	unspecified	unspecified	unspecified	free	implied	unspecified	unspecified	unspecified	unspecified	high	stated	trierarchs	stated	rich citizens	The text explicitly labels the group as 'rich' (wealth) and 'citizens' (implied free/native), with the occupation 'trierarchs'.
tlg0019.tlg008.perseus-eng1::23	unspecified	unspecified	unspecified	unspecified	unspecified	unspecified	foreign	implied	unspecified	unspecified	unspecified	unspecified	archers, or the police officers	stated	Scythians	The verbatim states the occupation ('archers' or 'police officers') and names the group 'Scythians' (implying foreign ancestry).
tlg0019.tlg011.perseus-eng1::1	unspecified	unspecified	unspecified	unspecified	enslaved	implied	unspecified	unspecified	unspecified	unspecified	unspecified	unspecified	unspecified	unspecified	Cario	While the label 'slave' is not in the verbatim, the power to 'take off your chaplet' and threaten a 'thrashing' for an inquisitive servant lexically implies enslavement.
tlg0019.tlg011.perseus-eng1::2	unspecified	unspecified	unspecified	unspecified	free	implied	unspecified	unspecified	unspecified	unspecified	unspecified	unspecified	unspecified	unspecified	citizens	The word 'citizens' lexically presupposes free status; no other axis is constrained by the short verbatim.
tlg0019.tlg011.perseus-eng1::3	unspecified	unspecified	unspecified	unspecified	unspecified	unspecified	unspecified	unspecified	unspecified	unspecified	high	implied	equip the triremes	stated	you (who equip the triremes)	Equipping a trireme (warship) lexically implies high wealth. The occupation/duty is stated.
tlg0019.tlg011.perseus-eng1::4	unspecified	unspecified	unspecified	unspecified	free	implied	unspecified	unspecified	unspecified	unspecified	unspecified	unspecified	unspecified	unspecified	we (at the Assembly)	Participation in a political 'Assembly' for pay implies the status of a free person/citizen, though 'citizen' is not the specific word used.
tlg0019.tlg011.perseus-eng1::6	male	implied	adult	implied	free	implied	unspecified	unspecified	unspecified	unspecified	unspecified	unspecified	unspecified	unspecified	someone (with wife and children)	The mention of 'his wife and children' lexically implies the subject is a male adult; being at a 'tribunal' in this capacity implies free status.
tlg0019.tlg011.perseus-eng1::7	unspecified	unspecified	unspecified	unspecified	enslaved	implied	unspecified	unspecified	unspecified	unspecified	unspecified	unspecified	unspecified	unspecified	his legs (belonging to a slave character)	The threat of 'shackles and wedges' (instruments of slave torture in this context) implies enslaved status.
tlg0019.tlg011.perseus-eng1::8	unspecified	unspecified	unspecified	unspecified	enslaved	implied	unspecified	unspecified	unspecified	unspecified	unspecified	unspecified	manual trades	stated	slaves	The verbatim mentions 'slaves' (implied ownership status) and 'trades' (stated occupation); it mentions no other demographic criteria.
tlg0019.tlg011.perseus-eng1::12	unspecified	unspecified	unspecified	unspecified	unspecified	unspecified	unspecified	unspecified	unspecified	unspecified	unspecified	unspecified	unspecified	unspecified	Whoever wishes to be	The verbatim uses the inclusive phrase 'Whoever wishes to be', which does not lexically specify any demographic constraints.
tlg0019.tlg011.perseus-eng1::13	unspecified	unspecified	unspecified	unspecified	unspecified	unspecified	unspecified	unspecified	unspecified	unspecified	unspecified	unspecified	unspecified	unspecified	you	The verbatim just says 'you yourselves' and does not contain the emic words for slave, sex, or age (though the reasoning identifies the speaker, the text doesn't).
tlg0019.tlg011.perseus-eng1::14	unspecified	unspecified	unspecified	unspecified	unspecified	unspecified	unspecified	unspecified	unspecified	unspecified	unspecified	unspecified	unspecified	unspecified	I	The verbatim uses the first person 'I'; while he mentions 'country's service', it does not name a specific identity category or criterion.
tlg0019.tlg011.perseus-eng1::15	unspecified	unspecified	unspecified	unspecified	unspecified	unspecified	unspecified	unspecified	unspecified	unspecified	unspecified	unspecified	jurymen	stated	jurymen	The verbatim explicitly names the occupation 'jurymen'; no other demographic or status details are stated or implied by this noun.
tlg0019.tlg011.perseus-eng1::16	unspecified	unspecified	unspecified	unspecified	unspecified	unspecified	unspecified	unspecified	unspecified	unspecified	unspecified	unspecified	priest	stated	priest	The verbatim names the occupation 'priest'; other axes are unspecified.
tlg0019.tlg011.perseus-eng1::17	unspecified	unspecified	unspecified	unspecified	unspecified	unspecified	unspecified	unspecified	unspecified	unspecified	unspecified	unspecified	unspecified	unspecified	I	The verbatim uses the pronoun 'I' without an emic noun specifying status.
tlg0019.tlg011.perseus-eng1::18	unspecified	unspecified	unspecified	unspecified	free	implied	unspecified	unspecified	unspecified	unspecified	unspecified	unspecified	dicasts, or jurymen	stated	citizens appointed to act as dicasts, or jurymen	The term 'citizens' implies free status; 'dicasts' or 'jurymen' states an occupation. Sex/Age are historical knowledge, not in the text.
tlg0019.tlg011.perseus-eng1::19	unspecified	unspecified	unspecified	unspecified	unspecified	unspecified	unspecified	unspecified	unspecified	unspecified	unspecified	unspecified	merchants engaged in maritime commerce	stated	merchants engaged in maritime commerce	The verbatim explicitly names the occupation 'merchants engaged in maritime commerce' but mentions no other demographic traits.
tlg0019.tlg011.perseus-eng1::20	unspecified	unspecified	unspecified	unspecified	unspecified	unspecified	unspecified	unspecified	unspecified	unspecified	unspecified	unspecified	unspecified	unspecified	everyone	The verbatim uses 'everyone', which is an all-inclusive term; while 'At Athens' is mentioned, it doesn't specify a resident status for the prosecutor.
tlg0019.tlg011.perseus-eng1::23	unspecified	unspecified	unspecified	unspecified	enslaved	implied	unspecified	unspecified	unspecified	unspecified	unspecified	unspecified	unspecified	unspecified	slaves	The word 'slaves' lexically presupposes enslaved status; no other axes are mentioned in the text fragment.
tlg0019.tlg011.perseus-eng1::26	unspecified	unspecified	unspecified	unspecified	unspecified	unspecified	unspecified	unspecified	unspecified	unspecified	unspecified	unspecified	Merchants	stated	Merchants	The verbatim states the occupation 'Merchants'; no other demographic criteria are mentioned.
tlg0019.tlg011.perseus-eng1::27	unspecified	unspecified	unspecified	unspecified	free	implied	unspecified	unspecified	unspecified	unspecified	unspecified	unspecified	Heliasts... Jurymen	stated	citizens, Heliasts, Jurymen	The word 'citizens' implies free status; 'Heliasts' and 'Jurymen' describe occupations/offices. Status/Age/Sex are not mentioned.
tlg0026.tlg001.perseus-eng2::1	male	implied	adult	stated	free	implied	unspecified	unspecified	unspecified	unspecified	unspecified	unspecified	unspecified	unspecified	son	The word 'son' implies male sex and (contextually) free status; 'become a man' states adult age.
tlg0026.tlg001.perseus-eng2::2	any	stated	any	stated	any	stated	unspecified	unspecified	unspecified	unspecified	unspecified	unspecified	unspecified	unspecified	child or a man or woman, or any one, free or slave	The text lists 'child... man or woman' (any age/sex) and 'free or slave' (any ownership status), explicitly applying the law to all groups.
tlg0026.tlg001.perseus-eng2::3	unspecified	unspecified	unspecified	unspecified	free	implied	native	implied	unspecified	unspecified	unspecified	unspecified	unspecified	unspecified	Athenian	The word 'Athenian' implies native ancestry and free status. The text does not name a specific age or gender lexical identifier.
tlg0026.tlg001.perseus-eng2::4	unspecified	unspecified	unspecified	unspecified	unspecified	unspecified	unspecified	unspecified	unspecified	unspecified	unspecified	unspecified	orator	stated	he, orator	The verbatim mentions 'orator' as an occupation/activity. 'He' suggests male but isn't a categorical noun for the group being barred.
tlg0026.tlg001.perseus-eng2::5	unspecified	unspecified	unspecified	unspecified	unspecified	unspecified	unspecified	unspecified	unspecified	unspecified	unspecified	unspecified	advocate, herald, ambassador	stated	advocate for the state, herald, ambassador	The text lists specific occupations (advocate, herald, ambassador) that the subject is barred from holding.
tlg0026.tlg001.perseus-eng2::6	unspecified	unspecified	elder	stated	free	implied	native	implied	unspecified	unspecified	unspecified	unspecified	unspecified	unspecified	Athenian, those above fifty years of age	'Athenian' implies native/free; 'above fifty years of age' states a specific age (elder). No categorical noun for sex is used.
tlg0026.tlg001.perseus-eng2::7	unspecified	unspecified	unspecified	unspecified	unspecified	unspecified	unspecified	unspecified	unspecified	unspecified	unspecified	unspecified	unspecified	unspecified	Any one	The text uses the generic 'Any one' and specifies a behavior (beating parents), not a demographic identity class.
tlg0026.tlg001.perseus-eng2::8	male	implied	unspecified	unspecified	unspecified	unspecified	unspecified	unspecified	unspecified	unspecified	unspecified	unspecified	unspecified	unspecified	man	The verbatim uses 'man' and 'his', implying male sex. It does not explicitly state age, ownership, or ancestry requirements.
tlg0026.tlg001.perseus-eng2::9	male	implied	unspecified	unspecified	unspecified	unspecified	unspecified	unspecified	unspecified	unspecified	unspecified	unspecified	unspecified	unspecified	man	The verbatim refers to 'the man' and 'his own body', implying male sex. Other axes are not lexically constrained.
tlg0026.tlg001.perseus-eng2::10	male	implied	unspecified	unspecified	unspecified	unspecified	unspecified	unspecified	unspecified	unspecified	unspecified	unspecified	unspecified	unspecified	man	The use of 'man' and 'his patrimony' implies male sex. No other criteria are lexically forced by the text.
tlg0026.tlg001.perseus-eng2::11	unspecified	unspecified	unspecified	unspecified	free	implied	unspecified	unspecified	unspecified	unspecified	unspecified	unspecified	unspecified	unspecified	citizen	The word 'citizen' lexically presupposes free status. Sex and age are not named in this specific snippet.
tlg0026.tlg001.perseus-eng2::12	male	implied	unspecified	unspecified	unspecified	unspecified	unspecified	unspecified	unspecified	unspecified	low	stated	trade	stated	man who earns his daily bread by working at a trade	The text explicitly names 'man' (implying male sex) and specifies those who work at a 'trade' for 'daily bread' (stating occupation/low wealth).
tlg0026.tlg001.perseus-eng2::14	unspecified	unspecified	minor	stated	free	stated	unspecified	unspecified	unspecified	unspecified	unspecified	unspecified	unspecified	unspecified	free youth	The verbatim explicitly labels the subject as 'free' and a 'youth' (age=minor).
tlg0026.tlg001.perseus-eng2::15	unspecified	unspecified	unspecified	unspecified	enslaved	stated	unspecified	unspecified	unspecified	unspecified	unspecified	unspecified	state slave	stated	state slave	The text explicitly names the status as 'slave' and the specific category as 'state slave' (demosios).
tlg0026.tlg001.perseus-eng2::16	unspecified	unspecified	unspecified	unspecified	enslaved	stated	unspecified	unspecified	unspecified	unspecified	unspecified	unspecified	slave belonging to the city	stated	slave belonging to the city	The verbatim explicitly identifies the individual as a 'slave' and further as 'belonging to the city'.
tlg0026.tlg001.perseus-eng2::17	unspecified	unspecified	unspecified	unspecified	unspecified	unspecified	unspecified	unspecified	unspecified	unspecified	unspecified	unspecified	unspecified	unspecified	Pittalacus	The verbatim mentions a specific individual (Pittalacus) and the act of 'securing his freedom', but does not lexically define a general group's criteria in this excerpt.
tlg0026.tlg001.perseus-eng2::18	unspecified	unspecified	unspecified	unspecified	free	implied	native	implied	unspecified	unspecified	unspecified	unspecified	unspecified	unspecified	Athenian	The word 'Athenian' implies native ancestry and, in this context of legal liability, free status. Sex and age are not stated.
tlg0026.tlg001.perseus-eng2::19	male	implied	unspecified	unspecified	unspecified	unspecified	unspecified	unspecified	unspecified	unspecified	unspecified	unspecified	unspecified	unspecified	he	The pronoun 'he' implies male sex. The verbatim does not specify other criteria beyond the behavior on trial.
tlg0026.tlg001.perseus-eng2::21	unspecified	unspecified	unspecified	unspecified	unspecified	unspecified	unspecified	unspecified	unspecified	unspecified	unspecified	unspecified	unspecified	unspecified	the accused	The text refers broadly to 'certain men' and 'the accused', but does not lexically force specific criteria for the scope of the bribery law.
tlg0026.tlg001.perseus-eng2::22	unspecified	unspecified	unspecified	unspecified	unspecified	unspecified	unspecified	unspecified	unspecified	unspecified	low	stated	unspecified	unspecified	persons who have property of less than three minas and are so infirm of body	The verbatim states a wealth limit ('less than three minas') and a physical condition ('infirm of body'), forcing c_wealth='low'.
tlg0026.tlg001.perseus-eng2::23	male	implied	adult	implied	free	implied	unspecified	unspecified	unspecified	unspecified	unspecified	unspecified	unspecified	unspecified	citizens’ list	Being enrolled in the 'citizens’ list' and coming into 'control of the estate' implies reaching adult age and free status; 'Timarchus' is a male name.
tlg0026.tlg001.perseus-eng2::24	unspecified	unspecified	unspecified	unspecified	enslaved	stated	unspecified	unspecified	unspecified	unspecified	unspecified	unspecified	shoemakers	stated	slaves who were skilled shoemakers	The verbatim explicitly states ownership='enslaved' ('slaves') and their occupation ('shoemakers').
tlg0026.tlg001.perseus-eng2::25	male	implied	unspecified	unspecified	free	implied	unspecified	unspecified	unspecified	unspecified	high	stated	unspecified	unspecified	rich citizens	The text states 'rich citizens', forcing c_wealth='high' and implying free status. 'Trierarch' and 'father' imply male sex.
tlg0026.tlg001.perseus-eng2::26	unspecified	unspecified	unspecified	unspecified	unspecified	unspecified	unspecified	unspecified	unspecified	unspecified	unspecified	unspecified	public officers	stated	public officers	The verbatim explicitly identifies 'public officers' as the group subject to the rule.
tlg0026.tlg001.perseus-eng2::29	male	implied	unspecified	unspecified	unspecified	unspecified	unspecified	unspecified	unspecified	unspecified	unspecified	unspecified	board of inspectors	stated	board of inspectors	The verbatim specifies members of the 'board of inspectors' and uses 'him', implying male sex.
tlg0026.tlg001.perseus-eng2::30	male	implied	unspecified	unspecified	free	implied	unspecified	unspecified	unspecified	unspecified	unspecified	unspecified	unspecified	unspecified	citizen	The text uses 'citizen' (implying free status) and 'him', implying male sex.
tlg0026.tlg001.perseus-eng2::32	male	implied	unspecified	unspecified	unspecified	unspecified	unspecified	unspecified	unspecified	unspecified	unspecified	unspecified	unspecified	unspecified	people	The verbatim refers to 'Timarchus' and 'himself', implying male sex.
tlg0026.tlg001.perseus-eng2::34	male	stated	unspecified	unspecified	enslaved	implied	unspecified	unspecified	unspecified	unspecified	unspecified	unspecified	unspecified	unspecified	slave	The verbatim refers to 'A slave' (enslaved) and specifies sex through the masculine pronouns 'his' and 'him' and the context of being a 'lover of a free boy'.
tlg0026.tlg001.perseus-eng2::35	male	implied	adult	implied	unspecified	unspecified	unspecified	unspecified	unspecified	unspecified	high	implied	unspecified	unspecified	man	Reference to a 'man' who addresses the people implies male sex and adult age; the mention of 'patrimony' (inheritance) implies an initial high wealth status.
tlg0026.tlg001.perseus-eng2::36	male	stated	adult	implied	free	implied	unspecified	unspecified	unspecified	unspecified	unspecified	unspecified	unspecified	unspecified	man	The verbatim explicitly mentions 'the man' and 'citizen's privileges' (implying free status) and 'later life' (implying adulthood).
tlg0026.tlg001.perseus-eng2::37	unspecified	unspecified	unspecified	unspecified	free	implied	native	stated	unspecified	unspecified	unspecified	unspecified	unspecified	unspecified	Athenian	The text explicitly names 'an Athenian' (native ancestry); the context of laws against hiring them for prostitution implies free status.
tlg0026.tlg001.perseus-eng2::38	unspecified	unspecified	minor	implied	unspecified	unspecified	unspecified	unspecified	unspecified	unspecified	unspecified	unspecified	unspecified	unspecified	orphans	The term 'orphans' lexically presupposes minor age (children without parents).
tlg0026.tlg001.perseus-eng2::39	male	implied	adult	implied	free	implied	unspecified	unspecified	unspecified	unspecified	unspecified	unspecified	unspecified	unspecified	man	The use of masculine pronouns ('he', 'himself') and 'man' implies male sex and adult age; the mention of citizen behavior implies free status.
tlg0026.tlg001.perseus-eng2::40	male	stated	elder	stated	free	implied	unspecified	unspecified	unspecified	unspecified	unspecified	unspecified			Council of Elders	The text explicitly names 'men' and states 'age gives its name to that office' (elder); free status is implied by holding the 'highest' office.
tlg0026.tlg001.perseus-eng2::41	female	stated	adult	implied	free	implied	unspecified	unspecified	unspecified	unspecified	unspecified	unspecified	unspecified	unspecified	woman	The verbatim explicitly names 'the woman'; free status is implied by her ability to 'adorn herself' and attend public sacrifices.
tlg0026.tlg001.perseus-eng2::42	any	stated	unspecified	unspecified	unspecified	unspecified	unspecified	unspecified	unspecified	unspecified	unspecified	unspecified			procurers	The verbatim names the occupation 'procurers' and explicitly states 'men and women', indicating any sex.
tlg0026.tlg001.perseus-eng2::43	male	stated	adult	implied	free	implied	unspecified	unspecified	unspecified	unspecified	low	implied	unspecified	unspecified	men who have squandered their patrimony	'Men' names the sex; 'patrimony' implies inheritance/free status; 'squandered' implies they are now of low wealth/property status.
tlg0026.tlg001.perseus-eng2::44	male	implied	adult	implied	free	implied	unspecified	unspecified	unspecified	unspecified	unspecified	unspecified	unspecified	unspecified	man	The text uses 'man' and 'his', implying male sex and adult age; eligibility for 'priesthood' implies free status.
tlg0026.tlg003.perseus-eng2::2	unspecified	unspecified	unspecified	unspecified	free	implied	unspecified	unspecified	unspecified	unspecified	unspecified	unspecified			officers	Refers to 'officers' who hold 'public trust', which implies free status; no specific sex or age is named in the verbatim.
tlg0026.tlg003.perseus-eng2::3	any	stated	unspecified	unspecified	free	implied	unspecified	unspecified	unspecified	unspecified	unspecified	unspecified			priests and priestesses	Explicitly names both 'priests' (male) and 'priestesses' (female), indicating any sex; their religious occupation implies free status.
tlg0026.tlg003.perseus-eng2::6	male	implied	unspecified	unspecified	free	implied	unspecified	unspecified	unspecified	unspecified	unspecified	unspecified			officer	The text uses 'The officer' and masculine pronouns 'his', implying male sex and free status (due to holding office).
tlg0026.tlg003.perseus-eng2::7	male	implied	unspecified	unspecified	free	implied	unspecified	unspecified	unspecified	unspecified	unspecified	unspecified			man who is subject to audit	The text refers to 'the man' and 'his property' (implied free and male); 'subject to audit' refers to the occupation of public officer.
tlg0026.tlg003.perseus-eng2::9	unspecified	unspecified	unspecified	unspecified	enslaved	implied	unspecified	unspecified	unspecified	unspecified	unspecified	unspecified	unspecified	unspecified	slave	The verbatim explicitly uses the word 'slave', which implies the ownership status of enslaved.
tlg0026.tlg003.perseus-eng2::11	male	implied	adult	implied	free	implied	unspecified	unspecified	resident	implied	unspecified	unspecified	unspecified	unspecified	Demosthenes	Individual names and 'assembly' participation implies male sex, adult age, free status, and residency.
tlg0026.tlg003.perseus-eng2::12	male	implied	adult	implied	free	implied	unspecified	unspecified	resident	implied	unspecified	unspecified			ambassadors	Selection by the assembly implies those chosen are free, resident, adult males; 'ambassadors' is the stated occupation.
tlg0026.tlg003.perseus-eng2::13	unspecified	unspecified	unspecified	unspecified	free	implied	unspecified	unspecified	resident	implied	unspecified	unspecified	unspecified	unspecified	people	A 'popular vote' of the 'people' in a democracy implies the participants are free residents.
tlg0026.tlg003.perseus-eng2::15	male	implied	adult	implied	free	implied	native	implied	resident	implied	unspecified	unspecified			hieromnemon	Holding specific high offices (like Hieromnemon) by election implies the individuals are free, native, resident, adult males.
tlg0026.tlg003.perseus-eng2::16	unspecified	unspecified	unspecified	unspecified	unspecified	unspecified	unspecified	unspecified	unspecified	unspecified	unspecified	unspecified	hieromnemon	stated	hieromnemon	The rule specifically applies to the official occupation of 'hieromnemon' as the state representative.
tlg0026.tlg003.perseus-eng2::17	male	stated	adult	stated	any	stated	unspecified	unspecified	resident	implied	unspecified	unspecified	unspecified	unspecified	men of Delphi	The verbatim states 'men' (sex), 'of full age' (age), and 'slaves and free men alike' (ownership status='any'). Residence is implied by the summons to Delphi.
tlg0026.tlg003.perseus-eng2::19	unspecified	unspecified	unspecified	unspecified	unspecified	unspecified	native	implied	unspecified	unspecified	unspecified	unspecified	unspecified	unspecified	ancestors	The text contrasts 'Scythian' and 'barbarian' against 'soil', implying a native ancestry requirement for citizenship/legitimacy.
tlg0026.tlg003.perseus-eng2::21	male	implied	minor	implied	free	implied	native	implied	unspecified	unspecified	unspecified	unspecified	unspecified	unspecified	young men	 'Young men' supported until they 'come of age' implies minor status; 'fathers... brave men' in the city context implies native/free status.
tlg0026.tlg003.perseus-eng2::24	male	implied	unspecified	unspecified	unspecified	unspecified	unspecified	unspecified	unspecified	unspecified	unspecified	unspecified	soldier	implied	man who fails to take the field	The terms 'man', 'coward', and 'deserter' from the 'field' imply male sex and the occupation/duty of a soldier.
tlg0026.tlg003.perseus-eng2::25	male	implied	unspecified	unspecified	unspecified	unspecified	unspecified	unspecified	unspecified	unspecified	unspecified	unspecified	soldier	implied	man who has deserted his post	The term 'man' implies male sex; 'deserted his post' implies the military occupation/context.
tlg0026.tlg003.perseus-eng2::26	male	implied	unspecified	unspecified	unspecified	unspecified	unspecified	unspecified	unspecified	unspecified	unspecified	unspecified	soldier	implied	man	The term 'man' implies male sex; failing to 'take the field' refers to military duty.
tlg0026.tlg003.perseus-eng2::27	male	implied	unspecified	unspecified	unspecified	unspecified	unspecified	unspecified	unspecified	unspecified	unspecified	unspecified	unspecified	unspecified	man	The verbatim uses 'man' and 'he', implying male sex.
tlg0026.tlg003.perseus-eng2::29	male	implied	unspecified	unspecified	unspecified	unspecified	unspecified	unspecified	unspecified	unspecified	unspecified	unspecified	office holder	implied	men who have not yet rendered their accounts	The phrase 'rendered their accounts' implies an official occupation or office; 'men' implies male sex.
tlg0026.tlg003.perseus-eng2::31	male	implied	unspecified	unspecified	unspecified	unspecified	unspecified	unspecified	unspecified	unspecified	unspecified	unspecified	unspecified	unspecified	he who wishes	The use of masculine pronouns ('he who wishes', 'him') implies male sex.
tlg0026.tlg003.perseus-eng2::32	unspecified	unspecified	unspecified	unspecified	unspecified	unspecified	unspecified	unspecified	unspecified	unspecified	high	implied	Commissioner of the Navy	stated	Three Hundred	The 'Three Hundred' and 'trierarchs' imply high wealth; 'Commissioner of the Navy' is a stated occupation.
tlg0026.tlg003.perseus-eng2::33	unspecified	unspecified	unspecified	unspecified	unspecified	unspecified	unspecified	unspecified	unspecified	unspecified	unspecified	unspecified	politician	implied	man who... has always been in politics	The rule concerns those in 'politics', implying a specific occupation or political activity.
tlg0026.tlg003.perseus-eng2::34	unspecified	unspecified	unspecified	unspecified	unspecified	unspecified	native	implied	unspecified	unspecified	unspecified	unspecified	unspecified	unspecified	private citizen	The term 'citizen' (especially when paired with 'traitor to his country') implies native ancestry/belonging.
tlg0027.tlg002.perseus-eng2::0	unspecified	unspecified	unspecified	unspecified	free	implied	unspecified	unspecified	unspecified	unspecified	unspecified	unspecified	unspecified	unspecified	all who enjoy civic rights	The possession of 'civic rights' lexically presupposes free status.
tlg0027.tlg002.perseus-eng2::1	unspecified	unspecified	unspecified	unspecified	unspecified	unspecified	unspecified	unspecified	unspecified	unspecified	unspecified	unspecified	unspecified	unspecified	suppliant	Reasoning based on the action of laying hold of 'sacred emblems' and 'the hearth', though no demographic axes are directly named.
tlg0027.tlg002.perseus-eng2::2	unspecified	unspecified	unspecified	unspecified	unspecified	unspecified	unspecified	unspecified	unspecified	unspecified	unspecified	unspecified	Council of Five Hundred	implied	Those five hundred	The term 'Those five hundred' implies a specific council or office (occupation).
tlg0027.tlg002.perseus-eng2::3	unspecified	unspecified	unspecified	unspecified	enslaved	stated	foreign	stated	unspecified	unspecified	unspecified	unspecified	unspecified	unspecified	slaves and foreigners	The verbatim explicitly names 'slaves' (ownership status) and 'foreigners' (ancestry).
tlg0027.tlg002.perseus-eng2::4	unspecified	unspecified	unspecified	unspecified	unspecified	unspecified	unspecified	unspecified	unspecified	unspecified	unspecified	unspecified	unspecified	unspecified	you	The text refers to the audience ('you') as having the power of pardon, but specifies no demographics.
tlg0027.tlg004.perseus-eng2::0	unspecified	unspecified	unspecified	unspecified	unspecified	unspecified	unspecified	unspecified	resident	implied	unspecified	unspecified	unspecified	unspecified	no one	Freedom from exile or imprisonment implies a current resident status within the country.
tlg0027.tlg004.perseus-eng2::1	unspecified	unspecified	unspecified	unspecified	unspecified	unspecified	native	implied	resident	implied	unspecified	unspecified	unspecified	unspecified	person ostracized	'Ostracized' from 'his country' implies native ancestry and current residence.
tlg0027.tlg004.perseus-eng2::2	female	implied	adult	implied	free	implied	unspecified	unspecified	unspecified	unspecified	unspecified	unspecified	unspecified	unspecified	wife	The term 'wife' lexically implies female sex, adult age, and free status in this context; the verbatim explicitly mentions 'mistresses, slave and free' as distinct from the 'wife'.
tlg0027.tlg004.perseus-eng2::3	male	stated	unspecified	unspecified	free	stated	unspecified	unspecified	unspecified	unspecified	unspecified	unspecified	unspecified	unspecified	free man	The verbatim explicitly names 'free man', which states both ownership status (free) and sex (male).
tlg0027.tlg004.perseus-eng2::4	unspecified	unspecified	unspecified	unspecified	unspecified	unspecified	unspecified	unspecified	unspecified	unspecified	unspecified	unspecified	unspecified	unspecified	anyone who fails to gain one-fifth of the votes	The verbatim uses the inclusive 'anyone', and while it describes a legal penalty, it does not name or lexically presuppose specific demographic criteria.
tlg0027.tlg004.perseus-eng2::5	unspecified	unspecified	unspecified	unspecified	unspecified	unspecified	unspecified	unspecified	unspecified	unspecified	unspecified	unspecified	unspecified	unspecified	defendant	The term 'defendant' describes a legal role but does not name or presuppose sex, age, ancestry, or status.
tlg0027.tlg004.perseus-eng2::8	male	implied	unspecified	unspecified	unspecified	unspecified	unspecified	unspecified	unspecified	unspecified	high	stated	Choregus	stated	Choregus	The occupation 'Choregus' is stated, and 'spent so vast a sum' states high wealth. The name 'Taureas' and the masculine 'his rival' imply male sex.
tlg0027.tlg004.perseus-eng2::10	unspecified	unspecified	unspecified	unspecified	unspecified	unspecified	unspecified	unspecified	unspecified	unspecified	unspecified	unspecified	unspecified	unspecified	members of the community	The verbatim refers to 'members of the community' and specific individuals like 'son of Didymius', but does not name axes like sex or age as criteria for the law itself.
tlg0027.tlg004.perseus-eng2::11	unspecified	unspecified	unspecified	unspecified	unspecified	unspecified	unspecified	unspecified	unspecified	unspecified	high	stated	Choregi	stated	Choregi	High wealth is stated by 'expenditure... from my own pocket' and 'monies belonging to the state'. The occupation 'Choregi' is explicitly named.
tlg0028.tlg003.perseus-eng2::0	male	implied	unspecified	unspecified	unspecified	unspecified	unspecified	unspecified	unspecified	unspecified	unspecified	unspecified	unspecified	unspecified	slayer	The pronoun 'him' used for the 'slayer' implies male sex. The verbatim names no other criteria for the exclusion.
tlg0028.tlg003.perseus-eng2::1	male	implied	unspecified	unspecified	unspecified	unspecified	unspecified	unspecified	unspecified	unspecified	unspecified	unspecified	unspecified	unspecified	he who killed without meaning to kill	The use of the masculine pronoun 'he' implies male sex; the law refers to the act of killing without intent, but specifies no other demographic criteria.
tlg0030.tlg003.perseus-eng2::0	male	implied	unspecified	unspecified	enslaved	implied	unspecified	unspecified	unspecified	unspecified	unspecified	unspecified	unspecified	unspecified	slave	The term 'slave' presupposes enslaved status; 'the man' and 'he' in reference to the slave imply male sex.
tlg0030.tlg003.perseus-eng2::2	male	implied	unspecified	unspecified	unspecified	unspecified	unspecified	unspecified	unspecified	unspecified	unspecified	unspecified	unspecified	unspecified	a man	The verbatim uses 'a man' and 'he', implying male sex; it also lists conditions (not old age, not influenced by a woman) that apply to the testator.
tlg0030.tlg003.perseus-eng2::3	male	implied	unspecified	unspecified	enslaved	implied	unspecified	unspecified	unspecified	unspecified	unspecified	unspecified	unspecified	unspecified	slave	The term 'slave' presupposes enslaved status; the masculine 'him' is used for the slave.
tlg0030.tlg003.perseus-eng2::4	unspecified	unspecified	unspecified	unspecified	unspecified	unspecified	foreign	implied	resident	implied	unspecified	unspecified	unspecified	unspecified	metics	The term 'metics' lexically presupposes a status as a resident alien (foreign ancestry, resident status). Sex and age are not listed.
tlg0032.tlg009.perseus-eng2::1	male	implied	unspecified	unspecified	unspecified	unspecified	unspecified	unspecified	unspecified	unspecified	high	stated	unspecified	unspecified	wealthiest men	The verbatim states 'wealthiest men', which names high wealth and implies male sex.
tlg0032.tlg009.perseus-eng2::2	unspecified	unspecified	any	stated	unspecified	unspecified	foreign	implied	unspecified	unspecified	unspecified	unspecified	unspecified	unspecified	prisoners of war	The verbatim mentions 'little children' and those 'too old', stating 'any' age. 'Prisoners of war' from 'the enemy' implies foreign ancestry.
tlg0032.tlg009.perseus-eng2::4	male	implied	unspecified	unspecified	unspecified	unspecified	foreign	implied	unspecified	unspecified	unspecified	unspecified	unspecified	unspecified	suppliants of the gods	The verbatim refers to 'those men' and 'foes', implying male sex and foreign ancestry (as enemies of the state).
tlg0059.tlg006.perseus-eng2::1	male	implied	minor	implied	unspecified	unspecified	unspecified	unspecified	unspecified	unspecified	unspecified	unspecified	unspecified	unspecified	youth	The terms 'youth' and 'young men' imply minor/early-adult age and male sex.
tlg0059.tlg006.perseus-eng2::2	male	implied	unspecified	unspecified	unspecified	unspecified	unspecified	unspecified	unspecified	unspecified	high	implied	unspecified	unspecified	son	The terms 'son' and 'youth' imply male sex; the mention of 'very large property' implies high wealth relative to the inheritance rule.
tlg0059.tlg006.perseus-eng2::3	female	implied	elder	implied	unspecified	unspecified	unspecified	unspecified	unspecified	unspecified	unspecified	unspecified	midwives	stated	midwives	The occupation 'midwives' is specified; 'women' who are 'too old to bear' implies female sex and elder age (post-menopausal).
tlg0059.tlg006.perseus-eng2::6	unspecified	unspecified	unspecified	unspecified	unspecified	unspecified	unspecified	unspecified	unspecified	unspecified	unspecified	unspecified	unspecified	unspecified	bodily habit	The verbatim discusses health generally without naming specific demographic criteria.
tlg0059.tlg006.perseus-eng2::7	unspecified	unspecified	minor	implied	unspecified	unspecified	unspecified	unspecified	unspecified	unspecified	unspecified	unspecified	unspecified	unspecified	infant	The words 'infant' and 'child' lexically imply age=minor; the presence of a 'nurse' and 'family hearth' implies domestic status but not sex or ancestry.
tlg0059.tlg006.perseus-eng2::8	unspecified	unspecified	minor	implied	unspecified	unspecified	unspecified	unspecified	unspecified	unspecified	unspecified	unspecified	unspecified	unspecified	offspring	The terms 'child' and 'offspring' lexically require age=minor; the father's power to 'bring up' or 'expose' them is the subject of the rule.
tlg0059.tlg006.perseus-eng2::15	male	stated	unspecified	unspecified	unspecified	unspecified	unspecified	unspecified	unspecified	unspecified	unspecified	unspecified	unspecified	unspecified	men	The verbatim specifies the litigants as 'men' and 'the other party in the suit'.
tlg0059.tlg006.perseus-eng2::23	unspecified	unspecified	unspecified	unspecified	unspecified	unspecified	unspecified	unspecified	unspecified	unspecified	high	implied	Protagoras	stated	Protagoras	The verbatim identifies Protagoras by name and refers to the 'high fee' he receives, implying high wealth and specific professional training.
tlg0059.tlg006.perseus-eng2::27	male	stated	unspecified	unspecified	unspecified	unspecified	unspecified	unspecified	unspecified	unspecified	unspecified	unspecified	unspecified	unspecified	man	The verbatim uses the noun 'man' to describe the purchaser and possessor.
tlg0059.tlg006.perseus-eng2::28	male	implied	unspecified	unspecified	unspecified	unspecified	unspecified	unspecified	unspecified	unspecified	unspecified	unspecified	orators and lawyers	stated	orators and lawyers	The verbatim explicitly names 'orators and lawyers' and refers to them as 'men' who persuade others.
tlg0059.tlg006.perseus-eng2::29	unspecified	unspecified	unspecified	unspecified	unspecified	unspecified	unspecified	unspecified	unspecified	unspecified	unspecified	unspecified	judges	stated	judges	The verbatim explicitly addresses 'judges' and their capacity to decide matters based on hearsay.
tlg0059.tlg010.perseus-eng2::11	unspecified	unspecified	unspecified	unspecified	unspecified	unspecified	unspecified	unspecified	unspecified	unspecified	unspecified	unspecified	unspecified	unspecified	people who are in a fever	The verbatim defines the group strictly by their physical condition ('fever' or 'similar diseases').
tlg0059.tlg010.perseus-eng2::14	unspecified	unspecified	unspecified	unspecified	unspecified	unspecified	unspecified	unspecified	unspecified	unspecified	unspecified	unspecified	unspecified	unspecified	the powerful	The verbatim distinguishes between 'the powerful' and 'the weak' based on their ability to 'revenge themselves'.
tlg0059.tlg010.perseus-eng2::15	unspecified	unspecified	unspecified	unspecified	unspecified	unspecified	unspecified	unspecified	unspecified	unspecified	unspecified	unspecified	philosophers	stated	philosophers	The verbatim explicitly contrasts 'philosophers' with 'the people' regarding their method of arithmetic.
tlg0059.tlg010.perseus-eng2::17	unspecified	unspecified	unspecified	unspecified	unspecified	unspecified	unspecified	unspecified	unspecified	unspecified	unspecified	unspecified	music, medicine, agriculture, piloting, generalship	stated	musicians and practitioners	The verbatim categorizes groups by their arts: 'music', 'medicine', 'agriculture', 'piloting', and 'generalship'.
tlg0059.tlg011.perseus-eng2::3	female	stated	unspecified	unspecified	free	stated	unspecified	unspecified	unspecified	unspecified	unspecified	unspecified	unspecified	unspecified	freeborn women	The verbatim explicitly names 'freeborn women', stating both sex and free status.
tlg0059.tlg011.perseus-eng2::6	male	stated	minor	stated	unspecified	unspecified	unspecified	unspecified	unspecified	unspecified	unspecified	unspecified	unspecified	unspecified	boys	The verbatim explicitly uses the word 'boys', which names both sex=male and age=minor.
tlg0059.tlg011.perseus-eng2::8	male	stated	adult	stated	unspecified	unspecified	unspecified	unspecified	unspecified	unspecified	unspecified	unspecified	public career	stated	men	The verbatim states 'on reaching maturity' these 'men' enter a 'public career'.
tlg0059.tlg011.perseus-eng2::9	male	stated	unspecified	unspecified	unspecified	unspecified	unspecified	unspecified	unspecified	unspecified	unspecified	unspecified	unspecified	unspecified	men	The verbatim refers to 'men’s willing service' and agreements between parties.
tlg0059.tlg011.perseus-eng2::10	male	stated	adult	stated	unspecified	unspecified	unspecified	unspecified	unspecified	unspecified	unspecified	unspecified	unspecified	unspecified	men	The verbatim mentions 'when they come to man’s estate' (adulthood) these 'men' are expected to wed.
tlg0059.tlg011.perseus-eng2::12	male	implied	unspecified	unspecified	unspecified	unspecified	unspecified	unspecified	unspecified	unspecified	unspecified	unspecified	divination and priestcraft	stated	spiritual man	The verbatim names the 'spiritual man' in the context of 'divination and priestcraft' vs 'mechanical' arts.
tlg0059.tlg011.perseus-eng2::14	any	stated	adult	stated	unspecified	unspecified	unspecified	unspecified	unspecified	unspecified	unspecified	unspecified	unspecified	unspecified	all men	The verbatim states 'All men' (humanity) are capable on 'reaching a certain age', and specifies 'man and woman'.
tlg0059.tlg011.perseus-eng2::15	unspecified	unspecified	unspecified	unspecified	unspecified	unspecified	unspecified	unspecified	unspecified	unspecified	unspecified	unspecified	legislators and poets	implied	Lycurgus / Solon	The verbatim names Solon and Lycurgus as examples of those who 'beget laws'.
tlg0059.tlg011.perseus-eng2::17	male	implied	minor	implied	unspecified	unspecified	unspecified	unspecified	unspecified	unspecified	unspecified	unspecified	unspecified	unspecified	boy	The words 'boy-loving' and 'beautiful bodies' (in the context of 'boy') imply male sex and minor age for the object of love.
tlg0059.tlg011.perseus-eng2::19	unspecified	unspecified	minor	implied	unspecified	unspecified	unspecified	unspecified	unspecified	unspecified	unspecified	unspecified	unspecified	unspecified	attendant	The verbatim refers to 'youthful bloom' and 'youthful charms', lexically implying the subject is a minor (youth).
tlg0059.tlg011.perseus-eng2::21	unspecified	unspecified	unspecified	unspecified	enslaved	implied	unspecified	unspecified	unspecified	unspecified	unspecified	unspecified	servant	stated	domestics and servants	The words 'domestics' and 'servants' in this context lexically imply an enslaved ownership status and state a servant occupation.
tlg0059.tlg011.perseus-eng2::23	unspecified	unspecified	unspecified	unspecified	unspecified	unspecified	unspecified	unspecified	unspecified	unspecified	unspecified	unspecified	generals	stated	generals	The verbatim mentions 'generals' as the actors awarding prizes; it notes selection based on 'consequence' but doesn't explicitly name other demographic criteria.
tlg0059.tlg024.perseus-eng2::0	male	stated	unspecified	unspecified	unspecified	unspecified	unspecified	unspecified	unspecified	unspecified	unspecified	unspecified	unspecified	unspecified	man	The verbatim explicitly names 'virtue of a man' and 'competent to manage the affairs of his city', stating the sex is male.
tlg0059.tlg024.perseus-eng2::1	female	stated	adult	implied	unspecified	unspecified	unspecified	unspecified	unspecified	unspecified	unspecified	unspecified	unspecified	unspecified	woman	The verbatim explicitly names 'woman' and implies adulthood through the role of 'obeying her husband' and 'ordering the house'.
tlg0059.tlg024.perseus-eng2::3	unspecified	unspecified	unspecified	unspecified	unspecified	unspecified	unspecified	unspecified	unspecified	unspecified	high	stated	unspecified	unspecified	those who procure gold and silver	The verbatim links the acquisition of 'gold and silver' (wealth) to the capacity for 'state honors and offices'.
tlg0059.tlg024.perseus-eng2::4	unspecified	unspecified	unspecified	unspecified	unspecified	unspecified	foreign	stated	unspecified	unspecified	unspecified	unspecified	unspecified	unspecified	stranger in any other city	The word 'stranger' in another city directly states foreign ancestry relative to that location.
tlg0059.tlg024.perseus-eng2::7	unspecified	unspecified	unspecified	unspecified	enslaved	implied	unspecified	unspecified	unspecified	unspecified	unspecified	unspecified	unspecified	unspecified	he who was born and bred in your house	The context of being 'born and bred in your house' in this dialogue refers to a house-slave, implying enslaved status.
tlg0059.tlg024.perseus-eng2::8	unspecified	unspecified	unspecified	unspecified	unspecified	unspecified	unspecified	unspecified	unspecified	unspecified	unspecified	unspecified	teachers	stated	avowed teachers	The verbatim names 'avowed teachers' who 'charge a fee' for their 'art'.
tlg0059.tlg024.perseus-eng2::9	unspecified	unspecified	unspecified	unspecified	unspecified	unspecified	unspecified	unspecified	unspecified	unspecified	unspecified	unspecified	sophists	stated	sophists	The verbatim explicitly names 'sophists' as 'teachers of virtue' who charge 'fees on a fixed scale'.
tlg0059.tlg024.perseus-eng2::10	unspecified	unspecified	unspecified	unspecified	free	implied	native	implied	unspecified	unspecified	unspecified	unspecified	highest offices	stated	Athenian people	Selection by the 'Athenian people' for 'highest offices' implies native ancestry and free status.
tlg0059.tlg024.perseus-eng2::11	unspecified	unspecified	unspecified	unspecified	unspecified	unspecified	unspecified	unspecified	unspecified	unspecified	high	stated	unspecified	unspecified	great house	The phrase 'great house' and having 'spent his money' to have children taught implies high wealth.
tlg0059.tlg024.perseus-eng2::12	unspecified	unspecified	unspecified	unspecified	enslaved	implied	unspecified	unspecified	unspecified	unspecified	unspecified	unspecified	unspecified	unspecified	runaway slave	The word 'slave' (repeatedly used as a metaphor for a possession that can run away) implies enslaved status.
tlg0059.tlg027.perseus-eng2::0	unspecified	unspecified	unspecified	unspecified	unspecified	unspecified	unspecified	unspecified	unspecified	unspecified	unspecified	unspecified	rhapsodes	stated	rhapsodes	The verbatim explicitly names 'rhapsodes' as the group competing in the contest.
tlg0059.tlg027.perseus-eng2::9	unspecified	unspecified	unspecified	unspecified	unspecified	unspecified	foreign	stated	unspecified	unspecified	unspecified	unspecified	general	stated	foreigners	The verbatim explicitly identifies the men as 'foreigners' who were chosen as 'general'.
tlg0059.tlg036.perseus-eng2::3	unspecified	unspecified	unspecified	unspecified	unspecified	unspecified	unspecified	unspecified	unspecified	unspecified	high	stated	unspecified	unspecified	private citizens or monarchs	The verbatim explicitly describes 'great and exorbitant wealth' in the hands of the subjects.
tlg0059.tlg036.perseus-eng2::4	unspecified	unspecified	unspecified	unspecified	unspecified	unspecified	unspecified	unspecified	non_resident	implied	high	implied	unspecified	unspecified	distributors	The context of receiving 'revenue' implies wealth; the context of 'departure' and failed requests regarding possession implies non-residency (exile).
tlg0059.tlg036.perseus-eng2::5	male	stated	unspecified	unspecified	unspecified	unspecified	unspecified	unspecified	unspecified	unspecified	unspecified	unspecified	unspecified	unspecified	man in the stone-quarries	The verbatim refers to 'the man' and 'his household', stating male sex.
tlg0059.tlg036.perseus-eng2::6	unspecified	unspecified	minor	stated	unspecified	unspecified	unspecified	unspecified	unspecified	unspecified	unspecified	unspecified	unspecified	unspecified	the young	The verbatim explicitly names 'youth' and 'the young' as being deficient in counsel.
tlg0059.tlg036.perseus-eng2::7	unspecified	unspecified	unspecified	unspecified	unspecified	unspecified	unspecified	unspecified	resident	implied	unspecified	unspecified	unspecified	unspecified	demos	The power to 'speak before the demos' and 'counsel it' implies residency within the polity.
tlg0059.tlg036.perseus-eng2::8	unspecified	unspecified	unspecified	unspecified	free	implied	native	implied	unspecified	unspecified	unspecified	unspecified	unspecified	unspecified	citizens	The word 'citizens' lexically implies free status and native ancestry within the context of an established government; specific sex and age are not named in this verbatim.
tlg0059.tlg036.perseus-eng2::9	unspecified	unspecified	unspecified	unspecified	free	implied	unspecified	unspecified	unspecified	unspecified	unspecified	unspecified	unspecified	unspecified	omitted	The verbatim refers to Socrates and legal summons. While 'comrade' is used, the legal context regarding Socrates (a known citizen figure) implies free status, though no categorical noun is used.
tlg0059.tlg036.perseus-eng2::11	unspecified	unspecified	unspecified	unspecified	enslaved	stated	unspecified	unspecified	unspecified	unspecified	unspecified	unspecified	unspecified	unspecified	slave	The verbatim explicitly names 'slave', which lexically presupposes enslaved ownership status.
tlg0059.tlg036.perseus-eng2::15	male	implied	adult	implied	unspecified	unspecified	unspecified	unspecified	non_resident	stated	high	stated	unspecified	unspecified	he	The verbatim refers to property deposited elsewhere and funds that are 'by no means small' (high wealth) belonging to a 'him' who cannot remove it (non-resident/exile context).
tlg0059.tlg036.perseus-eng2::16	unspecified	unspecified	unspecified	unspecified	unspecified	unspecified	unspecified	unspecified	unspecified	unspecified	unspecified	unspecified	mercenary force	stated	mercenary force	The verbatim explicitly names 'mercenary force' and 'peltasts' as the group receiving pay.
tlg0059.tlg036.perseus-eng2::17	male	implied	adult	implied	unspecified	unspecified	foreign	stated	unspecified	unspecified	unspecified	unspecified	unspecified	unspecified	slanderers	The first-person account describes a guest from away ('desirous to depart') requiring 'supplies for the journey', implying foreign ancestry relative to the host.
tlg0059.tlg036.perseus-eng2::18	male	implied	adult	implied	unspecified	unspecified	unspecified	unspecified	non_resident	stated	high	implied	unspecified	unspecified	Heracleides	The text specifies the condition of not residing in Sicily (non-resident) while continuing to enjoy income from property, implying high wealth/estate ownership.
tlg0059.tlg036.perseus-eng2::26	unspecified	unspecified	unspecified	unspecified	unspecified	unspecified	unspecified	unspecified	resident	implied	high	implied	unspecified	unspecified	omitted	The requirement to 'furnish a chorus' lexically presupposes high wealth ('spending of your own money'); doing so 'at Athens' implies residence/civic connection.
tlg0059.tlg036.perseus-eng2::27	female	stated	any	stated	free	implied	unspecified	unspecified	unspecified	unspecified	unspecified	unspecified	unspecified	unspecified	daughters	The verbatim names 'daughters' (female) varying from 'under a year' to 'marriageable age' (any age) and mentions 'reasonable dowry', implying free status.
tlg0062.tlg001.perseus-eng2::1	unspecified	unspecified	unspecified	unspecified	unspecified	unspecified	foreign	implied	non_resident	stated	unspecified	unspecified	unspecified	unspecified	strangers	The word 'strangers' and 'visitors' arriving at 'ports' lexically implies foreign ancestry and non-resident status.
tlg0062.tlg001.perseus-eng2::3	unspecified	unspecified	unspecified	unspecified	unspecified	unspecified	native	implied	resident	stated	unspecified	unspecified	unspecified	unspecified	sacrificers and the worshippers	The speakers refer to 'our subsistence' and 'among ourselves' in Delphi, implying resident status and native identification with the temple's lands.
tlg0062.tlg008.perseus-eng2::0	male	implied	adult	implied	free	implied	unspecified	unspecified	resident	stated	unspecified	unspecified	unspecified	unspecified	man in the community	The phrase 'man in the community' and 'went to the assembly' implies male sex, adult age, free status, and residency.
tlg0062.tlg008.perseus-eng2::1	male	stated	unspecified	unspecified	unspecified	unspecified	unspecified	unspecified	resident	implied	unspecified	unspecified	unspecified	unspecified	men of Athens	The address 'men of Athens' states male sex and implies residency in the city where public sacrifice is expected.
tlg0062.tlg008.perseus-eng2::4	unspecified	unspecified	unspecified	unspecified	free	implied	unspecified	unspecified	unspecified	unspecified	unspecified	unspecified	unspecified	unspecified	Roman citizenslfip	The term 'citizenship' lexically presupposes free ownership status.
tlg0062.tlg011.perseus-eng2::0	unspecified	unspecified	unspecified	unspecified	unspecified	unspecified	native	stated	resident	implied	unspecified	unspecified	unspecified	unspecified	people of Tarsus	Reference to 'native land' and 'people of Tarsus' states native ancestry and implies residency for the group relieved of taxation.
tlg0062.tlg011.perseus-eng2::1	male	implied	elder	stated	unspecified	unspecified	unspecified	unspecified	unspecified	unspecified	unspecified	unspecified	unspecified	unspecified	Sophocles	The verbatim names a specific person ('Sophocles') at age 'ninety-five' (elder) and his 'son' (implying male sex).
tlg0062.tlg015.perseus-eng4::0	female	stated	adult	implied	unspecified	unspecified	unspecified	unspecified	unspecified	unspecified	unspecified	unspecified	unspecified	unspecified	ladies	The word 'ladies' states female sex and lexically implies adult age.
tlg0062.tlg015.perseus-eng4::1	male	implied	elder	stated	unspecified	unspecified	native	implied	unspecified	unspecified	unspecified	unspecified	priest	stated	priest	The verbatim names 'priesthood', 'noblest blood' (ancestry), and 'virtue of his years' (elder age).
tlg0062.tlg015.perseus-eng4::2	male	implied	minor	implied	unspecified	unspecified	unspecified	unspecified	unspecified	unspecified	high	stated	unspecified	unspecified	youngster	The verbatim names 'youngster' and 'rich father'/'money' (high wealth).
tlg0062.tlg015.perseus-eng4::3	unspecified	unspecified	elder	stated	unspecified	unspecified	unspecified	unspecified	unspecified	unspecified	unspecified	unspecified	unspecified	unspecified	Zenothemis	The phrase 'in virtue of his years' states that age is the criterion for the precedence.
tlg0062.tlg015.perseus-eng4::4	unspecified	unspecified	unspecified	unspecified	unspecified	unspecified	unspecified	unspecified	unspecified	unspecified	unspecified	unspecified	teacher	implied	I	The speaker describes activities (collecting fees, having pupils) that lexically imply the occupation of a teacher. No other criteria are stated/implied.
tlg0062.tlg015.perseus-eng4::7	female	implied	unspecified	unspecified	unspecified	unspecified	unspecified	unspecified	unspecified	unspecified	unspecified	unspecified	flutegirl	stated	flutegirl	The term 'flutegirl' states the occupation and implies the female sex. Ownership status is a historical inference not found in the verbatim.
tlg0062.tlg026.perseus-eng4::0	unspecified	unspecified	unspecified	unspecified	free	implied	native	implied	resident	implied	unspecified	unspecified	unspecified	unspecified	body of the Athenians	'Athenians' and 'Athenian people' imply native ancestry, free status (in context of political body), and residence to serve. Sex/age are historical facts, not lexical.
tlg0062.tlg026.perseus-eng4::1	unspecified	unspecified	unspecified	unspecified	free	implied	foreign	stated	resident	implied	unspecified	unspecified	unspecified	unspecified	naturalized foreigner	'Naturalized foreigner' states foreign ancestry; 'foreigner' implies free status and 'tax-paying' in this context implies residence.
tlg0062.tlg026.perseus-eng4::2	unspecified	unspecified	unspecified	unspecified	unspecified	unspecified	unspecified	unspecified	unspecified	unspecified	unspecified	unspecified	unspecified	unspecified	litigant parties	The verbatim applies to 'litigant parties' generally; it does not name or lexically force sex, age, ancestry, or status.
tlg0062.tlg026.perseus-eng4::3	unspecified	unspecified	unspecified	unspecified	free	implied	native	implied	resident	implied	unspecified	unspecified	unspecified	unspecified	Athenian people	'Athenian people' implies native ancestry, free status, and residence. Sex and age are unspecified by the words themselves.
tlg0062.tlg026.perseus-eng4::6	unspecified	unspecified	unspecified	unspecified	unspecified	unspecified	foreign	stated	unspecified	unspecified	unspecified	unspecified	unspecified	unspecified	outsiders	The word 'outsiders' directly states foreign ancestry relative to the Areopagus's location.
tlg0062.tlg026.perseus-eng4::7	male	stated	unspecified	unspecified	free	implied	native	stated	resident	implied	unspecified	unspecified	unspecified	unspecified	men of Athens	'Men' names the sex; 'of Athens' and 'countrymen' state/imply native ancestry and residence; 'countrymen' implies free status.
tlg0062.tlg026.perseus-eng4::8	unspecified	unspecified	unspecified	unspecified	unspecified	unspecified	unspecified	unspecified	unspecified	unspecified	unspecified	unspecified	unspecified	unspecified	Gentlemen	'Gentlemen' is a polite address often used for men, but in this isolated text, it doesn't strictly define the required scope for the rule.
tlg0062.tlg026.perseus-eng4::9	female	implied	adult	implied	free	implied	unspecified	unspecified	unspecified	unspecified	unspecified	unspecified	unspecified	unspecified	her	The reference to a 'divorce-court' and 'her' (in context of marriage to the speaker) implies female sex, adult age, and free status.
tlg0062.tlg026.perseus-eng4::10	unspecified	unspecified	unspecified	unspecified	unspecified	unspecified	unspecified	unspecified	unspecified	unspecified	unspecified	unspecified	unspecified	unspecified	Gentlemen	As in rule 8, the address 'Gentlemen' does not lexically define the legal categories of the jury in the absence of other text.
tlg0062.tlg030.perseus-eng2::1	unspecified	unspecified	unspecified	unspecified	free	stated	unspecified	unspecified	unspecified	unspecified	unspecified	unspecified	unspecified	unspecified	free	The verbatim explicitly names the status of 'free' as one group to whom the norm of work applies.
tlg0062.tlg030.perseus-eng2::2	unspecified	unspecified	unspecified	unspecified	enslaved	stated	unspecified	unspecified	unspecified	unspecified	unspecified	unspecified	unspecified	unspecified	slave	The verbatim explicitly names the status of 'slave' as one group to whom the norm of work applies.
tlg0062.tlg030.perseus-eng2::4	unspecified	unspecified	unspecified	unspecified	unspecified	unspecified	unspecified	unspecified	unspecified	unspecified	unspecified	unspecified	students	implied	some going home from their schools	The reference to 'schools' and 'floggings' of those learning an art implies the occupation/role of students.
tlg0062.tlg030.perseus-eng2::5	unspecified	unspecified	unspecified	unspecified	unspecified	unspecified	unspecified	unspecified	unspecified	unspecified	unspecified	unspecified	those who ply the rest of the arts	stated	those who ply the rest of the arts	The verbatim explicitly names the group by their occupation ('ply the rest of the arts').
tlg0062.tlg030.perseus-eng2::8	unspecified	unspecified	adult	implied	unspecified	unspecified	unspecified	unspecified	unspecified	unspecified	unspecified	unspecified	unspecified	unspecified	those of military age	'Military age' lexically implies a defined adult bracket, though non-sex specific in this wording.
tlg0062.tlg030.perseus-eng2::10	unspecified	unspecified	unspecified	unspecified	unspecified	unspecified	unspecified	unspecified	unspecified	unspecified	unspecified	unspecified	parasite	stated	parasite	The verbatim explicitly names the 'parasite' occupation as the group exempt from suits.
tlg0062.tlg045.perseus-eng2::1	unspecified	unspecified	unspecified	unspecified	unspecified	unspecified	unspecified	unspecified	unspecified	unspecified	unspecified	unspecified	flute-players, singers, tragedy and comedy	stated	flute-players, singers, tragedy and comedy	The verbatim naming of performers/actors identifies the occupations eligible for competitions.
tlg0062.tlg045.perseus-eng2::5	unspecified	unspecified	unspecified	unspecified	unspecified	unspecified	unspecified	unspecified	unspecified	unspecified	unspecified	unspecified	unspecified	unspecified	those who let out the mysteries	The verbatim describes the group by their action (participating in mystery rites) rather than status or identity axes.
tlg0062.tlg045.perseus-eng2::10	male	implied	unspecified	unspecified	unspecified	unspecified	unspecified	unspecified	unspecified	unspecified	unspecified	unspecified	dancer	stated	dancer	The verbatim names the occupation 'dancer'; the use of 'he/him' implies a male sex for the subject.
tlg0062.tlg045.perseus-eng2::11	unspecified	unspecified	unspecified	unspecified	unspecified	unspecified	unspecified	unspecified	unspecified	unspecified	unspecified	unspecified	dancer	stated	dancer	The verbatim explicitly names 'dancer' as the subject of the requirement for poetic and mythological knowledge.
tlg0062.tlg045.perseus-eng2::13	male	stated	unspecified	unspecified	free	implied	unspecified	unspecified	unspecified	unspecified	high	implied	unspecified	unspecified	men of the best birth and first rank	The verbatim states 'men' (sex) and 'best birth and first rank', which lexically implies free status and high social/wealth standing.
tlg0062.tlg046.perseus-eng2::1	unspecified	unspecified	unspecified	unspecified	unspecified	unspecified	unspecified	unspecified	unspecified	unspecified	unspecified	unspecified	unspecified	unspecified	Hieronymuses	The text refers to those who have been 'hallowed' or initiated, but the name 'Hieronymuses' does not lexically force sex, age, or status on its own.
tlg0062.tlg046.perseus-eng2::2	unspecified	unspecified	unspecified	unspecified	unspecified	unspecified	unspecified	unspecified	unspecified	unspecified	unspecified	unspecified	goldworker	stated	goldworker	The verbatim states the occupation 'goldworker'. While corporal punishment is mentioned, the text does not lexically state the man's legal ownership status.
tlg0062.tlg046.perseus-eng2::3	unspecified	unspecified	unspecified	unspecified	free	implied	unspecified	unspecified	unspecified	unspecified	unspecified	unspecified	unspecified	unspecified	sorry wretch	The mention of paying 'weregelt' (fine/compensation) lexically implies a person with the legal capacity to pay, generally implying free status.
tlg0062.tlg046.perseus-eng2::6	female	implied	adult	implied	free	implied	unspecified	unspecified	unspecified	unspecified	unspecified	unspecified	unspecified	unspecified	wife	The word 'wife' lexically presupposes female sex, adult age, and (socially) free status.
tlg0062.tlg057.perseus-eng3::0	unspecified	unspecified	unspecified	unspecified	unspecified	unspecified	unspecified	unspecified	unspecified	unspecified	unspecified	unspecified	artist	stated	Zeuxis	The verbatim identifies 'Zeuxis' as an artist/painter through the mention of his 'picture' and 'technique of the work'.
tlg0062.tlg057.perseus-eng3::1	male	implied	unspecified	unspecified	free	implied	foreign	implied	unspecified	unspecified	unspecified	unspecified	soldier	implied	Macedonian contingent	'Contingent' and 'troops' imply soldiers; 'Macedonian' implies a specific ancestry/ethnicity; 'Men' states sex; soldiering implies free status.
tlg0062.tlg059.perseus-eng3::0	unspecified	unspecified	unspecified	unspecified	free	implied	unspecified	unspecified	unspecified	unspecified	unspecified	unspecified	administrators	stated	administrators of all the provinces	The text explicitly names 'administrators', 'governors', and 'commanders'; the contrast with 'slavery' implies they are free.
tlg0062.tlg059.perseus-eng3::1	unspecified	unspecified	unspecified	unspecified	free	implied	unspecified	unspecified	unspecified	unspecified	high	implied	professor	stated	professor	The verbatim names the occupation 'professor' and mentions 'highest fees', implying both free status and high wealth/income.
tlg0062.tlg062.perseus-eng3::0	unspecified	unspecified	unspecified	unspecified	free	implied	native	implied	resident	implied	unspecified	unspecified	unspecified	unspecified	Athenian citizen	'Citizen' lexically presupposes free status; 'Athenian' presupposes native ancestry/residence in this context of initiation eligibility.
tlg0062.tlg062.perseus-eng3::1	unspecified	unspecified	unspecified	unspecified	unspecified	unspecified	foreign	stated	unspecified	unspecified	unspecified	unspecified	physician	stated	The Foreign Physician	The verbatim explicitly labels the individual as 'Foreign' (ancestry) and 'Physician' (occupation).
tlg0535.tlg001.perseus-eng2::0	unspecified	unspecified	unspecified	unspecified	unspecified	unspecified	native	implied	unspecified	unspecified	unspecified	unspecified	unspecified	unspecified	Athenians	The use of 'Athenians' as a sovereign group with the right to punish/acquit implies native/citizen identity.
tlg0535.tlg001.perseus-eng2::1	unspecified	unspecified	unspecified	unspecified	unspecified	unspecified	unspecified	unspecified	unspecified	unspecified	unspecified	unspecified	orators	stated	orators	The verbatim explicitly mentions 'orators' and their practice of 'speaking freely from the platform'.
tlg0535.tlg001.perseus-eng2::2	unspecified	unspecified	unspecified	unspecified	unspecified	unspecified	unspecified	unspecified	unspecified	unspecified	unspecified	unspecified	unspecified	unspecified	jury	The verbatim mentions 'jury' and 'courts', but does not name specific criteria for the people within those groups.
tlg0535.tlg001.perseus-eng2::3	unspecified	unspecified	unspecified	unspecified	unspecified	unspecified	unspecified	unspecified	unspecified	unspecified	unspecified	unspecified	unspecified	unspecified	jury	The verbatim mentions the 'jury' is governed by an 'oath', but provides no lexical constraints on juror identity.
tlg0540.tlg001.perseus-eng2::0	female	implied	unspecified	unspecified	enslaved	stated	unspecified	unspecified	unspecified	unspecified	unspecified	unspecified	servant-girl	stated	servant-girl	The verbatim uses 'servant-girl' and 'torture', and the context of being 'thrown into a mill' states/implies enslaved status and female sex.
tlg0540.tlg001.perseus-eng2::1	male	implied	adult	implied	free	implied	unspecified	unspecified	unspecified	unspecified	unspecified	unspecified	unspecified	unspecified	spouse	The case involves vengeance for adultery with a 'spouse'; in the legal register of 'murder suits' involving vengeance, 'spouse' (and the actor) implies free adult males.
tlg0540.tlg001.perseus-eng2::2	unspecified	unspecified	any	stated	free	stated	unspecified	unspecified	unspecified	unspecified	unspecified	unspecified	unspecified	unspecified	free adult or child	The verbatim explicitly names 'free' (ownership) and 'adult or child' (the latter implying age=any).
tlg0540.tlg001.perseus-eng2::3	unspecified	unspecified	unspecified	unspecified	unspecified	unspecified	unspecified	unspecified	unspecified	unspecified	unspecified	unspecified	unspecified	unspecified	those who use persuasion	The verbatim refers to 'those who use force' and 'those who use persuasion', but contains no lexical constraints on the identity of these actors.
tlg0540.tlg001.perseus-eng2::4	male	implied	adult	implied	free	implied	unspecified	unspecified	unspecified	unspecified	unspecified	unspecified	unspecified	unspecified	man	The word 'man' and reference to 'wives' implies male sex and adult age; the mention of having 'property' and legal rights implies free status.
tlg0540.tlg001.perseus-eng2::5	unspecified	unspecified	unspecified	unspecified	unspecified	unspecified	unspecified	unspecified	resident	implied	unspecified	unspecified	unspecified	unspecified	me	The mention of an attempt to 'expel me from the city' implies the individual is currently a resident.
tlg0540.tlg001.perseus-eng2::6	unspecified	unspecified	unspecified	unspecified	unspecified	unspecified	unspecified	unspecified	unspecified	unspecified	unspecified	unspecified	unspecified	unspecified	me	The verbatim refers only to 'me' and 'he' regarding a 'private suit'; no categorical criteria are lexically forced.
tlg0540.tlg004.perseus-eng2::0	female	stated	unspecified	unspecified	enslaved	implied	unspecified	unspecified	unspecified	unspecified	unspecified	unspecified	unspecified	unspecified	woman	The verbatim names the subject a 'woman' (stated sex) and discusses whether she was 'shared' or 'belonged' to a man, implying enslaved status.
tlg0540.tlg004.perseus-eng2::2	unspecified	unspecified	unspecified	unspecified	unspecified	unspecified	native	stated	resident	implied	unspecified	unspecified	unspecified	unspecified	native land	The verbatim explicitly names the land as 'native' and 'my own country', stating native ancestry and implying residency.
tlg0540.tlg004.perseus-eng2::3	unspecified	unspecified	unspecified	unspecified	free	implied	unspecified	unspecified	unspecified	unspecified	high	implied	unspecified	unspecified	he	Possession of an 'estate' containing 'slaves' and 'oxen' implies high wealth and free status.
tlg0540.tlg008.perseus-eng2::1	unspecified	unspecified	unspecified	unspecified	unspecified	unspecified	unspecified	unspecified	unspecified	unspecified	unspecified	unspecified	unspecified	unspecified	Polycles	The verbatim name 'Polycles' does not lexically force specific categorical criteria beyond individuality.
tlg0540.tlg008.perseus-eng2::2	unspecified	unspecified	unspecified	unspecified	unspecified	unspecified	unspecified	unspecified	unspecified	unspecified	unspecified	unspecified	unspecified	unspecified	those who intended to speak on my behalf	The verbatim refers generally to 'those' and 'others'; it does not name or imply specific group criteria.
tlg0540.tlg009.perseus-eng2::1	unspecified	unspecified	unspecified	unspecified	unspecified	unspecified	unspecified	unspecified	unspecified	unspecified	unspecified	unspecified	military service	implied	those who had not served in the field	The verbatim specifies individuals by their military 'service in the field', indicating an occupational/status criterion.
tlg0540.tlg009.perseus-eng2::2	unspecified	unspecified	unspecified	unspecified	free	implied	native	implied	unspecified	unspecified	unspecified	unspecified	unspecified	unspecified	citizens	The word 'citizens' lexically implies free status and native ancestry (in an Athenian context).
tlg0540.tlg010.perseus-eng2::0	unspecified	unspecified	unspecified	unspecified	unspecified	unspecified	unspecified	unspecified	unspecified	unspecified	unspecified	unspecified	unspecified	unspecified	Theomnestus	The text discusses a specific man (Theomnestus) losing the right to speak; it does not name his group criteria explicitly.
tlg0540.tlg010.perseus-eng2::1	male	implied	unspecified	unspecified	unspecified	unspecified	unspecified	unspecified	unspecified	unspecified	unspecified	unspecified	on campaign	implied	man	The verbatim uses 'man' (implied male) and refers to the act of throwing away a 'shield' (implying military occupation).
tlg0540.tlg010.perseus-eng2::2	any	stated	unspecified	unspecified	enslaved	implied	unspecified	unspecified	unspecified	unspecified	unspecified	unspecified	servant	stated	servant	The verbatim uses 'servant' (varlet/oiketes) stating occupation and implying enslaved/unfree status. 'All' implies gender/age inclusivity within status.
tlg0540.tlg010.perseus-eng2::3	unspecified	unspecified	unspecified	unspecified	unspecified	unspecified	unspecified	unspecified	unspecified	unspecified	high	implied	lender	stated	lender	The word 'lender' states an occupation and implies the possession of capital (wealth).
tlg0540.tlg010.perseus-eng2::4	male	implied	unspecified	unspecified	unspecified	unspecified	unspecified	unspecified	unspecified	unspecified	unspecified	unspecified	unspecified	unspecified	He	The pronoun 'He' implies male sex; no other criteria are lexically constrained.
tlg0540.tlg016.perseus-eng2::1	male	implied	unspecified	unspecified	unspecified	unspecified	unspecified	unspecified	unspecified	unspecified	high	implied	cavalry	stated	those who served then in the cavalry	The verbatim names the occupation 'cavalry', which lexically implies high wealth (ability to maintain a horse) and male sex.
tlg0540.tlg016.perseus-eng2::2	female	stated	unspecified	unspecified	free	implied	unspecified	unspecified	unspecified	unspecified	unspecified	unspecified	unspecified	unspecified	sisters	The word 'sisters' states female sex and implies free status within the context of receiving a dowry and 'patrimony'.
tlg0540.tlg016.perseus-eng2::4	unspecified	unspecified	minor	stated	unspecified	unspecified	unspecified	unspecified	unspecified	unspecified	unspecified	unspecified	unspecified	unspecified	people ... at too early an age	The verbatim explicitly refers to those of 'too early an age', stating the age criterion.
tlg0540.tlg020.perseus-eng2::0	unspecified	unspecified	minor	implied	unspecified	unspecified	unspecified	unspecified	unspecified	unspecified	unspecified	unspecified	unspecified	unspecified	children	The word 'children' lexically presupposes minor age.
tlg0540.tlg020.perseus-eng2::1	male	implied	unspecified	unspecified	unspecified	unspecified	unspecified	unspecified	unspecified	unspecified	high	implied	unspecified	unspecified	he	The mention of a 'fortune', 'special levies', and 'public services' (liturgies) implies high wealth; the pronoun 'he' implies male sex.
tlg0540.tlg020.perseus-eng2::2	male	implied	unspecified	unspecified	unspecified	unspecified	unspecified	unspecified	unspecified	unspecified	unspecified	unspecified	magistrate	stated	magistrate	The verbatim uses the masculine pronoun 'him' and the term 'magistrate', implying male sex and stating a specific occupation/role.
tlg0540.tlg020.perseus-eng2::3	male	implied	unspecified	unspecified	unspecified	unspecified	unspecified	unspecified	unspecified	unspecified	unspecified	unspecified	unspecified	unspecified	defendant	The verbatim refers to 'The defendant' and uses the masculine pronoun 'himself' and 'he', implying male sex.
tlg0540.tlg020.perseus-eng2::4	unspecified	unspecified	unspecified	unspecified	unspecified	unspecified	unspecified	unspecified	resident	implied	unspecified	unspecified	unspecified	unspecified	townsmen	The term 'townsmen' lexically presupposes residency in the town.
tlg0540.tlg022.perseus-eng2::0	unspecified	unspecified	unspecified	unspecified	unspecified	unspecified	foreign	stated	resident	stated	unspecified	unspecified	unspecified	unspecified	resident alien	The verbatim explicitly names the subject a 'resident alien', stating both foreign ancestry and resident status.
tlg0540.tlg022.perseus-eng2::3	unspecified	unspecified	unspecified	unspecified	free	implied	unspecified	unspecified	unspecified	unspecified	unspecified	unspecified	corn-controllers	stated	corn-controllers	The verbatim names the occupation 'corn-controllers' and labels them 'citizens', which lexically presupposes free ownership status.
tlg0540.tlg022.perseus-eng2::4	unspecified	unspecified	unspecified	unspecified	unspecified	unspecified	unspecified	unspecified	unspecified	unspecified	unspecified	unspecified	unspecified	unspecified	they	The verbatim is too vague to constrain any axis; 'poverty' is mentioned as a 'pretext', but does not state the actual wealth level of the subject.
tlg0540.tlg027.perseus-eng2::0	unspecified	unspecified	unspecified	unspecified	unspecified	unspecified	unspecified	unspecified	unspecified	unspecified	unspecified	unspecified	unspecified	unspecified	you	The verbatim addresses the audience ('you') and mentions 'votes', but contains no lexical constraints on the voters' identity.
tlg0540.tlg027.perseus-eng2::1	unspecified	unspecified	unspecified	unspecified	unspecified	unspecified	unspecified	unspecified	unspecified	unspecified	unspecified	unspecified	juryman	stated	juryman	The verbatim explicitly names the occupation 'juryman'.
tlg0540.tlg027.perseus-eng2::2	unspecified	unspecified	unspecified	unspecified	unspecified	unspecified	unspecified	unspecified	unspecified	unspecified	unspecified	unspecified	unspecified	unspecified	these men	The masculine 'these men' implies male sex, but the role (official) is in the rule summary, not the verbatim.
tlg0540.tlg027.perseus-eng2::3	unspecified	unspecified	unspecified	unspecified	unspecified	unspecified	unspecified	unspecified	unspecified	unspecified	high	stated	unspecified	unspecified	those... producing dramas	The verbatim mentions 'producing dramas' and 'dwelling in great houses', which in this context names high wealth status.
tlg0540.tlg029.perseus-eng2::0	unspecified	unspecified	unspecified	unspecified	unspecified	unspecified	unspecified	unspecified	unspecified	unspecified	unspecified	unspecified	unspecified	unspecified	gentlemen	The address 'gentlemen' implies male sex for the jury.
tlg0540.tlg029.perseus-eng2::1	male	implied	unspecified	unspecified	unspecified	unspecified	unspecified	unspecified	unspecified	unspecified	high	stated	unspecified	unspecified	men of property	The verbatim names 'men of property', stating high wealth and implying male sex.
tlg0540.tlg029.perseus-eng2::2	male	implied	unspecified	unspecified	unspecified	unspecified	unspecified	unspecified	unspecified	unspecified	unspecified	unspecified	unspecified	unspecified	gentlemen of the jury	The address 'gentlemen of the jury' implies male sex; the text mentions 'estates', which implies some wealth, but is not definitive of a class.
tlg0540.tlg030.perseus-eng2::0	unspecified	unspecified	unspecified	unspecified	free	implied	unspecified	unspecified	unspecified	unspecified	unspecified	unspecified	office	stated	citizens	The word 'citizens' implies ownership='free'; 'hold office' states a specific occupation/functional role.
tlg0540.tlg030.perseus-eng2::4	male	implied	unspecified	unspecified	enslaved	implied	unspecified	unspecified	unspecified	unspecified	unspecified	unspecified	unspecified	unspecified	man... of servile birth	The verbatim uses 'man' (implying male sex) and 'servile birth' (implying enslaved status in this legal context).
tlg0540.tlg030.perseus-eng2::6	male	implied	unspecified	unspecified	unspecified	unspecified	unspecified	unspecified	unspecified	unspecified	unspecified	unspecified	unspecified	unspecified	friends	The verbatim uses masculine pronouns ('him', 'his'), implying male sex.
tlg1216.tlg001.perseus-eng1::9	unspecified	unspecified	unspecified	unspecified	unspecified	unspecified	unspecified	unspecified	unspecified	unspecified	unspecified	unspecified	unspecified	unspecified	Israel	The verbatim refers to 'Israel', but in a religious/rhetorical sense that does not clearly constrain the demographic axes of the actual group being governed.
tlg1216.tlg001.perseus-eng1::16	unspecified	unspecified	unspecified	unspecified	unspecified	unspecified	unspecified	unspecified	unspecified	unspecified	low	stated	unspecified	unspecified	poor	The verbatim explicitly names 'the poor', stating a low wealth criterion; it also mentions 'widow and orphan', which implies sex and age constraints for subsets of the group.
tlg1216.tlg001.perseus-eng1::17	unspecified	unspecified	minor	implied	unspecified	unspecified	unspecified	unspecified	unspecified	unspecified	unspecified	unspecified	unspecified	unspecified	orphan	The word 'orphan' lexically presupposes a minor/child.
tlg1271.tlg001.perseus-eng1::1	female	stated	minor	implied	unspecified	unspecified	unspecified	unspecified	unspecified	unspecified	unspecified	unspecified	unspecified	unspecified	young... women	The verbatim states 'women' (sex) and 'the young' (age).
tlg1271.tlg001.perseus-eng1::2	female	implied	adult	implied	unspecified	unspecified	unspecified	unspecified	unspecified	unspecified	unspecified	unspecified	unspecified	unspecified	women, husbands	The word 'women' in the context of having 'husbands' and 'managing households' lexically implies female sex and adult age.
tlg1271.tlg001.perseus-eng1::3	female	implied	adult	implied	unspecified	unspecified	unspecified	unspecified	unspecified	unspecified	unspecified	unspecified	unspecified	unspecified	women, husbands	The mention of 'women' and their 'husbands' lexically implies female sex and adult age.
tlg1271.tlg001.perseus-eng1::8	unspecified	unspecified	minor	implied	unspecified	unspecified	unspecified	unspecified	unspecified	unspecified	unspecified	unspecified	unspecified	unspecified	children, young	The words 'children' and 'young' lexically presuppose minor age status.
tlg1271.tlg001.perseus-eng1::9	female	implied	adult	implied	unspecified	unspecified	unspecified	unspecified	unspecified	unspecified	unspecified	unspecified	unspecified	unspecified	wives	The word 'wives' lexically presupposes female sex and adult age.
tlg1271.tlg001.perseus-eng1::12	unspecified	unspecified	unspecified	unspecified	unspecified	unspecified	unspecified	unspecified	unspecified	unspecified	unspecified	unspecified	workman	stated	workman	The verbatim explicitly names the 'workman' as the subject of the rule regarding labor and reward.
tlg1271.tlg001.perseus-eng1::13	unspecified	unspecified	unspecified	unspecified	unspecified	unspecified	native	implied	unspecified	unspecified	unspecified	unspecified	priests, Levites, kings, rulers, governors	stated	priests, Levites, kings, rulers, governors	The text lists specific occupational/social roles and ties them to 'succession of Judah' and 'his tribes', implying native ancestry.
tlg1271.tlg001.perseus-eng1::15	unspecified	unspecified	unspecified	unspecified	unspecified	unspecified	unspecified	unspecified	unspecified	unspecified	unspecified	unspecified	High Priest, priests, Levites	stated	High Priest, priests, Levites, layman	The verbatim names specific religious occupations (High Priest, priests, Levites) and contrasts them with the laity.
tlg1271.tlg001.perseus-eng1::17	unspecified	unspecified	unspecified	unspecified	unspecified	unspecified	unspecified	unspecified	unspecified	unspecified	unspecified	unspecified	High Priest, ministers	stated	High Priest, ministers	The text names the 'High Priest' and 'ministers' as the agents responsible for inspecting offerings.
tlg1271.tlg001.perseus-eng1::20	unspecified	unspecified	unspecified	unspecified	unspecified	unspecified	unspecified	unspecified	unspecified	unspecified	unspecified	unspecified	presbyters	stated	presbyters, people	The verbatim names 'presbyters' as a distinct group set over the flock.
tlg1271.tlg001.perseus-eng1::21	unspecified	unspecified	unspecified	unspecified	enslaved	stated	unspecified	unspecified	unspecified	unspecified	unspecified	unspecified	unspecified	unspecified	slavery, bondage	The verbatim states that individuals have 'given themselves to bondage' and 'delivered themselves to slavery'.
tlg1622.tlg001.perseus-eng1::4	unspecified	unspecified	unspecified	unspecified	unspecified	unspecified	unspecified	unspecified	unspecified	unspecified	unspecified	unspecified	unspecified	unspecified	everyone, whosoever, this man	The rule applies to 'everyone' or 'whosoever' based on religious confession; no demographic axes are specified.
