rule_id	resource_meta	resource	resource_granular	granular_is_new	granular_parent_meta	granular_reasoning
tlg0007.tlg118.perseus-eng3::0	Political power	Access to high-level imperial governance	Eligibility for public office	False	Eligibility for public office	the exercise of statecraft on a large scale was virtually limited to Romans
tlg0007.tlg118.perseus-eng3::1	Political power	Right to local self-government	Local self-governance	False	Political power	city-states retained, however, their local self-government
tlg0007.tlg118.perseus-eng3::2	Eligibility for public office	Eligibility for the archonship	Eligibility for public office	False	Eligibility for public office	precepts of statecraft ... public conflicts ... befits your noble birth
tlg0007.tlg118.perseus-eng3::3	Right to vote in the Ekklesia	Right to vote in the Ekklesia	Eligibility for military command	False	Eligibility for public office	from the office of the generals keep your eyes upon the orators’ platform
tlg0007.tlg118.perseus-eng3::5	Political power	Legislative finality	Deliberative authority	False	Political power	power which a small edict of a proconsul may annul or transfer
tlg0007.tlg119.perseus-eng3::0	Right to citizenship	Right to hold citizenship	Right to citizenship	False	Right to citizenship	Megarians voted Alexander the politeia (citizenship)
tlg0007.tlg119.perseus-eng3::2	Political power	Right to equal political power	Deliberative authority	False	Political power	adapting to himself the colleagues who have equal power and honour
tlg0014.tlg059.perseus-eng2::0	Political power	Right to bring bills to the senate	Proposing legislation	False	Right to address the assembly	brought forward in the senate a bill, and carried it as a preliminary decree
tlg0014.tlg059.perseus-eng2::1	Exemption from compulsory public financing	Exemption from state military financing	Exemption from liturgies	False	Exemption from compulsory public financing	funds remaining over from state expenditures should be devoted to military purposes
tlg0014.tlg059.perseus-eng2::2	Right to citizenship	Possession of civic rights	Right to citizenship	False	Right to citizenship	deprive Apollodorus and his children of their civic rights
tlg0014.tlg059.perseus-eng2::3	Right to marry	Right to marry Athenian citizens	Right to marry a citizen	False	Right to marry	alien shall live as husband with an Athenian woman
tlg0014.tlg059.perseus-eng2::5	Right to citizenship	Right to legal personhood	Right to legal personhood	True	Right to citizenship	she took Stephanus here for her patron
tlg0014.tlg059.perseus-eng2::6	Protection from enslavement	Protection from arbitrary enslavement	Personal liberty	False	Protection from enslavement	declaring her to be a free woman
tlg0014.tlg059.perseus-eng2::7	Right to a dowry	Right to return of dowry	Right to a dowry	False	Right to a dowry	must pay back the marriage portion or else pay interest on it
tlg0014.tlg059.perseus-eng2::8	Right to citizenship	Access to citizen marriage	Right to marry a citizen	False	Right to marry	give an alien woman in marriage to an Athenian man
tlg0014.tlg059.perseus-eng2::11	Eligibility for public office	Eligibility for archonship and priesthoods	Eligibility for the archonship	False	Eligibility for public office	law expressly forbids that they should be eligible to the office of the nine archons
tlg0014.tlg059.perseus-eng2::12	Protection from corporal punishment	Protection from corporal torture	Protection from judicial torture	False	Protection from corporal punishment	deliver up for the torture the women-servants
tlg0032.tlg015.perseus-eng1::0	Eligibility for public office	Eligibility for the archonship	Eligibility for public office	False	Eligibility for public office	offices of state should be thrown open to every one both in the ballot and the show of hands
tlg0032.tlg015.perseus-eng1::1	Right to address the assembly	Right of speech in assembly	Speaking in the assembly	False	Right to address the assembly	granting to even the baser sort the right of speech
tlg0032.tlg015.perseus-eng1::2	Protection from corporal punishment	Protection from corporal punishment	Protection from private assault	False	Protection from corporal punishment	extraordinary amount of license granted to slaves ... where a blow is illegal
tlg0032.tlg015.perseus-eng1::3	Protection from corporal punishment	Protection from corporal punishment	Protection from private assault	False	Protection from corporal punishment	Verbatim discusses resident aliens and freedmen being 'beaten by a citizen' and mistaking Athenians for slaves in domestic contexts.
tlg0032.tlg015.perseus-eng1::4	Right to retain own earnings	Right to retain own earnings	Retaining one's own earnings	False	Right to retain own earnings	Relates to the state 'pocketing the money' and making the rich 'poorer' through compulsory trierarchy and gymnasiarchy expenses.
tlg0032.tlg015.perseus-eng1::6	Right to a legal trial	Right to local adjudication	Right to a trial	False	Right to a legal trial	Allies are 'compelled' to have their cases 'tried' in Athens and lose or win at the bar.
tlg0032.tlg015.perseus-eng1::9	Right to dispose of property	Right to export raw materials	Disposing of property	False	Right to dispose of property	The resource involves permission to 'find a market' and whether one can carry products 'elsewhither'.
tlg0032.tlg015.perseus-eng1::10	Right to retain property	Protection from property damage	Protection from property seizure	False	Right to retain property	Verbatim mentions property being 'cut down' or 'burnt' during enemy approach/state defense.
tlg0032.tlg015.perseus-eng1::14	Right to a legal trial	Right to legal adjudication	Right to a trial	False	Right to a legal trial	Refers to the process where trierarchs and choragi 'must have their cases adjudicated on' regarding liturgical disputes.
tlg0032.tlg015.perseus-eng1::15	Right to citizenship	Retention of civil rights	Right to citizenship	False	Right to citizenship	The verbatim refers to 'deprivation of civil rights' as a punishment for citizens.
tlg0059.tlg008.perseus-eng2::7	Eligibility for public office	Right to the throne	Eligibility for the kingship	False	Eligibility for public office	The verbatim discusses tokens (semeia) providing 'testimony to the right of Atreus' to rule as king.
tlg0059.tlg008.perseus-eng2::8	Eligibility for public office	Similar breeding and education as subjects	Eligibility for public office	False	Eligibility for public office	Discusses 'statesmen' and their nature, breeding, and education relative to their subjects.
tlg0059.tlg008.perseus-eng2::12	Access to the gymnasium	Access to advanced dialectical training	Access to formal education	False	Access to the gymnasium	Focuses on 'pupils learning their letters' and 'dialectical' method to make them better thinkers.
tlg0059.tlg008.perseus-eng2::13	Eligibility for public office	Eligibility for the kingship	Eligibility for the kingship	False	Eligibility for public office	Explicitly states 'no king can rule without being a priest' regarding eligibility requirements.
tlg0059.tlg008.perseus-eng2::14	Access to religious rites	Right to perform national sacrifices	Participation in sacred rites	False	Access to religious rites	Describes 'holiest and most national of the ancient sacrifices' performed by the King archon.
tlg0059.tlg008.perseus-eng2::17	Protection from capital punishment	Freedom from capital punishment	Protection from capital punishment	False	Protection from capital punishment	Mentions that those doing anything contrary to laws 'shall be punished by death'.
tlg0059.tlg008.perseus-eng2::18	Protection from legal prosecution	Protection from legal prosecution	Exemption from legal audit	False	Exemption from legal audit	Describes rulers being 'brought before these courts and examined as to their conduct in office'.
tlg0059.tlg008.perseus-eng2::19	Eligibility for public office	Eligibility for the archonship	Eligibility for public office	False	Eligibility for public office	Discusses how 'rulers of the people are set up' and the selection by lot from 'the rich or from the whole people'.
tlg0059.tlg008.perseus-eng2::20	Eligibility for public office	Right to serve as a judge	Eligibility for jury service	False	Eligibility for public office	Verbatim describes 'judges are chosen by lot' to serve in sessions of courts.
tlg0059.tlg008.perseus-eng2::23	Political power	Right to pass laws	Proposing legislation	False	Right to address the assembly	Mentions laws made after commissioners 'persuaded the people to pass them'.
tlg0059.tlg008.perseus-eng2::26	Political power	Political authority over war and peace	Deliberative authority	False	Political power	Relates to the power to 'deliberate and decide whether to make war or peace'.
tlg0059.tlg008.perseus-eng2::27	Exemption from legal audit	Power to deviate from law	Right to a trial	False	Right to a legal trial	Discusses the power of 'judging men’s contracts' and deciding 'lawsuits' according to law.
tlg0059.tlg008.perseus-eng2::31	Right to citizenship	Right to form marriage alliances	Right to marry a citizen	False	Right to marry	Describes 'the pursuit of wealth or power in connection with matrimony'.
tlg0062.tlg034.perseus-eng2::1	Political power	Political power	Eligibility for public office	False	Eligibility for public office	The verbatim mentions an 'official' identified by his 'purple cloak' having authority over athletes.
tlg0062.tlg034.perseus-eng2::3	Protection from corporal punishment	Protection from corporal punishment	Protection from private assault	False	Protection from corporal punishment	Refers to penalties for anyone who 'strikes a citizen, or assaults him'.
tlg0062.tlg034.perseus-eng2::4	Right to a legal trial	Right to professional legal representation	Right to a trial	False	Right to a legal trial	Discusses parties pleading 'either in person or through professional speakers' before a court.
tlg0062.tlg034.perseus-eng2::5	Right to a legal trial	Protection from biased legal pleading	Right to a trial	False	Right to a legal trial	Concerns court procedures preventing 'rhetoric to influence the judges' to ensure they 'see the facts bare'.
tlg0062.tlg034.perseus-eng2::6	Access to the gymnasium	Access to public moral education	Access to formal education	False	Access to the gymnasium	Describes instructing the public 'through comedies and tragedies' to learn virtue and vice.
tlg0062.tlg034.perseus-eng2::8	Access to the gymnasium	Access to legal education	Access to formal education	False	Access to the gymnasium	Describes causing citizens to 'learn by heart the laws of the community'.
tlg0062.tlg034.perseus-eng2::9	Eligibility for public office	Eligibility for the cavalry	Eligibility for military command	False	Eligibility for public office	Refers to 'cavalrymen' as a specific military role/rank for citizens.
tlg0062.tlg034.perseus-eng2::10	Right to bear arms	Right to bear arms in public	Possession of arms	False	Right to bear arms	Discusses a penalty for anyone who 'carries weapons' or 'brings armour' into a public place.
tlg0062.tlg034.perseus-eng2::11	Access to the gymnasium	Access to the gymnasium	Access to physical training	False	Access to the gymnasium	Implies training in the sun for men, contrasting them with 'women's bodies bleached out in the shade'.
tlg0062.tlg034.perseus-eng2::13	Access to the gymnasium	Right to personal safety in training	Protection from penal corporal punishment	False	Protection from corporal punishment	Refers to the prohibition of wounding or killing efficient men during training as it is 'bestial and terribly cruel'.
tlg0086.tlg003.perseus-eng1::0	Protection from enslavement	Protection from enslavement	Protection from enslavement for debt	False	Protection from enslavement	Mentions tenants being 'liable to be haled into slavery' for failing to pay rent/loans.
tlg0086.tlg003.perseus-eng1::1	Eligibility for public office	Eligibility for the archonship	Eligibility for the archonship	False	Eligibility for public office	Specifically mentions 'Archons' and 'Areopagus' being elected by birth and wealth.
tlg0086.tlg003.perseus-eng1::2	Right to vote in the Ekklesia	Right to vote in the Ekklesia	Voting in the assembly	False	Right to vote in the Ekklesia	Refers to the 'franchise' given to those who could furnish military equipment.
tlg0086.tlg003.perseus-eng1::3	Eligibility for public office	Eligibility for the archonship	Eligibility for public office	False	Eligibility for public office	Combined list including Archons, Treasurers, Generals, and commanders of cavalry based on property.
tlg0086.tlg003.perseus-eng1::4	Eligibility for public office	Eligibility for the archonship	Eligibility for public office	False	Eligibility for public office	Sets an age requirement ('over thirty') for 'magistracies' selected by lot.
tlg0086.tlg003.perseus-eng1::6	Protection from enslavement	Protection from enslavement	Protection from enslavement for debt	False	Protection from enslavement	Explicitly prohibits 'loans on the security of the debtor’s person'.
tlg0086.tlg003.perseus-eng1::7	Eligibility for public office	Eligibility for the archonship	Eligibility for public office	False	Eligibility for public office	Lists several offices (Archons, Treasurers, Poletae, etc.) assigned by property class.
tlg0086.tlg003.perseus-eng1::8	Eligibility for public office	Eligibility for the office of Treasurer	Eligibility for public office	False	Eligibility for public office	Specifically names the 'Treasurers' and their property qualification.
tlg0086.tlg003.perseus-eng1::9	Right to citizenship	Right to retain citizenship	Right to citizenship	False	Right to citizenship	States that those who do not take a side in civil strife 'should lose his rights as a citizen'.
tlg0086.tlg003.perseus-eng1::10	Protection from enslavement	Protection from enslavement for debt	Protection from enslavement for debt	False	Protection from enslavement	Discusses the prohibition of loans on the person and setting free those in slavery.
tlg0086.tlg003.perseus-eng1::11	Right to a legal trial	Right to legal standing for others	Right to a trial	False	Right to a legal trial	The right 'to claim redress on behalf of any one to whom wrong was being done' establishes standing to initiate legal action.
tlg0086.tlg003.perseus-eng1::12	Right to a legal trial	Right of appeal to jury-courts	Right to a trial	False	Right to a legal trial	The 'institution of the appeal to the jury-courts' describes the fundamental right to have a case heard by a judicial body.
tlg0086.tlg003.perseus-eng1::13	Eligibility for public office	Eligibility for the archonship	Eligibility for the archonship	False	Eligibility for public office	The text explicitly discusses the election of 'ten Archons' from different social classes.
tlg0086.tlg003.perseus-eng1::14	Right to vote in the Ekklesia	Right to the franchise	Right to citizenship	False	Right to citizenship	The 'revision of the citizen-roll' determines who has the 'right' to partake in the franchise/citizenship.
tlg0086.tlg003.perseus-eng1::15	Right to own property	Access to agricultural capital	Access to public subsidies	False	Access to public honors	The state (Peisistratus) 'advanced money to the poorer people' to assist their labor, a form of economic subsidy.
tlg0086.tlg003.perseus-eng1::17	Right to a legal trial	Access to local judicial proceedings	Access to specialized courts	False	Right to a legal trial	The institution of 'local justices' provided a specific judicial venue for rural citizens to settle disputes.
tlg0086.tlg003.perseus-eng1::19	Right to reside in the city	Right to reside in Attica	Right of residence	False	Right to reside in the city	The text describes the expulsion of families from the country (Attica/Athens).
tlg0086.tlg003.perseus-eng1::20	Right to citizenship	Official status identification by locality	Enrollment in civic sub-units	False	Right to citizenship	Citizens are 'officially described by the names of their demes' and declared 'fellow-demesmen'.
tlg0086.tlg003.perseus-eng1::22	Right to reside in the city	Right to remain in the city	Right of residence	False	Right to reside in the city	Ostracism was the mechanism to 'remove' powerful individuals from the city.
tlg0086.tlg003.perseus-eng1::23	Right to reside in the city	Freedom of residence within Greece	Freedom of movement	False	Right to freedom of movement	The rule imposes a geographical restriction on where ostracized persons 'must live' between specific landmarks.
tlg0086.tlg003.perseus-eng1::24	Access to public honors	Access to state-funded maintenance	Access to public subsidies	False	Access to public honors	Describes how 'twenty thousand persons were maintained' by state proceeds while performing various roles.
tlg0086.tlg003.perseus-eng1::25	Eligibility for public office	Eligibility for the archonship	Eligibility for the archonship	False	Eligibility for public office	Explicitly mentions the 'method of election of the nine Archons' and eligibility for the Zeugitae.
tlg0086.tlg003.perseus-eng1::26	Right to vote in the Ekklesia	Right to the franchise	Right to citizenship	False	Right to citizenship	The rule defines who is 'admitted to the franchise' based on being of 'citizen birth by both parents.'
tlg0086.tlg003.perseus-eng1::27	Right to remuneration for office	Pay for service in law-courts	Pay for assembly or jury service	False	Right to remuneration for office	Verbatim mentions Pericles instituting 'pay for the members of the juries.'
tlg0086.tlg003.perseus-eng1::29	Right to remuneration for office	Remuneration for public office	Pay for assembly or jury service	False	Right to remuneration for office	Discusses whether 'magistrates should serve without remuneration' versus receiving 'three obols a day.'
tlg0086.tlg003.perseus-eng1::30	Political power	Political decision-making power	Deliberative authority	False	Political power	This body had 'full powers' including 'making treaties', which is a high-level deliberative right.
tlg0086.tlg003.perseus-eng1::31	Eligibility for public office	Eligibility for the Council	Eligibility for the council	False	Eligibility for public office	The rule sets a minimum age of thirty to consist of the 'Council'.
tlg0086.tlg003.perseus-eng1::32	Right to vote in the Ekklesia	Right to vote in the Assembly	Voting in the assembly	False	Right to vote in the Ekklesia	The 'franchise' was restricted to those with 'military equipment', referring to assembly participation.
tlg0086.tlg003.perseus-eng1::33	Right to remuneration for office	Remuneration for public office	Pay for assembly or jury service	False	Right to remuneration for office	The text explicitly mentions voting that 'pay should not be given for any public office.'
tlg0086.tlg003.perseus-eng1::34	Right to dispose of property	Influence over inheritance	Disposing of property by will	False	Right to dispose of property	The verbatim refers to 'making the testator free once for all to leave his property as he pleased'.
tlg0086.tlg003.perseus-eng1::35	Protection from capital punishment	Protection from arbitrary execution	Protection from execution without trial	False	Protection from capital punishment	The verbatim describes putting citizens to death to 'remove all whom they had reason to fear' rather than for legal cause.
tlg0086.tlg003.perseus-eng1::36	Protection from capital punishment	Protection from summary execution	Protection from execution without trial	False	Protection from capital punishment	The rule explicitly mentions giving the Thirty 'absolute power to put to death' those not on a specific list, bypassing trial.
tlg0086.tlg003.perseus-eng1::38	Right to bear arms	Right to bear arms	Possession of arms	False	Right to bear arms	The verbatim stating they 'disarmed all the people' identifies the resource as the possession of arms.
tlg0086.tlg003.perseus-eng1::39	Political power	Right to local self-government	Local self-governance	False	Political power	The text explicitly guarantees 'full and independent powers of self-government' for the settlers at Eleusis.
tlg0086.tlg003.perseus-eng1::40	Eligibility for public office	Eligibility for the archonship	Eligibility for public office	False	Eligibility for public office	The verbatim states no one at Eleusis should be 'capable of holding any office in Athens' until registering as a resident.
tlg0086.tlg003.perseus-eng1::41	Right to vote in the Ekklesia	Right to the franchise	Right to citizenship	False	Right to citizenship	The 'franchise' in this context refers to conferring citizenship status, specifically regarding those who were 'notoriously slaves.'
tlg0086.tlg003.perseus-eng1::42	Right to remuneration for office	Right to receive attendance fees	Pay for assembly or jury service	False	Right to remuneration for office	The verbatim specifies 'payment for attendance at the Assembly' in terms of daily obols.
tlg0086.tlg003.perseus-eng1::43	Right to vote in the Ekklesia	Right to the franchise	Enrollment in civic sub-units	False	Right to citizenship	The text focuses on being 'enrolled among the demesmen' based on age and parentage requirements.
tlg0086.tlg003.perseus-eng1::44	Exemption from taxes	Exemption from all taxes	Exemption from taxes	False	Exemption from taxes	The verbatim explicitly states that during garrison duty these individuals 'are exempt from all taxes.'
tlg0086.tlg003.perseus-eng1::45	Protection from legal prosecution	Protection from legal actions	Immunity from prosecution	False	Protection from legal prosecution	The text states they 'neither bring an action at law, nor have one brought against them,' providing immunity from litigation.
tlg0086.tlg003.perseus-eng1::46	Right to address the assembly	Right to speak in the Assembly	Speaking in the assembly	False	Right to address the assembly	The verbatim grants that 'any one is free... to speak to the people' during the assembly for petitions.
tlg0086.tlg003.perseus-eng1::47	Protection from capital punishment	Protection from summary execution	Protection from execution without trial	False	Protection from capital punishment	The rule states 'no citizen ought to be put to death except on the decision of a court of law.'
tlg0086.tlg003.perseus-eng1::48	Right to a legal trial	Right to prosecute officials	Right to a trial	False	Right to a legal trial	The text guarantees an 'appeal to the law-courts' for private individuals laying information against magistrates.
tlg0086.tlg003.perseus-eng1::49	Eligibility for public office	Eligibility for the archonship	Eligibility for the archonship	False	Eligibility for public office	The context relates to the Treasury, but references the 'law of Solon' and property classes usually associated with highest offices/Archons.
tlg0086.tlg003.perseus-eng1::50	Exemption from compulsory public financing	Exemption from expensive military service	Exemption from military service	False	Exemption from military service	The verbatim discusses being 'physically or pecuniarily incapable of cavalry service' to seek dismissal from duty.
tlg0086.tlg003.perseus-eng1::51	Right to remuneration for office	Daily subsistence allowance	Resident allowance for the poor	False	Right to remuneration for office	Describes 'infirm paupers' receiving 'two obols a day from the state for their support.'
tlg0086.tlg003.perseus-eng1::53	Exemption from manual labor	Exemption from judicial labor	Eligibility for jury service	False	Eligibility for public office	Arbitrators in Athens functioned as a judicial/quasi-jury service; the rule mandates service for those of a certain age.
tlg0086.tlg003.perseus-eng1::54	Right to retain property	Protection from severe financial penalties	Protection from property seizure	False	Right to retain property	The verbatim describes the conditions under which a magistrate is 'obliged to repay' or is 'fined,' which regulates property deprivation.
tlg0086.tlg003.perseus-eng1::55	Eligibility for public office	Eligibility for the archonship	Eligibility for the archonship	False	Eligibility for public office	The examination described (ancestry, shrines, taxes) is the standard 'dokimasia' for the Nine Archons.
tlg0086.tlg003.perseus-eng1::56	Exemption from compulsory public financing	Exemption from compulsory public financing	Exemption from liturgies	False	Exemption from compulsory public financing	The 'assigning of Choregi' refers to the liturgy system, where the state selects wealthy persons to finance public festivals.
tlg0086.tlg003.perseus-eng1::58	Protection from capital punishment	Protection from unlawful killing	Protection from capital punishment	False	Protection from capital punishment	Verbatim discusses cases of killing a slave or alien heard in court, relating to protection from homicide/execution.
tlg0086.tlg003.perseus-eng1::59	Protection from capital punishment	Protection from unlawful killing	Protection from capital punishment	False	Protection from capital punishment	Verbatim discusses cases of killing a resident alien or foreigner heard in court, relating to protection from homicide.
tlg0086.tlg003.perseus-eng1::60	Right to a legal trial	Right to legal redress	Right to a trial	False	Right to a legal trial	The text refers to 'private actions' coming before the Polemarch, indicating the right to bring a suit or have a trial.
tlg0086.tlg003.perseus-eng1::61	Right to free speech	Right to free speech	Protection from slander	False	Protection from public libel	Verbatim explicitly mentions suits 'where a slave has slandered a free man.'
tlg0086.tlg003.perseus-eng1::63	Eligibility for public office	Eligibility for the archonship	Eligibility for military command	False	Eligibility for public office	Verbatim describes the election and duties of the 'ten Generals [Strategi]'.
tlg0086.tlg003.perseus-eng1::64	Right to remuneration for office	Right to receive assembly pay	Pay for assembly or jury service	False	Right to remuneration for office	Verbatim specifies 'members of the Assembly receive a drachma' for meetings.
tlg0086.tlg003.perseus-eng1::65	Right to remuneration for office	Right to receive jury pay	Pay for assembly or jury service	False	Right to remuneration for office	Verbatim specifies 'jurors at the law-courts receive three obols'.
tlg0086.tlg003.perseus-eng1::66	Eligibility for public office	Eligibility for jury service	Eligibility for jury service	False	Eligibility for public office	Verbatim defines who is 'qualified to serve as jurors'.
tlg0086.tlg003.perseus-eng1::67	Eligibility for public office	Eligibility for jury service	Eligibility for jury service	False	Eligibility for public office	Verbatim discusses qualifications and penalties for an 'unqualified person' serving as juror.
tlg0086.tlg003.perseus-eng1::68	Eligibility for public office	Right to hold multiple terms	Eligibility for military command	False	Eligibility for public office	Verbatim states 'military offices may be held any number of times', referring to command tenure.
tlg0086.tlg003.perseus-eng1::69	Protection from legal prosecution	Protection from conviction	Right to a trial	False	Right to a legal trial	Refers to the 'verdict' and 'defendant' in a trial context when votes are equal.
tlg0086.tlg003.perseus-eng1::70	Right to remuneration for office	Right to receive pay	Pay for assembly or jury service	False	Right to remuneration for office	Verbatim states the 'jurors receive their pay'.
tlg0086.tlg003.perseus-eng1::71	Eligibility for public office	Eligibility for the archonship	Eligibility for the archonship	False	Eligibility for public office	Verbatim explicitly mentions the 'office was thrown open' and the 'board of nine annual Archons'.
tlg0086.tlg003.perseus-eng1::72	Eligibility for public office	Eligibility for the archonship	Eligibility for the archonship	False	Eligibility for public office	Context of the Athenian constitution regarding eligibility for high office (archonship) based on census class.
tlg0086.tlg003.perseus-eng1::73	Eligibility for public office	Eligibility for the archonship	Eligibility for the archonship	False	Eligibility for public office	Verbatim states when 'a Zeugites was elected' for the archonship.
tlg0086.tlg003.perseus-eng1::74	Right to remuneration for office	Pay for assembly attendance	Pay for assembly or jury service	False	Right to remuneration for office	Verbatim refers to the establishment of 'pay' for 'attendance at the Assembly'.
tlg0086.tlg003.perseus-eng1::76	Right to inherit property	Right to inherit property directly	Right to a share of an estate	False	Right to inherit property	Verbatim describes how an estate was 'attached to her' (as an epikleros) for her future sons.
tlg0086.tlg003.perseus-eng1::77	Right to a dowry	Right to a dowry	Right to a dowry	False	Right to a dowry	Verbatim explicitly mentions the obligation to 'provide her with a dowry'.
tlg0086.tlg003.perseus-eng1::78	Exemption from compulsory public financing	Exemption from public financing	Exemption from liturgies	False	Exemption from compulsory public financing	Verbatim discusses 'trierarchs' and 'Choregus' as 'public duty performed by private individuals'.
tlg0086.tlg003.perseus-eng1::79	Political power	Right to impeach public officials	Right to a legal trial	True	Right to a legal trial	Verbatim states 'any citizen might impeach his conduct', referring to the specific right of euthyna or public oversight.
tlg0086.tlg003.perseus-eng1::80	Right to a legal trial	Legal protection from the state	Owning and retaining property	False	Right to retain property	The verbatim refers to the protection of heiresses and their ability to have children 'capable of inheriting the property.'
tlg0086.tlg003.perseus-eng1::81	Right to citizenship	Right to legal independence	Enrollment in civic sub-units	False	Right to citizenship	The requirement for a 'patron from among the citizens' relates to the formal registration and legal standing of non-citizens within the civic framework.
tlg0086.tlg003.perseus-eng1::82	Exemption from compulsory public financing	Exemption from service as Arbitrators	Eligibility for jury service	False	Eligibility for public office	Serving as an 'Arbitrator' was a specific judicial/legal duty assigned to elder citizens in Athens.
tlg0086.tlg003.perseus-eng1::83	Exemption from compulsory public financing	Right to transfer liturgy burdens	Exemption from liturgies	False	Exemption from compulsory public financing	Refers to the 'Antidosis' (exchange of properties) used to challenge being 'saddled with one of the burdens' like a chorus or trireme.
tlg0086.tlg035.perseus-eng2::5	Political power	Right to self-governance	Deliberative authority	False	Political power	The text discusses 'ruler' vs 'subject' dynamics and natural hierarchies of authority.
tlg0086.tlg035.perseus-eng2::7	Protection from enslavement	Protection from enslavement in war	Personal liberty	False	Protection from enslavement	Distinguishes between Greeks and barbarians regarding who is 'essentially' a slave versus who possesses liberty.
tlg0086.tlg035.perseus-eng2::8	Exemption from manual labor	Freedom from personal domestic labor	Exemption from manual or agricultural labor	False	Exemption from manual labor	Refers to avoiding 'personal trouble' by having a steward, allowing high-status individuals to avoid domestic management labor.
tlg0086.tlg035.perseus-eng2::10	Right to retain own earnings	Right to participate in trade	Right to engage in business	False	Right to retain own earnings	The verbatim describes 'interchanges by way of barter' and 'exchanging actual commodities.'
tlg0086.tlg035.perseus-eng2::11	Political power	Right to self-governance	Deliberative authority	False	Political power	Describes the 'rule of the father' and the relationship of 'ruler' to the female/children.
tlg0086.tlg035.perseus-eng2::12	Political power	Right to republican representation	Deliberative authority	False	Political power	Refers to being 'better fitted to command' and exercising 'republican government.'
tlg0086.tlg035.perseus-eng2::14	Right to own property	Right to free trade	Right to engage in business	False	Right to retain own earnings	Discusses 'marketable goods' and the removal of free trade via a 'monopoly.'
tlg0086.tlg035.perseus-eng2::15	Political power	Right to deliberative authority	Deliberative authority	False	Political power	The verbatim explicitly names the 'deliberative part' of the soul and who lacks authority over it.
tlg0086.tlg035.perseus-eng2::16	Political power	Right to deliberative authority	Deliberative authority	False	Political power	Explicitly mentions the female has the 'deliberative part' but 'without full authority.'
tlg0086.tlg035.perseus-eng2::18	Eligibility for public office	Right to hold office	Eligibility for public office	False	Eligibility for public office	Discusses that 'all cannot govern at once' and must 'hold office for a year at a time.'
tlg0086.tlg035.perseus-eng2::19	Right to reside in the city	Right to inhabit common locality	Right of residence	False	Right to reside in the city	Refers to a 'common locality' and a 'single city' occupying a 'single site' belonging to citizens.
tlg0086.tlg035.perseus-eng2::20	Right to citizenship	Right to private family life	Freedom of choice in marriage	False	Right to bodily autonomy	Discusses the 'community of wives and sons,' a regulation of marriage and family life.
tlg0086.tlg035.perseus-eng2::22	Right to own property	Access to friends' private possessions	Owning and retaining property	False	Right to retain property	Describes individuals 'owning their property privately' while sharing the use of slaves, horses, and produce.
tlg0086.tlg035.perseus-eng2::24	Right to bear arms	Right to possess arms	Possession of arms	False	Right to bear arms	The verbatim explicitly forbids the 'possession of arms.'
tlg0086.tlg035.perseus-eng2::25	Exemption from manual labor	Exemption from agricultural labor	Exemption from manual or agricultural labor	False	Exemption from manual labor	Explicitly mentions the 'exemption of the Guardians from the work of agriculture.'
tlg0086.tlg035.perseus-eng2::27	Right to bear arms	Right to bear arms	Possession of arms	False	Right to bear arms	States that the government is 'constituted from the class that bears arms.'
tlg0086.tlg035.perseus-eng2::28	Eligibility for public office	Eligibility for the ephorate	Eligibility for the archonship	False	Eligibility for public office	The verbatim refers to the 'rule of the ephors' as a highest office; in the taxonomy, this specific Lacedaemonian office fits under the top-tier magistracy/archonship.
tlg0086.tlg035.perseus-eng2::29	Access to public honors	Access to common meals	Access to common meals	False	Access to public honors	The verbatim explicitly mentions 'public mess-tables' (syssitia).
tlg0086.tlg035.perseus-eng2::30	Political power	Freedom from compulsory political participation	Voting in the assembly	False	Right to vote in the Ekklesia	The text identifies 'attend the assembly and vote for magistrates' as the resource.
tlg0086.tlg035.perseus-eng2::31	Eligibility for public office	Eligibility for the archonship	Eligibility for the archonship	False	Eligibility for public office	Refers to 'magistrates' and 'highest offices' being filled by wealthy classes.
tlg0086.tlg035.perseus-eng2::33	Right to own land	Right to acquire land	Owning land	False	Right to own land	Relates to the 'prohibiting the acquisition of land' and 'sale of estates'.
tlg0086.tlg035.perseus-eng2::36	Access to public honors	Right to state maintenance	Access to public subsidies	False	Access to public honors	Refers to children of war dead having 'maintenance from the state'.
tlg0086.tlg035.perseus-eng2::37	Right to a legal trial	Protection from conviction based on relational testimony	Right to a trial	False	Right to a legal trial	Concerns the procedures and evidentiary rules 'relating to trials for murder'.
tlg0086.tlg035.perseus-eng2::38	Political power	Right to external military alliance	Deliberative authority	False	Political power	Concerns the power of cities to 'ally themselves' and the collective political status of the serf class.
tlg0086.tlg035.perseus-eng2::39	Right to bodily autonomy	Freedom from state-enforced moral regulation	Freedom from state supervision	False	Right to bodily autonomy	Describes women living 'dissolutely' because the lawgiver 'neglected' to regulate their character/conduct.
tlg0086.tlg035.perseus-eng2::40	Right to inherit property	Right to inherit property directly	Inheriting property	False	Right to inherit property	Explicitly mentions 'women who inherit estates'.
tlg0086.tlg035.perseus-eng2::41	Right to bodily autonomy	Right to choose spouse	Freedom of choice in marriage	False	Right to bodily autonomy	Describes the disposal of an 'heiress in marriage' to 'whomever he likes'.
tlg0086.tlg035.perseus-eng2::42	Exemption from taxes	Exemption from all taxes	Exemption from taxes	False	Exemption from taxes	Explicitly mentions 'exempting the father of four from all taxes'.
tlg0086.tlg035.perseus-eng2::43	Eligibility for public office	Eligibility for the archonship	Eligibility for the archonship	False	Eligibility for public office	Identifies the Ephorate as the 'highest office of state' accessible to the 'entire people'.
tlg0086.tlg035.perseus-eng2::44	Right to vote in the Ekklesia	Right to vote in the Ekklesia	Right to citizenship	False	Right to citizenship	Discusses the 'ancestral regulation of the citizenship' tied to the ability to 'pay this tax'.
tlg0086.tlg035.perseus-eng2::45	Exemption from legal audit	Exemption from rendering an account of office	Exemption from legal audit	False	Exemption from legal audit	Explicitly says they are 'exempt from having to render an account of their office'.
tlg0086.tlg035.perseus-eng2::46	Political power	Right to participate in government	Deliberative authority	False	Political power	The ability to 'take part in the government' is the general political resource described.
tlg0086.tlg035.perseus-eng2::47	Right to remuneration for office	Access to common food funds	Access to common meals	False	Access to public honors	Relates to the 'public mess-tables' and 'maintenance' of citizens from 'common funds'.
tlg0086.tlg035.perseus-eng2::48	Right to vote in the Ekklesia	Right to vote in the Assembly	Voting in the assembly	False	Right to vote in the Ekklesia	Describes the assembly function as 'confirming by vote the resolutions'.
tlg0086.tlg035.perseus-eng2::49	Eligibility for public office	Eligibility for the magistracy (Cosmi)	Eligibility for public office	False	Eligibility for public office	Discusses eligibility for specific magistracies ('Cosmi' and 'Elders') restricted to 'certain clans'.
tlg0086.tlg035.perseus-eng2::50	Right to address the assembly	Right to speak in the assembly	Speaking in the assembly	False	Right to address the assembly	Explicitly names the 'right' where 'anybody who wishes may speak against the proposals'.
tlg0086.tlg035.perseus-eng2::51	Eligibility for public office	Eligibility for kingship and generalship	Eligibility for the kingship	False	Eligibility for public office	The verbatim explicitly specifies elections to the most important offices: 'those of the kings and of the generals'.
tlg0086.tlg035.perseus-eng2::52	Eligibility for public office	Eligibility for the archonship	Eligibility for public office	False	Eligibility for public office	The verbatim refers broadly to appointing 'all the offices' based on property classes (Five-hundred-bushel, etc.).
tlg0086.tlg035.perseus-eng2::53	Eligibility for public office	Right to participate in judicial functions	Eligibility for jury service	False	Eligibility for public office	The text describes constituting 'jury-courts from all the citizens' and describes the 'law-court' as all-powerful.
tlg0086.tlg035.perseus-eng2::54	Right to a legal trial	Right to independent legal action	Right to a trial	False	Right to a legal trial	Refers to the 'right of legal action' and sharing in 'legal procedure', though requiring a patron.
tlg0086.tlg035.perseus-eng2::56	Eligibility for public office	Right to participate in office	Eligibility for public office	False	Eligibility for public office	Refers to being 'discharged' from duties, implying attendance at assembly and law-courts.
tlg0086.tlg035.perseus-eng2::57	Right to inherit property	Right to inherit property directly	Inheriting property	False	Right to inherit property	The verbatim specifically identifies laws dealing with 'heiresses'.
tlg0086.tlg035.perseus-eng2::59	Right to citizenship	Right to citizenship	Right to citizenship	False	Right to citizenship	Text defines citizenship limits based on being the 'child of citizens on both sides'.
tlg0086.tlg035.perseus-eng2::62	Eligibility for public office	Eligibility for the archonship	Eligibility for public office	False	Eligibility for public office	Covers manual laborers being 'admitted to office' generically.
tlg0086.tlg035.perseus-eng2::65	Eligibility for public office	Right to share office in the government	Eligibility for public office	False	Eligibility for public office	The verbatim discusses 'admission to office of various grades' based on assessments.
tlg0086.tlg035.perseus-eng2::66	Eligibility for public office	Eligibility for the archonship	Eligibility for public office	False	Eligibility for public office	Refers generically to being 'admitted to office' after ten years out of trade.
tlg0086.tlg035.perseus-eng2::67	Eligibility for public office	Right to share office in the government	Right to citizenship	False	Right to citizenship	Describes the process where a state 'divests itself' of certain classes to limit citizenship to dual descent.
tlg0086.tlg035.perseus-eng2::68	Eligibility for public office	Eligibility for the archonship	Eligibility for public office	False	Eligibility for public office	Refers to 'control of the government' and 'rulers' holding power through wealth.
tlg0086.tlg035.perseus-eng2::69	Eligibility for public office	Eligibility for the archonship	Eligibility for public office	False	Eligibility for public office	Discusses poor people possessing 'control of the government' or when the 'poor rule'.
tlg0086.tlg035.perseus-eng2::70	Right to vote in the Ekklesia	Right to vote in the Ekklesia	Deliberative authority	False	Political power	Refers to classes laying 'claim to the government' based on 'freedom' and 'wealth'.
tlg0086.tlg035.perseus-eng2::71	Political power	Right to participate in government	Deliberative authority	False	Political power	Slave exclusion is based on having no 'share in well-being' or 'purposive life' within the state community.
tlg0086.tlg035.perseus-eng2::72	Right to retain property	Right to retain property	Owning and retaining property	False	Right to retain property	Discusses a 'share in the state' proportionate to 'share in the property' and 'profits'.
tlg0086.tlg035.perseus-eng2::73	Political power	Right to exercise deliberative and judicial functions	Deliberative authority	False	Political power	States that the mass of citizens should 'share the deliberative and judicial functions'.
tlg0086.tlg035.perseus-eng2::75	Political power	Right to audit magistrates	Exemption from legal audit	True	Exemption from legal audit	Verbatim explicitly mentions the 'function of calling them to audit'.
tlg0086.tlg035.perseus-eng2::76	Right to vote in the Ekklesia	Right to elect magistrates	Election of magistrates	False	Right to vote in the Ekklesia	Verbatim explicitly mentions appointing citizens to the 'election of the magistrates'.
tlg0086.tlg035.perseus-eng2::77	Eligibility for public office	Eligibility for the archonship	Eligibility for public office	False	Eligibility for public office	Mentions 'treasury officials, generals and the holders of the highest magistracies' drawn from large property.
tlg0086.tlg035.perseus-eng2::78	Right to vote in the Ekklesia	Right to participate in the assembly	Voting in the assembly	False	Right to vote in the Ekklesia	Verbatim specifies 'take part in the assembly' alongside the council and juries.
tlg0086.tlg035.perseus-eng2::79	Eligibility for public office	Eligibility for the archonship	Eligibility for public office	False	Eligibility for public office	General reference to 'honor' and the state consisting of 'tax-payers' rather than a specific office.
tlg0086.tlg035.perseus-eng2::80	Right to own land	Right to own land	Owning land	False	Right to own land	Verbatim explicitly discusses the rich claiming rights because they have 'a larger share of the land'.
tlg0086.tlg035.perseus-eng2::81	Protection from arbitrary banishment	Protection from arbitrary banishment	Protection from arbitrary banishment	False	Protection from arbitrary banishment	Directly mentions 'ostracism' and to 'banish them out of the city for fixed periods'.
tlg0086.tlg035.perseus-eng2::83	Political power	Right to hold sovereign power	Deliberative authority	False	Political power	Refers to the 'sovereign classes' and the 'decision as to who ought to govern'.
tlg0086.tlg035.perseus-eng2::84	Right to bear arms	Right to serve as armed guards	Possession of arms	False	Right to bear arms	Verbatim describes 'citizens in arms' acting as a 'bodyguard'.
tlg0086.tlg035.perseus-eng2::85	Right to inherit property	Right to transmit power by descent	Eligibility for the kingship	False	Eligibility for public office	Specifically defines 'kingships' that are 'hereditary' in nature.
tlg0086.tlg035.perseus-eng2::86	Eligibility for public office	Right to judge lawsuits	Eligibility for jury service	False	Eligibility for public office	Verbatim focuses on citizens who 'hear lawsuits' and 'give judgements' collectively.
tlg0086.tlg035.perseus-eng2::88	Access to public honors	Access to political honors	Eligibility for public honors	False	Access to public honors	Verbatim states that oligarchies 'brought wealth into honor'.
tlg0086.tlg035.perseus-eng2::89	Political power	Right to introduce legal amendments	Proposing legislation	False	Right to address the assembly	Magistrates are allowed to 'introduce for themselves any amendment' to the 'established code'.
tlg0086.tlg035.perseus-eng2::91	Eligibility for public office	Eligibility for the magistracy	Eligibility for public office	False	Eligibility for public office	Refers generically to the law that 'distributes the offices among the well-to-do'.
tlg0086.tlg035.perseus-eng2::93	Eligibility for public office	Eligibility for the archonship	Eligibility for public office	False	Eligibility for public office	Rule refers to 'magistracies' generally without specifying which one.
tlg0086.tlg035.perseus-eng2::94	Political power	Right to share in government	Deliberative authority	False	Political power	Rule refers to 'sovereignty' and sharing in government broadly.
tlg0086.tlg035.perseus-eng2::95	Eligibility for public office	Eligibility for the archonship	Eligibility for public office	False	Eligibility for public office	Generic reference to 'offices' held by the noble.
tlg0086.tlg035.perseus-eng2::96	Political power	Right to share in government	Deliberative authority	False	Political power	Rule concerns 'exclusion from government' at a sovereign/power level.
tlg0086.tlg035.perseus-eng2::97	Exemption from manual labor	Exemption from manual labor	Exemption from manual or agricultural labor	False	Exemption from manual labor	Rule identifies 'distance from mechanic arts', i.e., manual labor.
tlg0086.tlg035.perseus-eng2::98	Eligibility for public office	Eligibility for the archonship	Eligibility for public office	False	Eligibility for public office	Verbatim refers to the generic 'right to hold office' based on property qualifications.
tlg0086.tlg035.perseus-eng2::99	Eligibility for public office	Right to hold office	Eligibility for public office	False	Eligibility for public office	Verbatim specifies 'share in office' based on birth status.
tlg0086.tlg035.perseus-eng2::100	Eligibility for public office	Eligibility for the archonship	Eligibility for public office	False	Eligibility for public office	Verbatim identifies 'magistracies' and having 'no share in the government'.
tlg0086.tlg035.perseus-eng2::101	Eligibility for public office	Eligibility for the archonship	Eligibility for public office	False	Eligibility for public office	Verbatim discusses the case where 'son succeeds father in office'.
tlg0086.tlg035.perseus-eng2::102	Right to vote in the Ekklesia	Right to attend the assembly	Pay for assembly or jury service	False	Right to remuneration for office	The text explicitly mentions 'receiving pay' for the poor so they are 'enabled to be at leisure' to participate in government.
tlg0086.tlg035.perseus-eng2::103	Eligibility for public office	Eligibility for the archonship	Eligibility for public office	False	Eligibility for public office	The verbatim refers to 'participating in the government' and whether property levels lead to 'ruling themselves'.
tlg0086.tlg035.perseus-eng2::104	Eligibility for public office	Eligibility for the archonship	Eligibility for public office	False	Eligibility for public office	The text describes how constitutions 'elect the officials' based on wealth or goodness.
tlg0086.tlg035.perseus-eng2::105	Exemption from taxes	Protection from fines	Eligibility for jury service	False	Eligibility for public office	Relates to the obligation or right to 'serve on juries'.
tlg0086.tlg035.perseus-eng2::106	Right to retain own earnings	Right to retain one's own earnings	Pay for assembly or jury service	False	Right to remuneration for office	Specifically mentions assigning 'pay' for the poor for serving on juries.
tlg0086.tlg035.perseus-eng2::107	Political power	Political power	Deliberative authority	False	Political power	Focuses on the principle that the 'decision of the majority is supreme' in government.
tlg0086.tlg035.perseus-eng2::108	Right to vote in the Ekklesia	Right to vote in the assembly	Voting in the assembly	False	Right to vote in the Ekklesia	Discusses 'membership of the assembly' based on property-qualifications.
tlg0086.tlg035.perseus-eng2::109	Access to the gymnasium	Access to the gymnasium and physical training	Access to formal education	False	Access to the gymnasium	Refers to the 'rearing of boys' and the manner in which they are 'educated' equally.
tlg0086.tlg035.perseus-eng2::110	Access to religious rites	Right to share in common meals	Access to common meals	False	Access to public honors	Explicitly mentions 'arrangements for food... at the common messes'.
tlg0086.tlg035.perseus-eng2::111	Political power	Political power	Election of magistrates	False	Right to vote in the Ekklesia	States that people 'elect the Elders' and 'elect to one [office]'.
tlg0086.tlg035.perseus-eng2::113	Political power	Political power	Eligibility for public honors	False	Access to public honors	Mentions citizens having a 'larger share of the honors' in democracies.
tlg0086.tlg035.perseus-eng2::114	Exemption from taxes	Protection from fines for non-attendance	Voting in the assembly	False	Right to vote in the Ekklesia	Refers to 'the right to attend' the assembly and fines for non-attendance.
tlg0086.tlg035.perseus-eng2::115	Exemption from public service financing	Right to decline public office	Exemption from public office	True	Eligibility for public office	Relates to the 'right to swear off serving' in magistracies.
tlg0086.tlg035.perseus-eng2::116	Exemption from taxes	Protection from jury service fines	Eligibility for jury service	False	Eligibility for public office	Discussion of the requirement to 'serve on a jury' and associated fines.
tlg0086.tlg035.perseus-eng2::117	Right to bear arms	Right to possess heavy arms	Possession of arms	False	Right to bear arms	Directly mentions 'owning heavy arms' and the right 'to possess arms'.
tlg0086.tlg035.perseus-eng2::118	Exemption from taxes	Protection from gymnastics fines	Access to physical training	False	Access to the gymnasium	Refers to 'engaging in gymnastic exercises' and penalties for abstaining.
tlg0086.tlg035.perseus-eng2::119	Right to remuneration for office	Payment for assembly attendance	Pay for assembly or jury service	False	Right to remuneration for office	Mentions providing 'pay for the poor for serving in the assembly and on juries'.
tlg0086.tlg035.perseus-eng2::120	Protection from corporal punishment	Protection from physical insult	Protection from private assault	False	Protection from corporal punishment	The resource is identified by the condition that 'no one insults them' (hubris/outrage).
tlg0086.tlg035.perseus-eng2::121	Eligibility for public office	Eligibility for the deliberative body	Deliberative authority	False	Political power	Refers to citizens being 'members of the deliberative body' to decide matters.
tlg0086.tlg035.perseus-eng2::122	Exemption from compulsory public financing	Protection from compulsory public service	Pay for assembly or jury service	False	Right to remuneration for office	Contrasts 'fines' to compel attendance with 'payment for attendance'.
tlg0086.tlg035.perseus-eng2::123	Right to remuneration for office	Public payment for assembly attendance	Pay for assembly or jury service	False	Right to remuneration for office	The verbatim refers to 'payment for attendance' for the poor in 'democratic states'.
tlg0086.tlg035.perseus-eng2::124	Political power	Right to decide on war	Deliberative authority	False	Political power	Verbatim focuses on citizens 'control[ling] decisions as to war and peace' and audits.
tlg0086.tlg035.perseus-eng2::125	Right to bodily autonomy	Freedom from state supervision	Freedom from state supervision	False	Right to bodily autonomy	Explicitly mentions 'supervision' of women and 'Superintendent of Women' as a magistrate's role.
tlg0086.tlg035.perseus-eng2::127	Political power	Hereditary political power	Eligibility for public office	False	Eligibility for public office	The rule describes 'hereditary' office holding with 'supreme control'.
tlg0086.tlg035.perseus-eng2::128	Eligibility for public office	Eligibility for the judiciary	Eligibility for jury service	False	Eligibility for public office	Verbatim discusses whether 'courts [are] drawn from all the citizens' or a specific class.
tlg0086.tlg035.perseus-eng2::130	Political power	Political power	Deliberative authority	False	Political power	Relates to the 'share' of power and control based on equality or property.
tlg0086.tlg035.perseus-eng2::131	Access to public honors	Right to unequal (superior) status	Eligibility for public honors	False	Access to public honors	Mentions those superior in birth claiming 'unequal rights' due to 'ancestral virtue'.
tlg0086.tlg035.perseus-eng2::133	Protection from arbitrary banishment	Protection from temporary banishment	Protection from arbitrary banishment	False	Protection from arbitrary banishment	Directly mentions the 'custom of temporary banishment' (ostracism) at Argos and Athens.
tlg0086.tlg035.perseus-eng2::134	Exemption from manual labor	Exemption from frontline military service	Exemption from military service	False	Exemption from military service	Discusses the army being 'drawn from a muster-roll' of citizens rather than mercenaries.
tlg0086.tlg035.perseus-eng2::135	Eligibility for public office	Eligibility for magistracies	Eligibility for public office	False	Eligibility for public office	Discusses property-qualifications for 'hold[ing] office' generally.
tlg0086.tlg035.perseus-eng2::136	Right to reside in the city	Right to remain in the colony	Right of residence	False	Right to reside in the city	Describes groups being 'expelled' or 'ejected' from a settlement/country.
tlg0086.tlg035.perseus-eng2::137	Right to bodily autonomy	Right to choose marriage partner	Freedom of choice in marriage	False	Right to bodily autonomy	The verbatim details a faction arising from a man who was 'rejected in his suit' for daughters/heiresses.
tlg0086.tlg035.perseus-eng2::138	Right to retain property	Right to retain property	Owning land	False	Right to own land	Describes the 'expelling' of notables and later their claim to the 'country' or land.
tlg0086.tlg035.perseus-eng2::139	Right to retain own earnings	Right to retain own earnings	Retaining one's own earnings	False	Right to retain own earnings	Mentions 'imposing public services' (liturgies) and 'confiscating' property/revenues.
tlg0086.tlg035.perseus-eng2::140	Eligibility for public office	Eligibility for high office	Eligibility for public office	False	Eligibility for public office	Mentions 'magistracies are elective' and whether they are based on 'property-assessments'.
tlg0086.tlg035.perseus-eng2::141	Eligibility for public office	Eligibility for the magistracy	Eligibility for public office	False	Eligibility for public office	Verbatim restricts sharing in 'magistracies' to specific family members (fathers/sons/brothers).
tlg0086.tlg035.perseus-eng2::143	Eligibility for public office	Eligibility for the archonship	Eligibility for public office	False	Eligibility for public office	Refers to 'membership of the council and the law-courts and tenure of the other offices' based on property.
tlg0086.tlg035.perseus-eng2::144	Access to public honors	Right to hold public honors	Eligibility for public honors	False	Access to public honors	Explicitly mentions the 'property-qualification for honors' being too high.
tlg0086.tlg035.perseus-eng2::145	Eligibility for public office	Right to continuous military command	Eligibility for military command	False	Eligibility for public office	Specifically names the 'office of general' and the ability to 'serve as generals continuously'.
tlg0086.tlg035.perseus-eng2::152	Eligibility for public office	Eligibility for the kingship	Eligibility for the kingship	False	Eligibility for public office	Addresses the appointment of a 'king' from 'distinguished' families or those with virtue.
tlg0086.tlg035.perseus-eng2::153	Right to bear arms	Right to serve in the body-guard	Possession of arms	False	Right to bear arms	The verbatim refers to a 'king’s body-guard' consisting of citizens, implying the right to bear arms in service.
tlg0086.tlg035.perseus-eng2::154	Right to bear arms	Right to possess arms	Possession of arms	False	Right to bear arms	The text explicitly mentions 'stripping the people of arms'.
tlg0086.tlg035.perseus-eng2::155	Right to reside in the city	Right of residence in the city	Right of residence	False	Right to reside in the city	The verbatim discusses the 'expulsion from the city' of the mob.
tlg0086.tlg035.perseus-eng2::156	Protection from capital punishment	Protection from arbitrary execution	Protection from capital punishment	False	Protection from capital punishment	Refers to citizens being 'made away with' (executed) and 'destroying them'.
tlg0086.tlg035.perseus-eng2::157	Right to retain property	Protection from property injustice	Protection from property seizure	False	Right to retain property	The king acts to 'protect the owners of estates from suffering injustice'.
tlg0086.tlg035.perseus-eng2::158	Right to marry	Right to marry into royalty	Right to marry a citizen	False	Right to marry	Relates to the 'hand of one of his daughters' in marriage alliances.
tlg0086.tlg035.perseus-eng2::159	Protection from corporal punishment	Protection from corporal punishment	Protection from penal corporal punishment	False	Protection from corporal punishment	Discusses the 'indignity of corporal chastisement' and 'striking people with staves'.
tlg0086.tlg035.perseus-eng2::160	Access to religious rites	Right to hold common meals and study-circles	Access to common meals	False	Access to public honors	Verbatim explicitly lists 'prohibition of common meals'.
tlg0086.tlg035.perseus-eng2::161	Exemption from manual labor	Protection from forced labor	Exemption from manual or agricultural labor	False	Exemption from manual labor	Mentions keeping people 'busy with their daily affairs' involves large-scale building works.
tlg0086.tlg035.perseus-eng2::162	Right to retain property	Right to retain property	Protection from property seizure	False	Right to retain property	Describes taxation so extreme that men 'contributed the whole of their substance'.
tlg0086.tlg035.perseus-eng2::164	Access to public honors	Access to the ruler's table and companionship	Access to common meals	False	Access to public honors	Discusses having guests 'at table' and 'companions'.
tlg0086.tlg035.perseus-eng2::167	Access to public honors	Right to receive public funds and gifts	Access to public subsidies	False	Access to public honors	Mentions 'presents' and 'lavish it on mistresses and foreigners'.
tlg0086.tlg035.perseus-eng2::171	Right to retain own earnings	Right to engage in business	Right to engage in business	False	Right to retain own earnings	Explicitly discusses whether those in office are 'allowed to engage in business'.
tlg0086.tlg035.perseus-eng2::172	Right to citizenship	Right to equal share in the state	Right to citizenship	False	Right to citizenship	Refers to having an 'equal share in the state'.
tlg0086.tlg035.perseus-eng2::174	Right to vote in the Ekklesia	Right to vote in the Ekklesia	Deliberative authority	False	Political power	Describes the 'assembly to be sovereign over all matters'.
tlg0086.tlg035.perseus-eng2::175	Eligibility for public office	Eligibility for the archonship	Eligibility for public office	False	Eligibility for public office	Refers to 'election of officials by all from all' and 'magistracies'.
tlg0086.tlg035.perseus-eng2::176	Eligibility for public office	Eligibility for the archonship	Eligibility for public office	False	Eligibility for public office	Mentions 'no property-qualification for office'.
tlg0086.tlg035.perseus-eng2::177	Eligibility for public office	Right to serve on juries	Eligibility for jury service	False	Eligibility for public office	Focuses on 'judicial functions to be exercised by all citizens'.
tlg0086.tlg035.perseus-eng2::178	Right to remuneration for office	Right to receive state remuneration	Pay for assembly or jury service	False	Right to remuneration for office	Explicitly mentions 'payment for public duties' including assembly and law-courts.
tlg0086.tlg035.perseus-eng2::179	Eligibility for public office	Eligibility for the archonship	Eligibility for public office	False	Eligibility for public office	Discusses 'popular qualifications' vs 'oligarchy' traits for participation.
tlg0086.tlg035.perseus-eng2::181	Eligibility for public office	Eligibility for the archonship	Eligibility for the archonship	False	Eligibility for public office	The verbatim refers to 'holders of the greatest magistracies' and property-qualifications for 'higher offices'.
tlg0086.tlg035.perseus-eng2::182	Right to own land	Right to own land in Attica	Owning land	False	Right to own land	Explicitly mentions 'prohibiting the ownership of more than a certain amount of land'.
tlg0086.tlg035.perseus-eng2::183	Right to inherit property	Right to inherit property directly	Inheriting property	False	Right to inherit property	Refers to the 'sale of the original allotments' (estates) and loans secured on a 'man’s existing estate'.
tlg0086.tlg035.perseus-eng2::184	Right to vote in the Ekklesia	Right to vote in the Ekklesia	Right to citizenship	False	Right to citizenship	Directly mentions 'admit to citizenship' and the status of children of citizen-birth.
tlg0086.tlg035.perseus-eng2::185	Right to retain own earnings	Right to retain one's own earnings	Personal liberty	False	Protection from enslavement	Refers to 'licence among slaves' and the 'indulgence to live as one likes'.
tlg0086.tlg035.perseus-eng2::186	Right to retain property	Right to retain property	Protection from property seizure	False	Right to retain property	Enacting that nothing belonging to persons condemned 'shall be confiscated', but 'consecrated'.
tlg0086.tlg035.perseus-eng2::187	Eligibility for public office	Eligibility for the archonship	Eligibility for the archonship	False	Eligibility for public office	Distinguishes between 'indispensable offices' and 'more important' offices based on property.
tlg0086.tlg035.perseus-eng2::188	Eligibility for public office	Eligibility for the archonship	Eligibility for the archonship	False	Eligibility for public office	Discusses a 'share in the government' and eligibility after abstaining from 'mechanic industries'.
tlg0086.tlg035.perseus-eng2::189	Eligibility for public office	Eligibility for the archonship	Eligibility for the archonship	False	Eligibility for public office	Mentions 'most supreme offices' having 'expensive duties' to exclude the common people.
tlg0086.tlg035.perseus-eng2::191	Exemption from compulsory public financing	Compulsory public service	Exemption from liturgies	False	Exemption from compulsory public financing	The verbatim mentions being 'excused from useless public services' (liturgies).
tlg0086.tlg035.perseus-eng2::192	Exemption from manual labor	Exemption from domestic labor	Exemption from manual or agricultural labor	False	Exemption from manual labor	Describes how the poor are 'forced to employ their women and children as servants' due to lack of slaves.
tlg0086.tlg035.perseus-eng2::196	Eligibility for public office	Right to hold political office	Eligibility for public office	False	Eligibility for public office	Describes the 'work of a ruler' to 'distribute the offices according to merit'.
tlg0086.tlg035.perseus-eng2::197	Right to citizenship	Protection from political exclusion	Right to citizenship	False	Right to citizenship	Discusses who is 'part of the state' versus resident aliens and slaves.
tlg0086.tlg035.perseus-eng2::199	Right to citizenship	Right to citizenship	Right to citizenship	False	Right to citizenship	Explicitly states 'no need for these [common sailors] to be citizens'.
tlg0086.tlg035.perseus-eng2::206	Right to own land	Right to own land	Owning land	False	Right to own land	Specifies that 'properties must belong to these classes' and not the 'tillers of the soil'.
tlg0086.tlg035.perseus-eng2::207	Political power	Right to deliberate on war	Deliberative authority	False	Political power	Refers to citizens who 'take part in deliberation as to wars'.
tlg0086.tlg035.perseus-eng2::208	Right to reside in the city	Access to the water-supply	Right of residence	False	Right to reside in the city	Ensuring water supply for 'citizens when they are debarred from their territory by war'.
tlg0086.tlg035.perseus-eng2::210	Right to freedom of movement	Right of access to the free agora	Access to the Agora	False	Right to reside in the city	Mentions a 'free agora' which artisans or farmers may not 'intrude' upon.
tlg0086.tlg035.perseus-eng2::212	Eligibility for public office	Eligibility for the magistracy	Eligibility for public office	False	Eligibility for public office	Refers to the distinction between those who are to 'be governed' and those who 'govern' based on age.
tlg0086.tlg035.perseus-eng2::219	Protection from capital punishment	Right to life	Protection from capital punishment	False	Protection from capital punishment	Concerns the law on 'exposing' (killing/abandoning) children and whether they are 'reared'.
tlg0086.tlg035.perseus-eng2::221	Access to public honors	Right to attend public meals	Access to common meals	False	Access to public honors	The verbatim mentions the promotion to 'reclining at the public meals'.
tlg0086.tlg035.perseus-eng2::223	Protection from corporal punishment	Protection from corporal punishment	Protection from penal corporal punishment	False	Protection from corporal punishment	The text specifies offenders 'must be punished with marks of dishonor and with beating'.
tlg0086.tlg035.perseus-eng2::224	Access to the gymnasium	Right to public education	Access to formal education	False	Access to the gymnasium	The verbatim refers to the 'training of their children' conducted on a 'public system'.
tlg0086.tlg035.perseus-eng2::231	Exemption from manual labor	Exemption from menial occupations	Exemption from manual or agricultural labor	False	Exemption from manual labor	The passage describes professional performance as 'menial' and not 'proper for free men'.
tlg0086.tlg035.perseus-eng2::232	Access to religious rites	Access to specialized public entertainment	Participation in sacred rites	False	Access to religious rites	Refers to the assignment of 'competitions and shows' for the pleasure and relaxation of different classes.
tlg0086.tlg035.perseus-eng2::234	Access to the gymnasium	Access to ethical education	Access to formal education	False	Access to the gymnasium	Directly mentions that younger pupils should be 'educated' in specific musical modes.
tlg0540.tlg012.perseus-eng2::0	Right to retain property	Right to retain property	Protection from property seizure	False	Right to retain property	Describes the resolution to 'seize' property and people for the sake of 'getting money'.
tlg0540.tlg012.perseus-eng2::1	Right to a legal trial	Right to a legal defense	Protection from execution without trial	False	Protection from capital punishment	Explicitly states he was not 'allowed to be tried and defend himself' before execution.
tlg0540.tlg012.perseus-eng2::3	Political power	Right to attend council meetings	Deliberative authority	False	Political power	The verbatim mentions being 'restricted... from attending their councils'.
tlg0540.tlg012.perseus-eng2::5	Right to bodily autonomy	Right to intended marriage	Freedom of choice in marriage	False	Right to bodily autonomy	The text notes that daughters were 'debarred from intended marriage'.
tlg0540.tlg012.perseus-eng2::6	Right to a legal trial	Right to a legal trial	Protection from execution without trial	False	Protection from capital punishment	States they 'put to death many of the citizens without a trial'.
tlg0540.tlg012.perseus-eng2::8	Protection from capital punishment	Protection from arbitrary mass execution	Protection from execution without trial	False	Protection from capital punishment	Refers to condemning citizens to death 'by a single resolution' rather than a trial.
tlg0540.tlg012.perseus-eng2::9	Right to vote in the Ekklesia	Right to participate in the Assembly	Voting in the assembly	False	Right to vote in the Ekklesia	Refers to calling the 'Assembly to a debate' and the ability to 'vote in favour'.
tlg0540.tlg012.perseus-eng2::10	Protection from capital punishment	Protection from execution without trial	Protection from execution without trial	False	Protection from capital punishment	Mentions those 'put to death untried' versus trying persons 'according to law'.
tlg0540.tlg012.perseus-eng2::11	Right to retain property	Right to retain property	Protection from property seizure	False	Right to retain property	Asks if 'confiscated' property or 'pillaged' houses could be compensated.
tlg0540.tlg012.perseus-eng2::12	Right to burial	Right to customary burial	Right to a public funeral	False	Right to burial	Explicitly mentions that they 'did not even allow them to be given the customary burial'.
tlg0540.tlg012.perseus-eng2::13	Right to reside in the city	Right to reside in the city	Right of residence	False	Right to reside in the city	Describes being 'formally banished' from the city and living in 'exile'.
tlg0540.tlg012.perseus-eng2::14	Right to bear arms	Right to possess and bear arms	Possession of arms	False	Right to bear arms	Mentions being 'deprived of your arms' in a time of peace.
tlg0007.tlg056.perseus-eng2::0	Access to public honors	Right to retain local gifts	Eligibility for public honors	False	Access to public honors	Refers to taking property in moderation and being 'held in high esteem' or receiving gifts.
tlg0007.tlg056.perseus-eng2::1	Eligibility for public office	Eligibility for the consulship	Eligibility for the consulship	True	Eligibility for public office	The verbatim specifically discusses the legal requirements and eligibility to 'stand for the consulship'.
tlg0007.tlg059.perseus-eng2::0	Right to marry	Right to marry multiple wives	Right to marry a citizen	False	Right to marry	The verbatim discusses the Roman prohibition on marry two wives and 'marrying two wives at once' as being 'contrary to law.'
tlg0007.tlg059.perseus-eng2::1	Right to marry	Right to marry multiple wives	Right to marry a citizen	False	Right to marry	Refers to making 'several marriages' as 'customary for the kings of Macedonia.'
tlg0007.tlg063.perseus-eng2::0	Eligibility for public office	Eligibility for the chief magistracy	Eligibility for public office	False	Eligibility for public office	The verbatim mentions men chosen as 'chief magistrates,' the highest repute in the city.
tlg0007.tlg063.perseus-eng2::1	Right to bear arms	Right to bear arms	Possession of arms	False	Right to bear arms	Describes Aratus equipping 'thirty of his own servants with arms.'
tlg0007.tlg063.perseus-eng2::3	Right to vote in the Ekklesia	Right to vote in the assembly	Voting in the assembly	False	Right to vote in the Ekklesia	The theater was 'thronged with people' for an assembly to secure freedom.
tlg0007.tlg063.perseus-eng2::4	Right to retain property	Right to retain property	Owning and retaining property	False	Right to retain property	Exiles 'laid claim to the property which they had formerly held,' specifically 'farms and houses.'
tlg0007.tlg063.perseus-eng2::5	Political power	Political power	Local self-governance	False	Political power	The text discusses who 'controls the place with a garrison' and acts as 'sole lord of Greece.'
tlg0007.tlg063.perseus-eng2::6	Protection from enslavement	Protection from enslavement	Personal liberty	False	Protection from enslavement	Refers to 'ransoming of such as had been taken prisoners' to restore their liberty.
tlg0007.tlg063.perseus-eng2::7	Right to retain property	Right to property settlement	Owning and retaining property	False	Right to retain property	Mention of an arbiter 'settling the money affairs' and property claims of exiles.
tlg0007.tlg063.perseus-eng2::8	Right to retain property	Right to retain dowry upon divorce	Owning and retaining property	False	Right to retain property	Mention of 'plate and his wife’s golden ornaments' used as security; involves personal property/earnings.
tlg0007.tlg063.perseus-eng2::9	Political power	Political power	Local self-governance	False	Political power	Giving back 'keys to their gates' signifies regaining control over their own city administration.
tlg0007.tlg063.perseus-eng2::10	Protection from enslavement	Right to be released without ransom	Personal liberty	False	Protection from enslavement	Freemen sent back 'without ransom,' protecting them from continued captivity or enslavement.
tlg0007.tlg063.perseus-eng2::11	Eligibility for public office	Annual eligibility for the generalship	Eligibility for military command	False	Eligibility for public office	Verbatim states they 'chose him general every other year.'
tlg0007.tlg063.perseus-eng2::12	Right to bear arms	Right to possess weapons	Possession of arms	False	Right to bear arms	The tyrant 'prohibited the possession' of swords under heavy penalties.
tlg0007.tlg063.perseus-eng2::13	Protection from enslavement	Protection from capture and enslavement	Personal liberty	False	Protection from enslavement	Discusses the violation of 'asylum and safe-conduct' by selling contestants 'into slavery.'
tlg0007.tlg063.perseus-eng2::14	Protection from enslavement	Protection from abduction in war	Personal liberty	False	Protection from enslavement	Leaders 'seizing the wives and daughters' as booty, a form of capture/enslavement.
tlg0007.tlg063.perseus-eng2::15	Right to citizenship	Full citizenship rights	Right to citizenship	False	Right to citizenship	The text explicitly says he 'made its alien residents full citizens.'
tlg0007.tlg063.perseus-eng2::16	Right to bear arms	Public financing for military forces	Access to public subsidies	False	Access to public honors	Voted 'not to give him money' from the public treasury to maintain military forces.
tlg0007.tlg063.perseus-eng2::17	Right to citizenship	Right to citizenship	Right to citizenship	False	Right to citizenship	Explicitly mentions having 'advanced many resident aliens to the citizenship.'
tlg0007.tlg063.perseus-eng2::18	Right to own land	Right to retain land	Owning land	False	Right to own land	Verbatim describes how the leader 'divided up the land' among new citizens.
tlg0007.tlg063.perseus-eng2::20	Political power	Right to exercise summary execution	Protection from execution without trial	False	Protection from capital punishment	Verbatim describes 'absolute power' to 'put them to death' at will rather than through judicial process.
tlg0007.tlg063.perseus-eng2::21	Right to retain property	Right to retain property	Protection from property seizure	False	Right to retain property	Discusses the act of seizing and gifting the 'property of the tyrants' to others.
tlg0007.tlg063.perseus-eng2::22	Protection from enslavement	Protection from enslavement	Personal liberty	False	Protection from enslavement	Refers to citizens being 'sold into slavery' and sent away 'in chains' following the fall of a city.
tlg0007.tlg063.perseus-eng2::25	Right to bodily autonomy	Protection from sexual exploitation	Protection from private assault	False	Protection from corporal punishment	Describes a 'private wrong' involving 'corrupting' a wife (adultery/violation of person).
tlg0007.tlg063.perseus-eng2::26	Protection from capital punishment	Protection from arbitrary execution	Protection from execution without trial	False	Protection from capital punishment	Describes a ruler who was 'enraged' and simply 'put them to death' summarily.
tlg0007.tlg082a.perseus-eng2::0	Right to free speech	Freedom of speech outside public meals	Freedom of speech	True	Right to address the assembly	Relates to the prohibition of repeating words spoken inside 'public meals' to the outside.
tlg0007.tlg082a.perseus-eng2::2	Access to the gymnasium	Access to non-practical books and treatises	Access to formal education	False	Access to the gymnasium	Explicitly mentions banning 'books and treatises' and limiting 'forms of education'.
tlg0007.tlg082a.perseus-eng2::3	Right to citizenship	Retention of civic rights	Right to citizenship	False	Right to citizenship	Verbatim states the penalty for misconduct was being 'deprived of all civic rights for life'.
tlg0007.tlg082a.perseus-eng2::4	Right to bodily autonomy	Personal autonomy from non-parental adults	Freedom from state supervision	False	Right to bodily autonomy	Describes the lack of autonomy where 'each man had authority' over others' children and property.
tlg0007.tlg082a.perseus-eng2::5	Right to citizenship	Participation in civic rights	Right to citizenship	False	Right to citizenship	States that failure to submit to discipline resulted in 'no participation in civic rights'.
tlg0007.tlg082a.perseus-eng2::6	Right to freedom of movement	Right to travel abroad	Freedom of movement	False	Right to freedom of movement	Verbatim states 'it was not allowed them to go abroad'.
tlg0007.tlg082a.perseus-eng2::7	Right to reside in the city	Right to reside in the country	Right of residence	False	Right to reside in the city	Refers to 'banning all foreigners from the country'.
tlg0007.tlg082a.perseus-eng2::8	Right to retain property	Exclusive use of owned property and slaves	Owning and retaining property	False	Right to retain property	Describes the custom of using 'neighbors' servants' and 'dogs and horses' without prior consent.
tlg0007.tlg082a.perseus-eng2::9	Protection from corporal punishment	Protection from forced intoxication	Protection from private assault	False	Protection from corporal punishment	Describes the forced intoxication/degradation of Helots for the amusement of others.
tlg0007.tlg082a.perseus-eng2::10	Access to religious rites	Access to temples and religious services	Access to sacred spaces	False	Access to religious rites	States 'temples and religious services were open' to specific demographics.
tlg0007.tlg082a.perseus-eng2::11	Protection from corporal punishment	Protection from corporal punishment	Protection from penal corporal punishment	False	Protection from corporal punishment	Describes state-sanctioned ritualized beating ('lashed with whips') as a form of discipline.
tlg0007.tlg082a.perseus-eng2::12	Exemption from manual labor	Exemption from menial trades	Exemption from manual or agricultural labor	False	Exemption from manual labor	States 'it was not permitted them to take up any menial trade'.
tlg0007.tlg082a.perseus-eng2::13	Right to retain own earnings	Right to retain surplus production	Retaining one's own earnings	False	Right to retain own earnings	Mentions a rent cap so 'Helots might make some profit' from leur work.
tlg0007.tlg082a.perseus-eng2::14	Eligibility for public office	Right to serve as sailors	Eligibility for military service	True	Exemption from military service	Concerns the prohibition/permission to 'fight on the sea' (sailors).
tlg0007.tlg121.perseus-eng3::0	Exemption from compulsory public financing	Exemption from compulsory public financing	Exemption from liturgies	False	Exemption from compulsory public financing	Mentions the person served as a 'trierarch', a specific compulsory public liturgy in Athens.
tlg0007.tlg121.perseus-eng3::1	Eligibility for public office	Eligibility for office	Eligibility for public office	False	Eligibility for public office	The verbatim explicitly mentions 'eligibility to office' following the loss of citizenship.
tlg0007.tlg121.perseus-eng3::2	Political power	Right to move decrees in the assembly	Proposing legislation	False	Right to address the assembly	The text describes an individual who 'proposed decrees' and was 'an expert in decrees'.
tlg0007.tlg121.perseus-eng3::3	Protection from enslavement	Protection from enslavement	Personal liberty	False	Protection from enslavement	The law prevents buying a person of 'free birth to be a slave', protecting their status as free persons.
tlg0007.tlg121.perseus-eng3::5	Access to public honors	Maintenance in the Prytaneum	Access to public subsidies	False	Access to public honors	The decree granted 'maintenance in the Prytaneum', which is a state-provided resource/subsidy.
tlg0007.tlg121.perseus-eng3::6	Right to address the assembly	Right to address the popular assembly	Speaking in the assembly	False	Right to address the assembly	The text states he 'did not speak before the popular assembly' due to his status as a Corinthian.
tlg0014.tlg022.perseus-eng2::1	Right to address the assembly	Right to address the Assembly	Speaking in the assembly	False	Right to address the assembly	The law 'forbids persons... to make speeches' in the assembly.
tlg0014.tlg022.perseus-eng2::2	Political power	Right to propose resolutions	Proposing legislation	False	Right to address the assembly	The verbatim mentions a law 'which forbids him to speak or move resolutions' due to debt.
tlg0014.tlg022.perseus-eng2::3	Protection from enslavement	Protection of person from seizure for debt	Protection from enslavement for debt	False	Protection from enslavement	Contrasts freemen who 'protect their persons' via money with slaves treated as 'bond-slaves' for debts.
tlg0014.tlg022.perseus-eng2::4	Exemption from taxes	Right to equal tax rates	Exemption from taxes	False	Exemption from taxes	Refers to the 'contribution of one-sixth' (eisphora) paid by resident aliens at a specific rate.
tlg0014.tlg035.perseus-eng2::0	Right to freedom of movement	Right to transport grain to non-Athenian ports	Right to engage in business	False	Right to retain own earnings	Regulates lending money for maritime trade expeditions to specific ports.
tlg0014.tlg035.perseus-eng2::1	Right to inherit property	Right to retain inherited property without debt liability	Inheriting property	False	Right to inherit property	Mentions the 'heir to his whole estate' and the right 'to hold his brother’s property'.
tlg0014.tlg035.perseus-eng2::2	Right to a legal trial	Access to special commercial courts (dikai emporikai)	Access to specialized courts	False	Right to a legal trial	Refers to 'mercantile suits' (dikai emporikai) and the specific jurisdiction of the exchange.
tlg0014.tlg035.perseus-eng2::3	Right to reside in the city	Right to reside without a patron (prostates)	Freedom from state supervision	False	Right to bodily autonomy	Concerns the requirement of a 'patron' (prostates) for resident aliens; lack of one is a charge.
tlg0014.tlg049.perseus-eng2::1	Right to a legal trial	Right to summon witnesses to court	Testifying in court	False	Right to valid professional opinion	Discusses a witness who 'neither gave testimony' nor 'asked under oath for a postponement'.
tlg0014.tlg049.perseus-eng2::2	Protection from corporal punishment	Protection from corporal punishment during legal proceedings	Protection from judicial torture	False	Protection from corporal punishment	Concerns the delivery of slaves for 'the torture' to provide evidence/testimony.
tlg0014.tlg049.perseus-eng2::3	Access to public honors	Right to statehood and assembly honors	Eligibility for public honors	False	Access to public honors	The verbatim discusses legal liability for those who 'deceive the people by a promise'.
tlg0014.tlg049.perseus-eng2::4	Right to valid professional opinion	Right to give voluntary legal testimony	Testifying in court	False	Right to valid professional opinion	Distinguishes between a 'deposition' from a free man and 'proof from the body' (torture) of a slave.
tlg0017.tlg006.perseus-eng2::1	Right to dispose of property	Right to dispose of property by will	Disposing of property by will	False	Right to dispose of property	Explicitly mentions the law 'permitting anyone to dispose of his property' by will.
tlg0017.tlg006.perseus-eng2::2	Right to inherit property	Right to inherit property directly	Inheriting property	False	Right to inherit property	States 'the law of itself gives his father's estate to the son'.
tlg0017.tlg006.perseus-eng2::3	Right to inherit property	Right to equal share of estate	Right to a share of an estate	False	Right to inherit property	The verbatim specifies 'all the legitimate sons have an equal right to share' in the property.
tlg0017.tlg006.perseus-eng2::4	Right to citizenship	Right to return to original family	Right to adoption	False	Right to adopt	the law does not allow the return of an adopted son to his original family
tlg0017.tlg006.perseus-eng2::5	Right to inherit property	Right to inherit as heiress	Inheriting property	False	Right to inherit property	daughter could not be heiress or the estate adjudicable
tlg0017.tlg006.perseus-eng2::8	Right to bodily autonomy	Right to choose a spouse	Freedom of choice in marriage	False	Right to bodily autonomy	married to anyone they choose or else be allowed to grow old in widowhood
tlg0017.tlg006.perseus-eng2::9	Right to inherit property	Right to inherit property	Inheriting property	False	Right to inherit property	law gives the right of inheritance just as much as to children of his own body
tlg0017.tlg006.perseus-eng2::10	Right to inherit property	Right to a share of the estate	Right to a share of an estate	False	Right to inherit property	each child takes his share of the estate and both classes of children alike inherit
tlg0027.tlg001.perseus-eng2::0	Right to a legal trial	Protection from pretrial detention	Protection from arbitrary arrest	False	Right to a legal trial	choice of furnishing sureties (ἐγγυηταί) or suffering imprisonment until the case came into court
tlg0027.tlg001.perseus-eng2::1	Right to address the assembly	Right to address the Assembly	Speaking in the assembly	False	Right to address the assembly	debarred from addressing them without special permission
tlg0027.tlg001.perseus-eng2::2	Right to address the assembly	Access to Assembly proceedings	Access to assembly proceedings	True	Right to address the assembly	clear the meeting of non-initiates
tlg0027.tlg001.perseus-eng2::3	Political power	Right to block illegal proposals	Proposing legislation	False	Right to address the assembly	action against Speusippus for making an illegal proposal
tlg0027.tlg001.perseus-eng2::4	Protection from legal prosecution	Protection from legal punishment	Immunity from prosecution	False	Protection from legal prosecution	informer’s claim to immunity should be allowed if his information were true
tlg0027.tlg001.perseus-eng2::5	Protection from corporal punishment	Protection from corporal punishment	Protection from judicial torture	False	Protection from corporal punishment	examining his slaves under torture
tlg0027.tlg001.perseus-eng2::7	Right to citizenship	Right to exercise citizenship	Right to citizenship	False	Right to citizenship	lose his rights as a citizen... debarred from bringing a similar action
tlg0027.tlg001.perseus-eng2::9	Protection from corporal punishment	Protection from corporal punishment	Protection from judicial torture	False	Protection from corporal punishment	appealed to be allowed to furnish sureties... instead of being racked
tlg0027.tlg001.perseus-eng2::10	Right to a legal trial	Right to remain free pending trial	Protection from arbitrary arrest	False	Right to a legal trial	allowed to furnish sureties and stand trial, instead of being racked
tlg0027.tlg001.perseus-eng2::11	Right to retain property	Right to retain property	Protection from property seizure	False	Right to retain property	put to death and their goods are confiscated
tlg0027.tlg001.perseus-eng2::14	Access to religious rites	Access to sacred spaces	Access to sacred spaces	False	Access to religious rites	exclude from temples all who had committed an act of impiety
tlg0027.tlg001.perseus-eng2::15	Right to retain property	Right to retain property	Protection from property seizure	False	Right to retain property	delinquent’s property distrained upon
tlg0027.tlg001.perseus-eng2::16	Right to citizenship	Full civic rights	Right to citizenship	False	Right to citizenship	deprived of their personal rights, while retaining possession of their property
tlg0027.tlg001.perseus-eng2::17	Right to citizenship	Full civic rights	Right to citizenship	False	Right to citizenship	deprived of their personal rights, while retaining possession of their property
tlg0027.tlg001.perseus-eng2::18	Right to address the assembly	Right to speak in Assembly	Speaking in the assembly	False	Right to address the assembly	forbidden to speak in the Assembly or become members of the Council
tlg0027.tlg001.perseus-eng2::19	Right to vote in the Ekklesia	Right to vote in the Assembly	Proposing legislation	False	Right to address the assembly	The verbatim specifies that the disfranchised 'may speak and propose measures' in the Assembly.
tlg0027.tlg001.perseus-eng2::20	Protection from legal prosecution	Protection from individualized legislation	Immunity from prosecution	False	Protection from legal prosecution	Refers to protection from laws 'directed against an individual' (ad hominem legislation/prosecution).
tlg0027.tlg001.perseus-eng2::21	Right to a legal trial	Protection from arbitrary law enforcement	Right to a trial	False	Right to a legal trial	Constraints on magistrates enforcing un-inscribed laws ensures legal process over arbitrary action.
tlg0027.tlg001.perseus-eng2::22	Right to a legal trial	Right to enforce private contracts	Right to a trial	False	Right to a legal trial	The text concerns the validity of legal decisions (private suits and arbitrators) and enforcement of contracts.
tlg0027.tlg001.perseus-eng2::23	Protection from legal prosecution	Protection from prosecution for past events	Immunity from prosecution	False	Protection from legal prosecution	Specifically mentions allowing 'no information or arrest arising out of past events' (amnesty).
tlg0027.tlg001.perseus-eng2::25	Protection from capital punishment	Protection from summary execution	Protection from execution without trial	False	Protection from capital punishment	Disallows the usual protections against killing for those holding office under suppressed democracy ('slain with impunity').
tlg0027.tlg001.perseus-eng2::27	Protection from legal prosecution	Exemption from prosecution under expired laws	Immunity from prosecution	False	Protection from legal prosecution	Limits the application of laws to those passed after a specific date (archonship of Eucleides).
tlg0027.tlg001.perseus-eng2::28	Right to reside in the city	Right to hold property and reside in Athens	Owning and retaining property	False	Right to retain property	Involves ‘restoring’ exiles and 'giving back their rights' which included property recovery.
tlg0027.tlg001.perseus-eng2::30	Right to inherit property	Right to inherit property through marriage	Inheriting property	False	Right to inherit property	Directly discusses daughters becoming 'heiresses' (epikleroi) to share the estate.
tlg0027.tlg001.perseus-eng2::31	Right to citizenship	Right to register legitimate children	Enrollment in civic sub-units	False	Right to citizenship	Describes the ritual and legal process of a father 'introducing his son' to the Ceryces (a civic/sacred sub-group).
tlg0027.tlg001.perseus-eng2::32	Exemption from compulsory public financing	Exemption from public service financing	Exemption from liturgies	False	Exemption from compulsory public financing	The text lists various 'public services' (liturgies) like Gymnasiarch and Treasurer.
tlg0027.tlg001.perseus-eng2::34	Right to citizenship	Right to exercise civic rights	Right to citizenship	False	Right to citizenship	Explicitly mentions ‘extending civic rights’ to foreign groups (Thessalians/Andrians).
tlg0027.tlg001.perseus-eng2::35	Protection from capital punishment	Protection from capital punishment	Protection from capital punishment	False	Protection from capital punishment	The verbatim demands the state 'refuse to put acknowledged citizens to death'.
tlg0028.tlg005.perseus-eng2::1	Protection from capital punishment	Right of voluntary exile during trial	Protection from capital punishment	False	Protection from capital punishment	Describes the 'right given to every one of leaving the country' (voluntary exile) to avoid a death sentence.
tlg0028.tlg005.perseus-eng2::2	Right to a legal trial	Protection from pretrial imprisonment through sureties	Protection from arbitrary arrest	False	Right to a legal trial	Discusses the right to 'furnish sureties' to avoid 'imprisonment' before trial.
tlg0028.tlg005.perseus-eng2::4	Political power	Right to inflict capital punishment independently	Protection from capital punishment	False	Protection from capital punishment	Discusses restrictions on the 'right of inflicting the death-penalty' without central consent.
tlg0028.tlg005.perseus-eng2::5	Right to a legal trial	Right to a public trial before execution	Right to a trial	False	Right to a legal trial	Verbatim states the slave 'should have had a public trial, instead of being put to death... without a hearing.'
tlg0028.tlg005.perseus-eng2::6	Protection from corporal punishment	Protection from judicial torture	Protection from judicial torture	False	Protection from corporal punishment	Explicitly mentions 'examined them under torture' in the context of legal evidence.
tlg0059.tlg005.perseus-eng2::6	Right to citizenship	Right to bear ancestral names	Right to a name	True	Right to citizenship	Discusses the practice and right of giving 'names of ancestors' to children.
tlg0059.tlg005.perseus-eng2::11	Right to valid professional opinion	Linguistic autonomy in word derivation	Freedom of speech	True	Right to address the assembly	Discusses the 'demonstration of the fitness' of foreign words/language use and etymological derivation.
tlg0059.tlg005.perseus-eng2::14	Right to free speech	Right to communicate through gesture	Right to communicate through gesture	True	Right to free speech	Verbatim discusses 'make signs with our hands and head' for 'dumb people' to 'make things clear'.
tlg0062.tlg019.perseus-eng2::1	Exemption from compulsory public financing	Exemption from social duty due to illness	Exemption from social obligations	True	Exemption from compulsory public financing	Refers to a philosopher's obligation to attend social functions ('Duty... must not be shirked').
tlg0062.tlg019.perseus-eng2::2	Right to retain own earnings	Right to home delivery of resources	Right to receive patronage provisions	True	Right to retain own earnings	Verbatim notes 'everything... would have been sent you' even if the guest stayed away.
tlg0062.tlg019.perseus-eng2::4	Access to public honors	Right to dine in public quarters	Access to common meals	False	Access to public honors	Contrasts eating in 'women’s quarters' with having 'room' in the shared dining area.
tlg0062.tlg019.perseus-eng2::5	Right to inherit property	Right to inherit property directly	Inheriting property	False	Right to inherit property	Explicitly mentions 'making a will in which I was heir to everything' and 'possession of the property'.
tlg0062.tlg019.perseus-eng2::7	Right to inherit property	Right to inherit property directly	Inheriting property	False	Right to inherit property	Refers to law-based succession ('property is Simon’s by law') following the death of a relative.
tlg0062.tlg019.perseus-eng2::8	Exemption from taxes	Exemption from special taxation	Exemption from taxes	False	Exemption from taxes	Mentions the necessity 'to pay a special tax' specifically for a certain group.
tlg0062.tlg019.perseus-eng2::9	Exemption from compulsory public financing	Protection from hazardous military command	Exemption from military service	False	Exemption from military service	Refers to the risk of life in the field 'as commanders of horse or foot' versus having 'nothing to impede flight'.
tlg0062.tlg019.perseus-eng2::10	Right to vote in the Ekklesia	Right to vote in the assembly	Voting in the assembly	False	Right to vote in the Ekklesia	Explicitly mentions 'being one of the voters' and going to the 'assembly'.
tlg0062.tlg019.perseus-eng2::11	Right to address the assembly	Right to address the assembly	Speaking in the assembly	False	Right to address the assembly	Refers to the assembly 'sometimes without even letting them say a word for themselves'.
tlg0062.tlg019.perseus-eng2::12	Right to retain property	Right to retain property	Protection from property seizure	False	Right to retain property	Verbatim describes the power of the assembly to 'confiscate their properties'.
tlg0062.tlg019.perseus-eng2::13	Exemption from taxes	Access to public amenities for free	Access to public amenities	True	Exemption from taxes	Verbatim describes having 'baths and shows and everything else' funded by others.
tlg0062.tlg019.perseus-eng2::14	Right to retain own earnings	Right to retain own earnings	Retaining one's own earnings	False	Right to retain own earnings	Discusses a slave having money for 'salt fish' or 'earring' while the master claims 'It’s my money'.
tlg0062.tlg040.perseus-eng2::1	Access to religious rites	Right to attend Olympic games	Access to sacred spaces	False	Access to religious rites	Strictly states 'Women did not attend the Olympic games' and victors setting up statues.
tlg0062.tlg041.perseus-eng2::0	Right to bodily autonomy	Right to retain hair during mourning	Freedom from state supervision	False	Right to bodily autonomy	Discusses women paying penance/offering to avoid being 'schaven' (shaved) for their beauty.
tlg0062.tlg041.perseus-eng2::2	Right to drink wine	Right to eat fish	Right to dietary choices	True	Right to bodily autonomy	Verbatim states 'thei ne touchen fissche never' because it is a 'holy thynge'.
tlg0062.tlg041.perseus-eng2::3	Right to drink wine	Right to eat doves	Right to dietary choices	True	Right to bodily autonomy	Verbatim states 'the dowve thei ne eten not' because 'sche is holy'.
tlg0062.tlg041.perseus-eng2::4	Right to bodily autonomy	Bodily integrity	Freedom from state supervision	False	Right to bodily autonomy	Refers to 'Galles' (Galli) who 'gelden hem' (castrate themselves) for worship.
tlg0062.tlg041.perseus-eng2::6	Right to inherit property	Marital stability within lineage	Right to marry	True	Right to bodily autonomy	Describes a wife being 'surrendered' or transferred from father to son.
tlg0062.tlg041.perseus-eng2::7	Eligibility for public office	Right to lead royal expeditions	Eligibility for military command	False	Eligibility for public office	Commissioned to 'reule the hoost' (rule the army) and 'perfourme the sacrifises' in the king's name.
tlg0062.tlg041.perseus-eng2::8	Access to religious rites	Right to lead religious construction	Participation in sacred rites	False	Access to religious rites	Verbatim discusses performing sacrifices and ruling the host/work in the temple/holy work.
tlg0062.tlg041.perseus-eng2::14	Access to religious rites	Right of entry to the temple	Access to sacred spaces	False	Access to religious rites	Verbatim distinguishes who may come 'into the great temple' versus the 'little chamber'.
tlg0062.tlg041.perseus-eng2::19	Right to burial	Right to standard interment	Right to a public funeral	False	Right to burial	Refers to the manner in which specific groups (Galli) are 'interred' vs. other men.
tlg0062.tlg041.perseus-eng2::22	Right to drink wine	Right to eat pork	Dietary practices	True	Access to religious rites	Verbatim concerns the prohibition on eating ('eten') swine due to religious uncleanness.
tlg0062.tlg041.perseus-eng2::23	Access to religious rites	Right to hunt or touch doves	Access to sacred spaces	False	Access to religious rites	Concerns the 'holy' status of doves and the prohibition on 'touchen' (touching) them.
tlg0062.tlg041.perseus-eng2::26	Right to bodily autonomy	Right to keep hair before marriage	Freedom from state supervision	False	Right to bodily autonomy	Concerns state-mandated ritual grooming ('scheren here lokkes') before marriage.
tlg0086.tlg034.perseus-eng2::1	Right to remuneration for office	Right to public financing	Access to public subsidies	False	Access to public honors	Verbatim describes the state providing a 'choregus who paid the expenses' for dramatists.
tlg0086.tlg034.perseus-eng2::3	Right to a legal trial	Length of performance time	Right to a trial	False	Right to a legal trial	Refers to the 'water clock' used to regulate timing in 'competitions' and legal performance.
tlg0086.tlg034.perseus-eng2::12	Protection from public libel	Protection from legal or social censure	Protection from slander	False	Protection from public libel	Specifically mentions 'censure' regarding the content of speech or poetry.
tlg0086.tlg034.perseus-eng2::17	Right to valid professional opinion	Right to deviate from technical accuracy	Testifying in court	False	Right to valid professional opinion	Concerns the 'standard of what is correct' and 'technical error' in professional arts like medicine.
tlg0086.tlg034.perseus-eng2::20	Protection from public libel	Protection from vulgar representation	Protection from slander	False	Protection from public libel	Relates to how groups are 'criticized' or represented poorly in public theater.
tlg0540.tlg019.perseus-eng2::0	Right to retain property	Right to retain property	Protection from property seizure	False	Right to retain property	Refers to 'confiscation' of estate and the subsequent sale for the Treasury.
tlg0540.tlg019.perseus-eng2::1	Right to retain property	Right to retain dowry	Right to a dowry	False	Right to a dowry	Verbatim explicitly mentions being 'bereft of the dowry' and the right to claim it from an estate.
tlg0540.tlg019.perseus-eng2::2	Exemption from compulsory public financing	Exemption from compulsory public financing	Exemption from liturgies	False	Exemption from compulsory public financing	Lists duties like 'producer of tragedies' and 'equip a warship' (liturgies).
tlg0540.tlg019.perseus-eng2::3	Protection from capital punishment	Right to be reared by kin	Inheriting property	False	Right to inherit property	Concerns rearing children with means 'ancestors bequeathed' vs. state deprivation.
tlg0540.tlg019.perseus-eng2::4	Right to burial	Right to burial	Protection from execution without trial	False	Protection from capital punishment	Verbatim states individuals were 'put to death without trial' and denied burial.
tlg0540.tlg019.perseus-eng2::5	Exemption from compulsory public financing	Exemption from public service costs	Exemption from liturgies	False	Exemption from compulsory public financing	Refers to 'equipping warships' and performing 'services to the State' with one's purse.
tlg0540.tlg019.perseus-eng2::6	Right to retain property	Right to retain full property value	Exemption from taxes	False	Exemption from taxes	Describes 'special levies' (eisphora) and payments to the state for military supplies.
tlg0540.tlg019.perseus-eng2::7	Right to own land	Right to own land in Attica	Protection from property seizure	False	Right to retain property	Discusses the threat to 'confiscate our property' and relatives losing what belongs to them.
tlg0540.tlg019.perseus-eng2::8	Right to inherit property	Right to inherit property directly	Inheriting property	False	Right to inherit property	Verbatim describes leaving a 'goodly share' to a son and 'inherited from his father'.
tlg0540.tlg019.perseus-eng2::9	Right to a dowry	Right to a marriage dowry	Right to a dowry	False	Right to a dowry	Thebatim mentions 'portioning daughters and sisters', which refers to the provision of a marriage dowry.
tlg0540.tlg025.perseus-eng2::0	Eligibility for public office	Right to perform public services	Exemption from liturgies	False	Exemption from compulsory public financing	The speaker discusses performing 'public services' (liturgies) and seeking to be relieved of them, which concerns the obligation/exemption of liturgies.
tlg0540.tlg025.perseus-eng2::2	Right to a legal trial	Right to a legal trial	Protection from execution without trial	False	Protection from capital punishment	Verbatim explicitly mentions 'condemn several men to death without trial'.
tlg0540.tlg025.perseus-eng2::4	Protection from legal prosecution	Protection from legal prosecution	Immunity from prosecution	False	Protection from legal prosecution	Refers to 'oaths and covenants' (the Amnesty of 403 BC) protecting individuals from punishment for past political conduct.
tlg0540.tlg025.perseus-eng2::5	Exemption from legal audit	Exemption from rendering financial accounts	Exemption from legal audit	False	Exemption from legal audit	Discusses magistrates who 'hold a number of offices without rendering an account', referring to the euthynai or audit.
tlg0540.tlg031.perseus-eng2::0	Eligibility for public office	Eligibility for the Council	Eligibility for the council	False	Eligibility for public office	Verbatim specifies the 'right to sit in Council' (boulē).
tlg0540.tlg031.perseus-eng2::1	Exemption from taxes	Protection from alien tax and patronage	Exemption from taxes	False	Exemption from taxes	Terms like 'aliens’ tax' (metoikion) identify this as a tax resource.
tlg0004.tlg001.perseus-eng2::1	Right to retain property	Right to wear personal ornament	Owning and retaining property	False	Right to retain property	Prohibiting 'personal ornament and the wearing of gold' restricts the right to own/use specific types of property.
tlg0004.tlg001.perseus-eng2::2	Right to bodily autonomy	Freedom of dietary choice	Freedom from state supervision	False	Right to bodily autonomy	The state/customary regulation of 'food' and 'bed' restricts personal autonomy from supervision.
tlg0004.tlg001.perseus-eng2::6	Political power	Right to participate in state affairs	Deliberative authority	False	Political power	Mentions 'engaging in politics' and giving 'advice on political matters' to frustrate or propose plans.
tlg0004.tlg001.perseus-eng2::7	Right to own property	Right to lease industrial equipment	Right to engage in business	False	Right to retain own earnings	Records renting 'oil-mills' and creating a 'monopoly' to 'amass a fortune'.
tlg0004.tlg001.perseus-eng2::10	Political power	Right to resolve disputes internally	Local self-governance	False	Political power	Concerns the ability of a city (Lebedus) to settle disputes or refer them to a mother-city.
tlg0004.tlg001.perseus-eng2::11	Protection from enslavement	Protection from debt slavery	Protection from enslavement for debt	False	Protection from enslavement	Directly mentions the 'Law of Release' regarding those forced by 'poverty to become serfs'.
tlg0004.tlg001.perseus-eng2::13	Right to retain own earnings	Right to retain total earnings	Retaining one's own earnings	False	Right to retain own earnings	Discusses a 'tithe of his property' paid to the state, affecting how much of one's earnings/wealth is retained.
tlg0004.tlg001.perseus-eng2::14	Right to citizenship	Political rights	Right to citizenship	False	Right to citizenship	Verbatim uses the term 'disfranchised', which in a Greek context (atimia) is the loss of citizen rights.
tlg0004.tlg001.perseus-eng2::15	Right to bodily autonomy	Freedom of choice in activity	Freedom from state supervision	False	Right to bodily autonomy	The law against 'not to have a settled occupation' is state interference in personal life choices.
tlg0004.tlg001.perseus-eng2::16	Right to address the assembly	Right to speak in the Assembly	Speaking in the assembly	False	Right to address the assembly	Verbatim explicitly mentions 'depriving... of the right to speak in the Assembly'.
tlg0004.tlg001.perseus-eng2::17	Right to marry	Right to marry certain women	Right to marry	True	Right to marry	The rule restricts who a guardian can 'marry', specifically the 'mother of his ward'.
tlg0004.tlg001.perseus-eng2::20	Political power	Political power	Eligibility for the kingship	False	Eligibility for public office	Refers to 'privileges as belonged to the kings' and the family of Codrus.
tlg0004.tlg001.perseus-eng2::23	Access to public honors	Right to be entertained as guest	Access to common meals	False	Access to public honors	The choice of 'guests' in the context of Solon's interactions often refers to public or formal hospitality.
tlg0004.tlg001.perseus-eng2::24	Right to own land	Right to own land	Owning land	False	Right to own land	The verbatim refers to belonging to no city but a village, contextually linked to land tenure and civic belonging.
tlg0004.tlg001.perseus-eng2::25	Protection from enslavement	Protection from enslavement	Personal liberty	False	Protection from enslavement	Contrasts the status of 'free men' with being 'slaves' or 'serfs'.
tlg0004.tlg001.perseus-eng2::26	Eligibility for public office	Eligibility for the archonship	Eligibility for the archonship	False	Eligibility for public office	Explicitly mentions 'the archonship of Callias'.
tlg0004.tlg001.perseus-eng2::27	Protection from legal prosecution	Protection from legal prosecution for beliefs	Immunity from prosecution	False	Protection from legal prosecution	Relates to being 'indicted' on a charge of 'impiety'.
tlg0004.tlg001.perseus-eng2::28	Right to inherit property	Right to inherit property directly	Inheriting property	False	Right to inherit property	Describes giving up his 'patrimony to his relations'.
tlg0004.tlg001.perseus-eng2::31	Right to bodily autonomy	Right to take a second wife	Right to marry a citizen	False	Right to marry	Mentions a decree permitting a citizen to 'marry one Athenian woman'.
tlg0004.tlg001.perseus-eng2::34	Access to religious rites	Right to introduce new divinities	Participation in sacred rites	False	Access to religious rites	Concerns 'recognizing the gods' and 'introducing other new divinities'.
tlg0004.tlg001.perseus-eng2::35	Access to public honors	Right to public maintenance (Prytaneum)	Access to public subsidies	False	Access to public honors	Specifies 'maintenance in the Prytaneum at the public expense'.
tlg0004.tlg001.perseus-eng2::37	Right to reside in the city	Right of residence in Attica	Right of residence	False	Right to reside in the city	Describes the loss of status through being 'banished by the Athenians'.
tlg0004.tlg001.perseus-eng2::38	Protection from legal prosecution	Protection from legal prosecution for neglect	Immunity from prosecution	False	Protection from legal prosecution	Refers to being 'prosecuted for neglect of duty'.
tlg0004.tlg001.perseus-eng2::44	Right to retain own earnings	Right to retain own earnings	Exemption from liturgies	False	Exemption from compulsory public financing	Mentions acting as 'choregus', which was a classic Athenian liturgy.
tlg0004.tlg001.perseus-eng2::45	Exemption from compulsory public financing	Protection from compulsory military service	Exemption from military service	False	Exemption from military service	Discusses whether he 'went on service' or was exempt/participated.
tlg0004.tlg001.perseus-eng2::46	Right to own land	Right to settle in cleruchies	Owning land	False	Right to own land	Mentions being sent to 'settle in the island' (cleruchy land allotment).
tlg0004.tlg001.perseus-eng2::47	Protection from capital punishment	Right to life	Protection from execution without trial	False	Protection from capital punishment	Directly states 'put to death without a trial'.
tlg0004.tlg001.perseus-eng2::50	Protection from corporal punishment	Protection from corporal punishment	Protection from penal corporal punishment	False	Protection from corporal punishment	Discusses the authority to 'chastise' or give a 'flogging' to a slave.
tlg0004.tlg001.perseus-eng2::52	Protection from enslavement	Right to personal freedom	Personal liberty	False	Protection from enslavement	Uses the term 'enfranchise' (manumit) for servants.
tlg0004.tlg001.perseus-eng2::54	Eligibility for public office	Right to hold the kingship	Eligibility for the kingship	False	Eligibility for public office	Mentions the 'office of king' and 'hereditary rule'.
tlg0004.tlg001.perseus-eng2::55	Eligibility for public office	Eligibility for public office	Eligibility for public office	False	Eligibility for public office	General reference to 'holding of office' based on qualification.
tlg0004.tlg001.perseus-eng2::56	Eligibility for public office	Eligibility for kingship	Eligibility for the kingship	False	Eligibility for public office	Mentions the 'kingship' being regulated by law.
tlg0004.tlg001.perseus-eng2::60	Protection from enslavement	Protection from enslavement for non-payment	Protection from enslavement for debt	False	Protection from enslavement	Details being 'put up for sale' due to inability to 'pay the tax'.
tlg0004.tlg001.perseus-eng2::61	Protection from enslavement	Right to personal liberty	Personal liberty	False	Protection from enslavement	The verbatim refers to being 'sold with all his family' due to debt/cheating revenue, a loss of personal liberty.
tlg0004.tlg001.perseus-eng2::62	Right to inherit property	Right to inherit property	Inheriting property	False	Right to inherit property	The text explicitly states 'on his death left me all he had,' describing a bequest to the speaker.
tlg0004.tlg001.perseus-eng2::63	Right to a legal trial	Right to indict for impiety	Right to a trial	False	Right to a legal trial	The user was 'indicted for impiety,' which refers to the initiation of a legal trial process.
tlg0004.tlg001.perseus-eng2::64	Right to marry	Right to marry without consent	Freedom of choice in marriage	False	Right to bodily autonomy	The verbatim says he 'married her with his (the master's) consent,' identifying the need for external permission for marriage.
tlg0004.tlg001.perseus-eng2::65	Protection from legal prosecution	Protection from legal prosecution	Immunity from prosecution	False	Protection from legal prosecution	The text describes an attempt to 'indict Aristotle' which he avoided, meaning the focus is on the state's power to prosecute.
tlg0004.tlg001.perseus-eng2::66	Right to bodily autonomy	Right to choose a spouse	Freedom of choice in marriage	False	Right to bodily autonomy	The verbatim specifies the girl 'shall be given in marriage to Nicanor,' indicating a lack of choice in the marriage partner.
tlg0004.tlg001.perseus-eng2::67	Right to a dowry	Right to financial maintenance	Right to a dowry	False	Right to a dowry	The text mentions providing a 'talent of silver' and servants to Herpyllis if she 'desires to be married.'
tlg0004.tlg001.perseus-eng2::68	Protection from enslavement	Right to freedom	Personal liberty	False	Protection from enslavement	The verbatim lists several individuals who 'shall be given their freedom,' describing manumission.
tlg0004.tlg001.perseus-eng2::69	Protection from enslavement	Protection from being sold	Personal liberty	False	Protection from enslavement	The rule states servants 'shall not be sold' and 'shall have their freedom,' protecting against commodity sale/slavery.
tlg0004.tlg001.perseus-eng2::70	Eligibility for public office	Right to preside over schools	Eligibility for public office	False	Eligibility for public office	The verbatim concerns the right to 'preside over a school' requiring permission from the Senate and people.
tlg0004.tlg001.perseus-eng2::71	Right to reside in the city	Right of residence	Right of residence	False	Right to reside in the city	The text discusses the 'recall of the philosophers' so they might 'return and live there as before.'
tlg0004.tlg001.perseus-eng2::74	Protection from enslavement	Right to personal liberty	Personal liberty	False	Protection from enslavement	The text explicitly mentions slaves being 'emancipated' and 'given their freedom.'
tlg0004.tlg001.perseus-eng2::76	Right to own land	Right to own land	Owning land	False	Right to own land	The text describes holding property 'in joint possession' like a temple, involving ownership and alienation restrictions.
tlg0004.tlg001.perseus-eng2::77	Protection from enslavement	Right to personal liberty	Personal liberty	False	Protection from enslavement	The verbatim specifies individuals shall be 'set free' after further service.
tlg0004.tlg001.perseus-eng2::78	Right to citizenship	Full status as an Athenian	Right to citizenship	False	Right to citizenship	The text discusses being 'not of pure Attic blood' and whether parents were 'free-born' in the context of being an Athenian.
tlg0004.tlg001.perseus-eng2::81	Right to reside in the city	Right to reside in the city	Protection from arbitrary banishment	False	Protection from arbitrary banishment	The verbatim notes the person 'was banished' or 'went into exile' as a penalty for a crime.
tlg0004.tlg001.perseus-eng2::82	Right to reside in the city	Right to reside in the city	Protection from arbitrary banishment	False	Protection from arbitrary banishment	The text states the father was imprisoned and the 'son fled' (exile) due to a crime.
tlg0004.tlg001.perseus-eng2::83	Political power	Authority over free children	Right to exercise authority over others	True	Political power	The verbatim says 'You must obey me' and describing training/teaching children, indicating a form of authoritative resource.
tlg0004.tlg001.perseus-eng2::89	Right to adopt	Right to exercise authority over free children	Domestic management authority	True	Political power	The master 'entrusted his whole household to him' and he 'administered it,' describing the resource of domestic authority.
tlg0004.tlg001.perseus-eng2::91	Access to public honors	Access to public financial distributions	Access to public subsidies	False	Access to public honors	The text describes the distribution of a large sum of money 'among his fellow-citizens.'
tlg0004.tlg001.perseus-eng2::92	Exemption from military service	Exemption from military cadet service	Exemption from military service	False	Exemption from military service	The verbatim specifies the son had 'ceased to be a cadet on service'
tlg0004.tlg001.perseus-eng2::93	Access to public honors	Right to attend public banquets	Access to common meals	False	Access to public honors	The text describes attending 'public... dinners' and a 'banquet given by Lysimachus'
tlg0004.tlg001.perseus-eng2::94	Protection from enslavement	Right to purchase freedom	Right to citizenship	False	Right to citizenship	The text describes a former slave who 'succeeded in becoming a Theban'
tlg0004.tlg001.perseus-eng2::95	Right to own land	Right to own land	Right to engage in business	False	Right to retain own earnings	The verbatim focuses on 'lent out money', 'loans on bottomry', and 'accumulating a large fortune'
tlg0004.tlg001.perseus-eng2::97	Right to burial	Right to a public funeral	Right to a public funeral	False	Right to burial	The decree is to 'build him a tomb... at the public cost'
tlg0004.tlg001.perseus-eng2::98	Protection from corporal punishment	Protection from corporal punishment	Protection from penal corporal punishment	False	Protection from corporal punishment	The master was 'chastising a slave' by having him 'beaten' as a penalty for stealing
tlg0004.tlg001.perseus-eng2::103	Right to bodily autonomy	Generative capacity of semen	Personal liberty	True	Right to bodily autonomy	The text discusses biological 'tension' and sterility of female semen
tlg0004.tlg001.perseus-eng2::105	Exemption from legal audit	Protection from legal inquiry into income	Exemption from legal audit	False	Exemption from legal audit	The verbatim describes being 'brought into court to answer the inquiry how... he made his living'
tlg0004.tlg001.perseus-eng2::106	Right to retain property	Right to retain property	Protection from property seizure	False	Right to retain property	The text states his inherited property 'had been confiscated to the king’s treasury'
tlg0004.tlg001.perseus-eng2::107	Protection from corporal punishment	Protection from corporal punishment	Protection from penal corporal punishment	False	Protection from corporal punishment	The subject was 'castigated with the lash' following a 'false charge'
tlg0004.tlg001.perseus-eng2::109	Right to own land	Right to own land	Participation in sacred rites	False	Access to religious rites	The text says he 'had himself initiated into all the mysteries and rites'
tlg0004.tlg001.perseus-eng2::110	Right to vote in the Ekklesia	Right to vote in the assembly	Voting in the assembly	False	Right to vote in the Ekklesia	The text describes a person who 'went into the assembly and declared... experience' to the group
tlg0004.tlg001.perseus-eng2::111	Right to vote in the Ekklesia	Right to participate in public assemblies	Speaking in the assembly	False	Right to address the assembly	The text says he 'went into the assembly and declared... and even read out his experiences'
tlg0004.tlg001.perseus-eng2::112	Protection from corporal punishment	Protection from corporal punishment	Protection from penal corporal punishment	False	Protection from corporal punishment	The text states the subject 'would punish neither slave nor free man in anger'
tlg0004.tlg001.perseus-eng2::114	Right to own property	Right to manage property independently	Disposing of property by will	False	Right to dispose of property	The text mentions a father who 'entrusted his daughter... with the custody of his memoirs' and 'injunctions'
tlg0004.tlg001.perseus-eng2::118	Right to a dowry	Right to a dowry	Right to a dowry	False	Right to a dowry	The verbatim explicitly mentions he 'bestowed dowries upon many of the maidens'
tlg0004.tlg001.perseus-eng2::119	Eligibility for public office	Eligibility for the generalship	Eligibility for military command	False	Eligibility for public office	The text discusses being 'generalissimo' and the 'second year of command'
tlg0004.tlg001.perseus-eng2::122	Eligibility for public office	Right to hold hereditary office	Eligibility for the kingship	False	Eligibility for public office	The verbatim says he 'renounced his claim to the kingship'
tlg0004.tlg001.perseus-eng2::123	Right to reside in the city	Right to reside in the city	Protection from arbitrary banishment	False	Protection from arbitrary banishment	The text refers to the Ephesians 'banishing his friend' and 'driven out Hermodorus'
tlg0004.tlg001.perseus-eng2::124	Eligibility for public office	Eligibility for the admiralship	Eligibility for military command	False	Eligibility for public office	The text states he 'was elected admiral' as a result of taking part in politics
tlg0004.tlg001.perseus-eng2::125	Eligibility for public office	Right to serve as a legislator	Eligibility for public office	False	Eligibility for public office	The verbatim specifies he served as a 'legislator' for the city.
tlg0004.tlg001.perseus-eng2::126	Protection from enslavement	Right to be manumitted by peers	Personal liberty	False	Protection from enslavement	The text describes being 'set free' after having been 'sold into slavery'.
tlg0004.tlg001.perseus-eng2::127	Access to specialized instruction	Access to theological and astronomical education	Access to formal education	False	Access to the gymnasium	The verbatim states he 'learned theology and astronomy' from 'Magians and Chaldaeans'.
tlg0004.tlg001.perseus-eng2::128	Right to burial	Right to burial in native city	Right to a public funeral	False	Right to burial	The text explicitly mentions receiving a 'public funeral' and being 'buried in his native city'.
tlg0004.tlg001.perseus-eng2::130	Right to reside in the city	Right to reside in Athens	Right of residence	False	Right to reside in the city	The Athenians 'expelled him', removing his right to reside in the city.
tlg0004.tlg001.perseus-eng2::131	Access to specialized instruction	Access to specialized instruction	Access to formal education	False	Access to the gymnasium	Refers to a 'disciple' paying a 'fee' for instruction/education.
tlg0004.tlg001.perseus-eng2::132	Exemption from taxes	Exemption from taxation	Exemption from taxes	False	Exemption from taxes	The verbatim states 'all philosophers should be exempt from taxation'.
tlg0004.tlg001.perseus-eng2::133	Right to citizenship	Citizenship	Right to citizenship	False	Right to citizenship	The text explicitly says 'Athens honoured him with her citizenship'.
tlg0004.tlg001.perseus-eng2::134	Right to marry	Right to marry daughters	Freedom of choice in marriage	False	Right to bodily autonomy	Refers to the lawfulness of who one is permitted to 'marry' (specifically daughters).
tlg0004.tlg001.perseus-eng2::135	Right to bodily autonomy	Communal access to wives	Freedom of choice in marriage	False	Right to bodily autonomy	Describes having 'wives in common' vs exclusive marriage.
tlg0004.tlg001.perseus-eng2::136	Right to retain own earnings	Right to engage in piracy	Right to engage in business	False	Right to retain own earnings	Describes the practice of 'piracy' as a way of life or delight for a group.
tlg0004.tlg001.perseus-eng2::139	Access to the gymnasium	Access to the gymnasium and physical training	Access to formal education	False	Access to the gymnasium	Refers to slaves being 'members of the School' and joining in 'studies'.
tlg0004.tlg001.perseus-eng2::140	Right to retain own earnings	Right to retain one's own earnings	Personal liberty	False	Protection from enslavement	The owner 'manumits' his slaves, giving them 'liberty'.
tlg0004.tlg001.perseus-eng2::141	Right to inherit property	Right to inherit property directly	Right to a share of an estate	False	Right to inherit property	Provisions for 'maintenance' out of 'revenues accruing to me' for children.
tlg0004.tlg001.perseus-eng2::142	Right to retain property	Right to retain dowry upon divorce	Right to a dowry	False	Right to a dowry	The verbatim explicitly commands to 'pay her dowry' from the property.
tlg0004.tlg001.perseus-eng2::143	Right to own land	Right to own land in Attica	Right to citizenship	False	Right to citizenship	Relates to the charge of not being a 'genuine Athenian citizen'.
tlg0004.tlg001.perseus-eng2::147	Political power	Legal autonomy	Immunity from prosecution	False	Protection from legal prosecution	The verbatim mentions submitting to 'restrictions imposed by the law'.
tlg0004.tlg001.perseus-eng2::149	Right to a legal trial	Right to take legal action	Right to a trial	False	Right to a legal trial	The verbatim states he 'will take a suit into court'.
tlg0007.tlg005.perseus-eng2::0	Eligibility for public office	Right to assume royal power	Eligibility for any public office	True	Eligibility for public office	The senators 'assume the insignia of royalty' and 'transact public business' as temporary kings.
tlg0007.tlg005.perseus-eng2::1	Political power	Right to nominate the monarch	Selection of the monarch	True	Political power	Describes the process for how factions 'nominated' and 'appointed' a king.
tlg0007.tlg005.perseus-eng2::4	Right to marry	Right to marry	Freedom of choice in marriage	False	Right to bodily autonomy	The rule imposes a 'thirty years' vow of 'chastity' preventing marriage during service.
tlg0007.tlg005.perseus-eng2::5	Right to dispose of property	Right to make a will without a guardian	Disposing of property by will	False	Right to dispose of property	Verbatim explicitly mentions the 'right to make a will' and management of affairs 'without a guardian'.
tlg0007.tlg005.perseus-eng2::9	Right to bodily autonomy	Right to remarry without penalty	Freedom of choice in marriage	False	Right to bodily autonomy	Concerns the period of 'widowhood' and the penalty for a woman who 'took another husband' before a certain term.
tlg0007.tlg005.perseus-eng2::10	Political power	Veto power over hostile expeditions	Deliberative authority	False	Political power	The Fetials have power to 'forbade' or 'withhold their consent' for war; their 'verdict' is required.
tlg0007.tlg005.perseus-eng2::11	Exemption from manual labor	Right to work during sacred rites	Exemption from manual or agricultural labor	False	Exemption from manual labor	Proclaims 'putting a stop to all labour' and clearing streets of 'menial and manual labour' during ceremonies.
tlg0007.tlg005.perseus-eng2::12	Right to own land	Right to own land	Owning land	False	Right to own land	Verbatim states territory was 'distributed by Numa among the indigent' for 'agriculture'.
tlg0007.tlg005.perseus-eng2::13	Eligibility for public office	Eligibility for the archonship	Eligibility for public office	False	Eligibility for public office	The king would 'advance some to positions of honour and trust' based on the condition of their farms.
tlg0007.tlg005.perseus-eng2::14	Protection from enslavement	Protection from enslavement	Personal liberty	False	Protection from enslavement	Restricts the 'law permitting fathers to sell their sons' into slavery upon marriage.
tlg0007.tlg005.perseus-eng2::18	Eligibility for public office	Eligibility for the Senate	Eligibility for the council	False	Eligibility for public office	The verbatim specifies the individual was 'honoured with membership in the Senate'.
tlg0007.tlg005.perseus-eng2::19	Political power	Right to suppress public information	Deliberative authority	False	Political power	The senate decides it was 'not lawful or proper' to publish writings and orders them burned.
tlg0007.tlg013.perseus-eng2::1	Political power	Precedence over other magistrates	Deliberative authority	False	Political power	A dictator commands a consul to 'lay aside the insignia of his office' and meet as a 'private person'.
tlg0007.tlg013.perseus-eng2::2	Access to public honors	Right to a ceremonial lictor escort	Eligibility for public honors	False	Access to public honors	Describes being 'attended by a united band of twenty-four lictors' as a mark of high office.
tlg0007.tlg013.perseus-eng2::3	Protection from corporal punishment	Protection from summary punishment by the dictator	Immunity from prosecution	False	Protection from legal prosecution	The tribune 'enjoyed immunity of person' which is not 'robbed of its power by the election of a dictator'.
tlg0007.tlg013.perseus-eng2::4	Political power	Power to imprison and execute without trial	Protection from execution without trial	False	Protection from capital punishment	The dictator has 'power to imprison and put to death without trial', implying the lack of this right for others.
tlg0007.tlg013.perseus-eng2::5	Protection from enslavement	Right to release upon payment	Personal liberty	False	Protection from enslavement	Describes the terms for the 'exchange the captives' and the price to 'pay' to recover men from captivity.
tlg0007.tlg013.perseus-eng2::6	Eligibility for public office	Right to supreme command	Eligibility for military command	False	Eligibility for public office	Refers to a magistrate's 'right to command a day in turn' and displaying the 'signal for battle'.
tlg0007.tlg013.perseus-eng2::7	Right to bear arms	Right to serve in the cavalry	Eligibility for military command	False	Eligibility for public office	Identifies a man of the 'patrician order' as a 'brave commander'.
tlg0007.tlg013.perseus-eng2::9	Protection from capital punishment	Right to life	Protection from capital punishment	False	Protection from capital punishment	Describes the execution of a vestal virgin ('buried alive') for corruption/unchastity.
tlg0007.tlg013.perseus-eng2::10	Protection from enslavement	Protection from enslavement	Personal liberty	False	Protection from enslavement	Verbatim states 'thirty thousand of them were sold into slavery' following the city's plunder.
tlg0007.tlg013.perseus-eng2::11	Political power	Power to command superiors	Deliberative authority	False	Political power	A consul uses a 'lictor with orders' to command his father (a subordinate in rank/office) to dismount.
tlg0007.tlg013.perseus-eng2::12	Eligibility for public office	Right to exercise official authority over parents	Eligibility for public office	False	Eligibility for public office	The verbatim refers to the son as an 'officer' and his role as a 'high office' bestowed by the people.
tlg0007.tlg013.perseus-eng2::14	Right to freedom of movement	Freedom of movement for military command	Freedom of movement	False	Right to freedom of movement	The text describes how religious custom 'kept him at home,' restricting his ability to travel for command.
tlg0007.tlg014.perseus-eng2::0	Protection from arbitrary banishment	Protection from arbitrary banishment	Protection from arbitrary banishment	False	Protection from arbitrary banishment	The verbatim explicitly mentions 'ostracism and banishment' as the resource from which the subjects were not protected.
tlg0007.tlg014.perseus-eng2::1	Access to religious rites	Right to attend public festivals	Participation in sacred rites	False	Access to religious rites	The verbatim describes the city being enriched with 'holidays and public festivals' for the benefit of the citizens.
tlg0007.tlg014.perseus-eng2::2	Protection from enslavement	Right to be ransomed from captivity	Personal liberty	False	Protection from enslavement	The verbatim describes 'captured soldiers' being 'ransomed' from their status as captives.
tlg0007.tlg017.perseus-eng2::0	Right to retain property	Protection from creditor harassment	Protection from property seizure	False	Right to retain property	The 'disputes concerning debts' and treatment of 'poor' debtors implies the risk of seizure or harassment by creditors.
tlg0007.tlg017.perseus-eng2::1	Right to vote in the Ekklesia	Right to elect officials	Election of magistrates	False	Right to vote in the Ekklesia	The text mentions being 'defeated at elections' as a power the people have to 'give and take away.'
tlg0007.tlg017.perseus-eng2::2	Eligibility for public office	Right to adjudicate in courts	Eligibility for jury service	False	Eligibility for public office	The 'power to give and take away' includes the result of being 'condemned in courts of justice' by the people acting as jurors.
tlg0007.tlg018.perseus-eng2::0	Right to military protection	Right to military protection from the mother-city	Eligibility for military command	False	Eligibility for public office	The verbatim describes names written down for those 'eager for the honour' of being a 'commander' for election.
tlg0007.tlg018.perseus-eng2::1	Right to own land	Right to own land	Owning land	False	Right to own land	The verbatim explicitly mentions 'allotting the land among them' to independent citizens.
tlg0007.tlg018.perseus-eng2::2	Right to free speech	Right of free speech	Speaking in the assembly	False	Right to address the assembly	The text mentions the 'right of free speech' and the ability to bring 'denunciations in open assembly.'
tlg0007.tlg018.perseus-eng2::3	Political power	Right to choose non-Corinthian generals	Eligibility for military command	False	Eligibility for public office	The people voted to 'employ a Corinthian as their general.'
tlg0007.tlg024.perseus-eng2::0	Eligibility for public office	Eligibility for the archonship	Eligibility for the archonship	False	Eligibility for public office	The verbatim identifies the resource as the 'office of Archon Eponymous.'
tlg0007.tlg024.perseus-eng2::1	Protection from arbitrary banishment	Protection from ostracism	Protection from arbitrary banishment	False	Protection from arbitrary banishment	The text describes eligibility for 'banishment in ostracism.'
tlg0007.tlg024.perseus-eng2::2	Right to vote in the Ekklesia	Right to vote in ostracism	Voting in the assembly	False	Right to vote in the Ekklesia	Describes the procedure where 'each voter took an ostrakon' to remove a citizen.
tlg0007.tlg024.perseus-eng2::3	Right to retain property	Right to retain property income	Retaining one's own earnings	False	Right to retain own earnings	The verbatim explicitly specifies the 'right to enjoy the income from his property' while banished.
tlg0007.tlg024.perseus-eng2::5	Eligibility for public office	Eligibility for the archonship	Eligibility for the archonship	False	Eligibility for public office	The text states 'the archons be chosen from all the Athenians.'
tlg0007.tlg024.perseus-eng2::6	Right to a dowry	Right to public dowry	Right to a dowry	False	Right to a dowry	The verbatim says the city was 'bestowing the dowry for the marriage.'
tlg0007.tlg028.perseus-eng2::0	Access to the gymnasium	Access to military education	Access to formal education	False	Access to the gymnasium	The text describes being 'trained in the arts of war' and 'taught' how to command.
tlg0007.tlg028.perseus-eng2::1	Eligibility for public office	Eligibility for the consulship	Eligibility for public office	False	Eligibility for public office	The verbatim refers to the 'highest office' and the election of a 'consul.'
tlg0007.tlg028.perseus-eng2::2	Exemption from taxes	Exemption from metic tax	Exemption from taxes	False	Exemption from taxes	The verbatim mentions tax-collectors haling someone away for not having paid the 'alien’s tax'.
tlg0007.tlg028.perseus-eng2::4	Eligibility for public office	Right to retain senatorial rank	Eligibility for the council	False	Eligibility for public office	Refers to the senate (council) and the expulsion of members from it.
tlg0007.tlg028.perseus-eng2::6	Right to citizenship	Right to Roman citizenship	Right to citizenship	False	Right to citizenship	Explicitly mentions receiving into citizenship and enrolment based on being born of free parents.
tlg0007.tlg034.perseus-eng2::0	Eligibility for public office	Eligibility for kingship	Eligibility for the kingship	False	Eligibility for public office	The text discusses natural justice in who should rule and the Spartan practice of deposing kings.
tlg0007.tlg034.perseus-eng2::1	Right to bodily autonomy	Freedom from lifestyle restrictions	Freedom from state supervision	False	Right to bodily autonomy	Refers to marriage and sumptuary laws which regulate private lifestyle and expenses.
tlg0007.tlg034.perseus-eng2::2	Right to retain property	Right to retain property	Protection from property seizure	False	Right to retain property	Describes the act of 'confiscating and selling at public auction the wealthiest and greatest estates.'
tlg0007.tlg034.perseus-eng2::3	Protection from capital punishment	Right to life during magistracy bids	Protection from execution without trial	False	Protection from capital punishment	Describes a candidate for consul being 'slain before his eyes' and sons of consuls 'butchered' without process.
tlg0007.tlg037.perseus-eng2::0	Right to dispose of property	Right to distribute private wealth as public charity	Disposing of property by will	False	Right to dispose of property	Refers to the democratic and charitable use of private wealth/sustenance (tables of Cimon).
tlg0007.tlg037.perseus-eng2::1	Political power	Power to exile political leaders	Deliberative authority	False	Political power	Discusses the use of ostracism by the 'multitude' to remove political leaders and their 'voice'.
tlg0007.tlg037.perseus-eng2::2	Eligibility for public office	Eligibility for the supreme military command	Eligibility for military command	False	Eligibility for public office	Mentions the country conferring 'imperial power' and 'command over her allies'.
tlg0007.tlg046.perseus-eng2::0	Eligibility for public office	Eligibility for the kingship	Eligibility for the kingship	False	Eligibility for public office	Discusses whether a claimant to the family of Eurypontidae was of legitimate birth to be king.
tlg0007.tlg046.perseus-eng2::1	Eligibility for public office	Eligibility for the kingship	Eligibility for the kingship	False	Eligibility for public office	Specifies that a king should be 'of legitimate birth and sound of limb'.
tlg0007.tlg046.perseus-eng2::2	Protection from legal prosecution	Protection from legal consequences of cowardice	Immunity from prosecution	False	Protection from legal prosecution	Discusses allowing 'laws to slumber' so citizens would not be 'harmed by the laws' for cowardice.
tlg0007.tlg068.perseus-eng3::3	Protection from corporal punishment	Protection from corporal punishment	Protection from penal corporal punishment	False	Protection from corporal punishment	Describes scouring clothes 'instead of their bodies' as a state-ordained punishment.
tlg0007.tlg069.perseus-eng3::0	Right to bodily autonomy	Freedom from adult oversight	Freedom from state supervision	False	Right to bodily autonomy	Describes young men being 'released from the care of tutors' upon reaching a certain age.
tlg0007.tlg069.perseus-eng3::1	Political power	Right to self-governance	Freedom from state supervision	False	Right to bodily autonomy	Refers to no longer being 'subject to authority' after assuming the 'garb of a man'.
tlg0007.tlg069.perseus-eng3::2	Right to citizenship	Right to naturalized citizenship	Right to citizenship	False	Right to citizenship	Discusses 'newly naturalized citizens' and their relationship to the law.
tlg0007.tlg079.perseus-eng3::1	Right to drink wine	Right to consume alcohol	Right to bodily autonomy	True	Right to bodily autonomy	Refers to laws prohibiting slaves from getting drunk, having love-affairs, or rubbing down like athletes.
tlg0007.tlg080.perseus-eng3::0	Right to bodily autonomy	Right to change masters	Personal liberty	False	Protection from enslavement	Concerns the right of slaves to 'demand a sale' to change masters, a form of limited labor autonomy.
tlg0007.tlg080.perseus-eng3::3	Protection from public libel	Protection from political envy	Immunity from prosecution	False	Protection from legal prosecution	Mentions that one who 'holds no office' is exempt from 'envy' (social/legal hostility).
tlg0007.tlg082.perseus-eng3::0	Right to own land	Right to own land	Owning land	False	Right to own land	The verbatim discusses a treaty regarding 'Greek cities' and 'invasive Phrygia' in the context of territorial control/land ownership.
tlg0007.tlg082.perseus-eng3::2	Exemption from manual labor	Exemption from menial calling	Exemption from manual or agricultural labor	False	Exemption from manual labor	The text explicitly mentions a 'prohibition against their practising or learning any menial calling.'
tlg0007.tlg082.perseus-eng3::3	Exemption from manual labor	Exemption from agricultural labor	Exemption from manual or agricultural labor	False	Exemption from manual labor	The rule describes putting 'fields in the hands of the Helots' instead of citizens doing the labor themselves.
tlg0007.tlg082.perseus-eng3::5	Access to the gymnasium	Access to physical training	Access to physical training	False	Access to the gymnasium	The verbatim mentions 'strenuous exercise... in races and wrestling and throwing the discus and javelin.'
tlg0007.tlg082.perseus-eng3::6	Right to own property	Right to hold gold and silver	Owning and retaining property	False	Right to retain property	The decree forbids the value of 'gold and silver coin' and regulates the use of 'iron money.'
tlg0007.tlg082.perseus-eng3::7	Eligibility for public office	Exclusive eligibility for kingship	Eligibility for the kingship	False	Eligibility for public office	The text discusses taking away the 'kingship' from specific lineages to make it elective.
tlg0007.tlg082.perseus-eng3::8	Right to own land	Right to an equal land allotment	Owning land	False	Right to own land	The verbatim refers to a 'redistribution of the land' and assigning an 'equal share.'
tlg0007.tlg082b.perseus-eng2::0	Political power	Influence over others	Deliberative authority	False	Political power	The daughter of the king advises her father on whether to enter a war, exercising influence on state policy.
tlg0007.tlg082b.perseus-eng2::1	Political power	Influence over others	Local self-governance	False	Political power	The text refers to Spartan women 'lording it over' their men, specifically in the domestic/social sphere.
tlg0007.tlg082b.perseus-eng2::3	Political power	Political power	Personal liberty	False	Protection from enslavement	The 'sinner against our laws' (cowardice) resulted in summary justice by the mother based on civic standards of conduct.
tlg0007.tlg082b.perseus-eng2::4	Right to bodily autonomy	Right to autonomous sexual choice	Freedom of choice in marriage	False	Right to bodily autonomy	The woman defers sexual/marital overtures to her husband or father, defining the mediation of choice.
tlg0007.tlg082b.perseus-eng2::5	Protection from corporal punishment	Protection from degrading treatment	Protection from private assault	False	Protection from corporal punishment	The slave refuses to do something 'not fitting for a free woman' and chooses death over degradation/abuse.
tlg0007.tlg088.perseus-eng3::1	Right to retain property	Right to retain private wealth	Exemption from liturgies	False	Exemption from compulsory public financing	The text criticizes 'lavishing on the theatre' (liturgies like the choregeia) what could pay for fleets.
tlg0007.tlg088.perseus-eng3::3	Right to vote in the Ekklesia	Right to equal suffrage	Voting in the assembly	False	Right to vote in the Ekklesia	The text states the Athenian people 'bestowed upon Greece equal suffrage with themselves.'
tlg0007.tlg093.perseus-eng3::2	Protection from corporal punishment	Protection from physical mutilation	Protection from penal corporal punishment	False	Protection from corporal punishment	The text mentions that Scythians 'blind their slaves,' a form of extreme corporal mutilation.
tlg0007.tlg109.perseus-eng2::0	Political power	Freedom of political association	Resident allowance for the poor	False	Right to remuneration for office	The speaker fears being suspected of leaning too much toward 'the Boeotian interest' while residing in Athens.
tlg0007.tlg109.perseus-eng2::3	Right to freedom of movement	Freedom of movement in public	Freedom of movement	False	Right to freedom of movement	The verbatim describes women running out to meet others, breaking the usual 'Boeotian strictness' or restraint.
tlg0007.tlg109.perseus-eng2::4	Right to a legal trial	Right to a trial at law	Right to a trial	False	Right to a legal trial	The text explicitly states the desire for 'no citizens put to death without a trial at law.'
tlg0007.tlg122.perseus-eng3::2	Access to public honors	Right to banquet entertainment	Access to common meals	False	Access to public honors	The works are used 'at banquets' for instruction and entertainment among the learned.
tlg0007.tlg126.perseus-eng3::1	Right to reside in the city	Right to settle in a foreign land	Right of residence	False	Right to reside in the city	The text mentions those who 'choose to settle in the spot' after their term of service.
tlg0007.tlg126.perseus-eng3::2	Right to freedom of movement	Right to return to homeland	Freedom of movement	False	Right to freedom of movement	The verbatim refers to those allowed to 'sail off home' after their service.
tlg0007.tlg139.perseus-eng2::0	Protection from corporal punishment	Protection from corporal punishment	Protection from penal corporal punishment	False	Protection from corporal punishment	Mentions avoiding 'evil' in the context of 'stripes they received by whipping' and 'gaol'.
tlg0007.tlg139.perseus-eng2::2	Eligibility for public office	Eligibility for the archonship and public offices	Eligibility for public office	False	Eligibility for public office	The text explicitly names 'magistrature' and 'public offices'.
tlg0007.tlg139.perseus-eng2::3	Exemption from compulsory public financing	Exemption from compulsory public financing	Exemption from liturgies	False	Exemption from compulsory public financing	Describes rich men making 'public entertainments' and 'feasts at solemnities' (liturgical functions).
tlg0008.tlg001.perseus-eng2::2	Access to public honors	Access to the prytaneum	Access to common meals	False	Access to public honors	Refers to those 'fed at the prytaneum' and allowed to 'sup' there.
tlg0008.tlg001.perseus-eng2::3	Access to religious rites	Participation in sacred sacrifices	Participation in sacred rites	False	Access to religious rites	Directly mentions being allowed to 'enter the temple' and 'taste any one of the things... prepared for the sacrifice'.
tlg0008.tlg001.perseus-eng2::5	Right to drink wine	Right to drink wine	Right to consume wine	True	Right to bodily autonomy	The specific resource is the consumption of wine, distinct from broader autonomy or meals.
tlg0008.tlg001.perseus-eng2::6	Right to drink wine	Right to drink wine	Right to consume wine	True	Right to bodily autonomy	Explicitly forbids women to 'drink wine at all'.
tlg0008.tlg001.perseus-eng2::7	Right to drink wine	Right to drink wine	Right to consume wine	True	Right to bodily autonomy	Specifies that no youth or slave 'ever drank wine'.
tlg0008.tlg001.perseus-eng2::8	Access to public honors	Communal dining (Syssitia)	Access to common meals	False	Access to public honors	Describes contributions to the 'phiditium' (Spartan syssitia/common meals).
tlg0008.tlg001.perseus-eng2::9	Right to reside in the city	Right of residence in Attica	Right of residence	False	Right to reside in the city	A decree to 'banish' implies the removal of the right of residence.
tlg0010.tlg004.perseus-eng2::0	Right to a legal trial	Protection from condemnation in absentia	Right to a trial	False	Right to a legal trial	The grievance is 'condemning him in his absence' instead of a trial.
tlg0010.tlg004.perseus-eng2::1	Exemption from compulsory public financing	Exemption from public service costs	Exemption from liturgies	False	Exemption from compulsory public financing	Lists specific liturgies: 'choregus and gymnasiarch and trierarch'.
tlg0010.tlg004.perseus-eng2::2	Protection from legal prosecution	Protection from prosecution for past political acts	Immunity from prosecution	False	Protection from legal prosecution	Refers to the 'terms of the amnesty' preventing legal action for 'old grudges'.
tlg0010.tlg004.perseus-eng2::3	Right to citizenship	Right to retain citizenship	Right to citizenship	False	Right to citizenship	Explicitly mentions the danger of 'disfranchisement'.
tlg0010.tlg004.perseus-eng2::4	Right to retain property	Right to property compensation	Owning and retaining property	False	Right to retain property	Concerns being 'deprived of the land' given as compensation.
tlg0010.tlg006.perseus-eng2::0	Right to dispose of property	Right to execute valid wills	Disposing of property by will	False	Right to dispose of property	Specifies the requirement for a 'will' to be 'drawn in accordance with this law'.
tlg0010.tlg006.perseus-eng2::2	Right to dispose of property	Right to appoint heirs	Right to adoption	False	Right to adopt	Explicitly mentions the law 'which permits us to adopt children'.
tlg0010.tlg010.perseus-eng2::0	Exemption from military service	Exemption from the hazards of fighting	Exemption from military service	False	Exemption from military service	Mentions 'exemption from the hazards of fighting'.
tlg0010.tlg010.perseus-eng2::1	Right to retain own earnings	Right to acquire affluence	Retaining one's own earnings	False	Right to retain own earnings	Refers to priests acquiring 'affluence' from 'revenues of the sacrifices'.
tlg0010.tlg010.perseus-eng2::2	Right to freedom of movement	Right to leave the country	Freedom of movement	False	Right to freedom of movement	verbatim specifies 'no citizen... could leave the country without official authorization'
tlg0010.tlg010.perseus-eng2::4	Right to freedom of movement	Right to change occupations	Exemption from manual or agricultural labor	False	Exemption from manual labor	the rule concerns the requirement that 'the same individuals should always engage in the same pursuits' vs changing occupations
tlg0010.tlg010.perseus-eng2::5	Political power	Political power over important matters	Deliberative authority	False	Political power	verbatim refers to appointing older men to 'have charge of the most important matters'
tlg0010.tlg011.perseus-eng2::0	Political power	Right to provide political counsel	Speaking in the assembly	False	Right to address the assembly	the speaker has 'come before you to give my counsels' regarding war and concord
tlg0010.tlg011.perseus-eng2::1	Access to public honors	Access to public subsidies	Resident allowance for the poor	False	Right to remuneration for office	describes the city as a 'securest refuge' for 'those who are unfortunate', implies public support
tlg0010.tlg011.perseus-eng2::3	Eligibility for public office	Right to hold public office	Eligibility for public office	False	Eligibility for public office	verbatim discusses people being 'robbed by law of their share in the government'
tlg0010.tlg013.perseus-eng2::0	Right to free speech	Freedom of speech	Speaking in the assembly	False	Right to address the assembly	explicitly mentions 'freedom of speech' (parrhesia) as a privilege of civic life
tlg0010.tlg014.perseus-eng2::1	Right to citizenship	Protection of property and person	Protection from property seizure	False	Right to retain property	verbatim lists 'confiscation of property' as a misfortune from which citizens were protected
tlg0010.tlg014.perseus-eng2::3	Political power	Right of free association	Local self-governance	False	Political power	is_new: false. The rule prohibits 'political societies or unions' without sanction
tlg0010.tlg014.perseus-eng2::4	Right to citizenship	Right to noble lineage and status	Inheriting property	False	Right to inherit property	discusses 'legitimate birth' and ensuring children are not 'cheated of this noble origin' in succession
tlg0010.tlg019.perseus-eng2::0	Exemption from compulsory public financing	Exemption from compulsory public financing	Exemption from liturgies	False	Exemption from compulsory public financing	verbatim mentions being 'challenged to an exchange of property on the question of a trierarchy'
tlg0010.tlg019.perseus-eng2::1	Right to a legal trial	Right to impartial legal hearing	Right to a trial	False	Right to a legal trial	refers to 'granting to the accused the right of making a defense' and hearing both sides
tlg0010.tlg019.perseus-eng2::2	Exemption from taxes	Exemption from war-tax (eisphora)	Exemption from taxes	False	Exemption from taxes	verbatim mentions being enrolled among those who 'pay the war-taxes' (eisphora)
tlg0010.tlg019.perseus-eng2::3	Access to public honors	Access to state-funded distributions	Resident allowance for the poor	False	Right to remuneration for office	refers to 'bounties which are distributed by the city' for those 'compelled to get their livelihood' from it
tlg0010.tlg019.perseus-eng2::4	Right to a legal trial	Right to private dispute arbitration	Right to a trial	False	Right to a legal trial	mentions having 'sat either as arbitrator or as judge' and seeking redress 'in court'
tlg0014.tlg001.perseus-eng2::0	Right to retain property	Right to retain personal wealth	Owning and retaining property	False	Right to retain property	describes the well-to-do spending a fraction to 'enjoy the residue in security'
tlg0014.tlg001.perseus-eng2::1	Right to vote in the Ekklesia	Right to vote in the Ekklesia	Voting in the assembly	False	Right to vote in the Ekklesia	verbatim refers to the 'choice of the best' proposal and an 'idea would be to vote an expedition'
tlg0014.tlg001.perseus-eng2::2	Protection from legal prosecution	Exemption from public prosecution	Exemption from legal audit	False	Exemption from legal audit	statesmen must 'give a ready account of their stewardship' (euthynai)
tlg0014.tlg001.perseus-eng2::3	Access to public honors	Access to public festival funds	Access to public subsidies	False	Access to public honors	verbatim mentions 'appropriate the money for your festivals'
tlg0014.tlg010.perseus-eng2::1	Protection from corporal punishment	Protection from corporal punishment	Protection from private assault	False	Protection from corporal punishment	explicitly mentions 'stripes and bodily outrage' as the necessity of a slave
tlg0014.tlg010.perseus-eng2::2	Right to remuneration for office	Right to receive state distributions	Access to public subsidies	False	Right to remuneration for office	The verbatim refers to 'rich citizens' receiving a 'share of this increase' in state revenues.
tlg0014.tlg010.perseus-eng2::3	Right to inherit property	Right to receive parental support	Inheriting property	False	Right to inherit property	Refers to contributions 'paid cheerfully to the parents' and legal coverage for 'ill-usage' of parental support obligations.
tlg0014.tlg013.perseus-eng2::0	Right to remuneration for office	Right to receive public funds	Pay for assembly or jury service	False	Right to remuneration for office	States that revenues must be shared 'as pay' by those of military age and 'overseers’ fees' for those older.
tlg0014.tlg013.perseus-eng2::1	Eligibility for public office	Right to adjudicate legal rights	Eligibility for jury service	False	Eligibility for public office	The verbatim identifies 'these courts' as sovereign to 'uphold the rights of citizen against citizen'.
tlg0014.tlg013.perseus-eng2::2	Exemption from taxes	Exemption from taxes	Exemption from taxes	False	Exemption from taxes	Explicitly mentions giving 'immunity from taxes' as an alternative to citizenship.
tlg0014.tlg016.perseus-eng2::0	Right to vote in the Ekklesia	Right to vote in the Ekklesia	Speaking in the assembly	False	Right to address the assembly	Refers to the 'task of men who claim to offer advice in this Assembly' and individuals who 'spoke Attic'.
tlg0014.tlg016.perseus-eng2::1	Political power	Access to political influence	Eligibility for public office	False	Eligibility for public office	Discusses embassies addressed to Athens and the role of speakers representing specific interests in a diplomatic/deliberative capacity.
tlg0014.tlg017.perseus-eng2::0	Protection from arbitrary banishment	Protection from arbitrary banishment	Protection from arbitrary banishment	False	Protection from arbitrary banishment	Explicitly prohibits 'banishments contrary to the laws established'.
tlg0014.tlg017.perseus-eng2::1	Right to retain property	Right to retain property	Protection from property seizure	False	Right to retain property	Prohibits the 'confiscation of property' and 'partition of lands'.
tlg0014.tlg017.perseus-eng2::2	Right to own property	Right to retain slaves	Owning and retaining property	False	Right to retain property	Prohibits the 'emancipation of slaves' (as property) for revolutionary purposes.
tlg0014.tlg017.perseus-eng2::3	Right to freedom of movement	Right to sail the seas	Freedom of movement	False	Right to freedom of movement	The compact provides that all parties 'may sail the seas' and none may 'hinder them'.
tlg0014.tlg017.perseus-eng2::4	Right to own property	Exclusive use of harbor facilities	Right to engage in business	False	Right to retain own earnings	Discusses the right to 'build their ships here' and 'furnish them with crews' in a specific harbor.
tlg0014.tlg017.perseus-eng2::5	Protection from arbitrary banishment	Security from hostile exiles	Protection from arbitrary banishment	False	Protection from arbitrary banishment	Refers to laws regarding 'exiles' setting out with 'hostile intent'.
tlg0014.tlg018.perseus-eng2::0	Right to a legal trial	Right to an impartial hearing	Right to a trial	False	Right to a legal trial	Refers to the 'judicial oath' and the right of 'every litigant' to an 'impartial hearing'.
tlg0014.tlg018.perseus-eng2::3	Exemption from compulsory public financing	Exemption from excessive naval costs	Exemption from liturgies	False	Exemption from compulsory public financing	Describes the assessment of 'trierarchs' based on property for the trireme liturgy.
tlg0014.tlg018.perseus-eng2::4	Exemption from compulsory public financing	Protection from naval financing burdens	Exemption from liturgies	False	Exemption from compulsory public financing	Discusses statutes compelling the wealthy to pay and relief for 'needy citizens' from 'grinding' public services.
tlg0014.tlg018.perseus-eng2::5	Right to reside in the city	Right to reside in the countryside	Freedom of movement	False	Right to freedom of movement	Restricts the right to 'pass the night in the country' and mandates relocation to the city.
tlg0014.tlg018.perseus-eng2::6	Protection from enslavement	Protection from enslavement	Personal liberty	False	Protection from enslavement	Discusses 'selling the inhabitants into slavery' and the scandal of Greeks being 'enslaved'.
tlg0014.tlg019.perseus-eng2::0	Access to public honors	Eligibility for public honors	Eligibility for public honors	False	Access to public honors	Refers to a 'vote of thanks' or an 'invitation to the public dinner in the Town Hall' for ambassadors.
tlg0014.tlg019.perseus-eng2::2	Protection from capital punishment	Protection from capital punishment	Protection from capital punishment	False	Protection from capital punishment	States that the 'law visits such conduct with death' for unauthorized diplomatic activity.
tlg0014.tlg019.perseus-eng2::3	Exemption from legal audit	Exemption from legal scrutiny	Exemption from legal audit	False	Exemption from legal audit	Verbatim discusses men who 'submitted to scrutiny' and 'administered any public function' being accountable.
tlg0014.tlg019.perseus-eng2::6	Political power	Right to appoint ambassadors	Eligibility for diplomatic office	True	Eligibility for public office	Verbatim explicitly mentions appointing someone 'as an envoy' for 'public business'.
tlg0014.tlg023.perseus-eng2::0	Protection from enslavement	Protection from private detention	Protection from arbitrary arrest	False	Right to a legal trial	Verbatim distinguishes between taking the arrested to 'the house of the prosecutor' vs 'the archons' under 'control of the laws'.
tlg0014.tlg023.perseus-eng2::1	Protection from enslavement	Protection from extra-territorial seizure	Freedom of movement	False	Right to freedom of movement	Focuses on the right of exiles not to be 'pursued or violently seized' 'outside the frontier'.
tlg0014.tlg023.perseus-eng2::2	Right to bodily autonomy	Protection of physical integrity	Protection from private assault	False	Protection from corporal punishment	Legalizes killing to save women from 'indignity', 'licentiousness', and those who 'insult them and defile them'.
tlg0014.tlg023.perseus-eng2::3	Protection from arbitrary banishment	Right of return after reconciliation	Right of residence	False	Right to reside in the city	Describes the conditions under which an exile is 'permitted... to return' to the country.
tlg0014.tlg023.perseus-eng2::4	Right to freedom of movement	Protection from excessive hostage-taking	Protection from arbitrary arrest	False	Right to a legal trial	Limits the right of kinsmen to 'take and hold hostages' (detention) to a specific number.
tlg0014.tlg023.perseus-eng2::5	Right to a legal trial	Right to equal legal application	Right to citizenship	False	Right to citizenship	Verbatim refers to every citizen having an 'equal share in civil rights' and the law applying 'to all Athenians'.
tlg0014.tlg023.perseus-eng2::6	Protection from capital punishment	Protection from extra-judicial killing	Protection from capital punishment	False	Protection from capital punishment	Law protects a person from being 'killed' or having others 'cause him to be killed' provided they follow certain rules.
tlg0014.tlg032.perseus-eng2::0	Right to a legal trial	Access to specialized maritime courts	Access to specialized courts	False	Right to a legal trial	Specifically mentions 'actions for shipowners and merchants' regarding loans and maritime agreements.
tlg0014.tlg032.perseus-eng2::1	Right to a legal trial	Access to specialized maritime courts	Access to specialized courts	False	Right to a legal trial	Specifically mentions 'actions for shipowners and merchants' regarding loans and maritime agreements.
tlg0014.tlg032.perseus-eng2::2	Right to a legal trial	Freedom from pre-trial detention	Protection from arbitrary arrest	False	Right to a legal trial	Discusses pre-trial conditions: being 'put under bail' vs being sent 'to prison'.
tlg0014.tlg041.perseus-eng2::0	Right to a dowry	Right to marriage portion	Right to a dowry	False	Right to a dowry	Verbatim explicitly names giving a daughter in marriage 'with a portion of forty minae'.
tlg0014.tlg041.perseus-eng2::1	Right to bodily autonomy	Freedom of choice in marriage	Freedom of choice in marriage	False	Right to bodily autonomy	Discusses a father's power to 'take away his daughter' and give her to another in marriage.
tlg0014.tlg041.perseus-eng2::3	Right to own property	Right to personal property	Owning and retaining property	False	Right to retain property	Refers to money borrowed from a wife and jewelry/papers 'that lady left behind'.
tlg0014.tlg042.perseus-eng2::2	Exemption from compulsory public financing	Exemption from compulsory public financing	Exemption from liturgies	False	Exemption from compulsory public financing	Refers to the 'Three Hundred' who bear the 'heaviest burdens' and the process of 'exchanges' (*antidosis*).
tlg0014.tlg042.perseus-eng2::3	Exemption from taxes	Exemption from metic tax or liturgies	Exemption from taxes	False	Exemption from taxes	Verbatim explicitly says 'silver mines... the laws have made exempt from taxes'.
tlg0014.tlg042.perseus-eng2::4	Right to retain property	Right to retain property	Owning and retaining property	False	Right to retain property	Discusses legal ownership of the 'marriage portion' and it becoming 'property of her son'.
tlg0014.tlg045.perseus-eng2::0	Exemption from compulsory public financing	Exemption from compulsory public financing	Exemption from liturgies	False	Exemption from compulsory public financing	Verbatim mentions the 'trierarch' – a specific type of expensive public liturgy.
tlg0014.tlg045.perseus-eng2::1	Protection from corporal punishment	Protection from corporal punishment	Protection from judicial torture	False	Protection from corporal punishment	Verbatim states 'a man may not be put to torture' without a specific 'challenge'.
tlg0014.tlg045.perseus-eng2::3	Right to free speech	Right of free speech	Speaking in the assembly	False	Right to address the assembly	The verbatim refers to the 'right of free speech in the city' (parrhesia), which in Athens is the right to address the public assembly.
tlg0014.tlg048.perseus-eng2::0	Right to inherit property	Right to file a legal claim for an estate	Inheriting property	False	Right to inherit property	The verbatim refers to the legal right to 'put in a claim' for an estate/inheritance.
tlg0014.tlg048.perseus-eng2::1	Protection from corporal punishment	Protection from torture during legal proceedings	Protection from judicial torture	False	Protection from corporal punishment	The verbatim refers to the decision to 'put the man to the torture' for the purpose of obtaining a confession/testimony.
tlg0014.tlg048.perseus-eng2::2	Right to a legal trial	Right to speak in court	Right to a trial	False	Right to a legal trial	The verbatim mentions women begging the jury because they cannot be 'here present' (standing) themselves in court.
tlg0014.tlg048.perseus-eng2::3	Right to citizenship	Right to have legal acts recognized	Right to citizenship	False	Right to citizenship	The verbatim describes the invalidation of legal acts/standing based on status (influence of a woman), a core citizenship restriction.
tlg0014.tlg051.perseus-eng2::2	Protection from corporal punishment	Protection from corporal punishment	Protection from penal corporal punishment	False	Protection from corporal punishment	The verbatim explicitly mentions the state's power to 'imprison and punish' sailors for desertion.
tlg0014.tlg051.perseus-eng2::3	Protection from enslavement	Right to personal freedom	Personal liberty	False	Protection from enslavement	The rule concerns imprisonment for state debts/betrayal, which pertains to the loss of personal liberty.
tlg0014.tlg051.perseus-eng2::4	Right to citizenship	Right to full personal rights	Right to citizenship	False	Right to citizenship	The verbatim refers to being 'deprived of one third of personal rights' (partial atimia/disenfranchisement).
tlg0014.tlg052.perseus-eng2::2	Right to a legal trial	Right to provide evidentiary oath	Right to a trial	False	Right to a legal trial	The verbatim mentions the 'oath which the law prescribes' for a party in a lawsuit (evidentiary standing).
tlg0014.tlg052.perseus-eng2::3	Right to valid professional opinion	Protection from providing unverified testimony	Protection from judicial torture	False	Protection from corporal punishment	The verbatim refers to slaves being 'convicted' or used for evidence 'when these were put to the torture'.
tlg0014.tlg052.perseus-eng2::4	Political power	Right to issue binding awards	Eligibility for public office	False	Eligibility for public office	The verbatim refers to the 'arbitrator, who had been designated according to the laws' and his required oath of office.
tlg0014.tlg053.perseus-eng2::0	Right to a legal trial	Right to indict on own behalf	Right to a trial	False	Right to a legal trial	The verbatim refers to the 'right ever again to indict anyone', which is the right to initiate legal proceedings (standing).
tlg0014.tlg053.perseus-eng2::1	Right to retain property	Right to share of confiscated property	Retaining one's own earnings	False	Right to retain own earnings	The verbatim discusses the three-fourths share of confiscated property given by law to the private informer.
tlg0014.tlg053.perseus-eng2::2	Protection from enslavement	Right to personal liberty	Personal liberty	False	Protection from enslavement	The verbatim discusses being the 'property of the ransomer', which is the loss of personal liberty/status as a free person.
tlg0014.tlg053.perseus-eng2::3	Protection from corporal punishment	Protection from torture during legal proceedings	Protection from judicial torture	False	Protection from corporal punishment	The verbatim discusses 'examination by the torture' of slaves in a legal suit.
tlg0014.tlg053.perseus-eng2::4	Right to retain property	Right to retain property	Protection from property seizure	False	Right to retain property	The verbatim refers to the law enacting that an 'estate shall be confiscated' by the state.
tlg0014.tlg054.perseus-eng2::0	Right to a legal trial	Right to bring a private suit for battery	Right to a trial	False	Right to a legal trial	The verbatim refers to the 'actions for battery' and the right to seek 'legal redress' instead of private violence.
tlg0014.tlg054.perseus-eng2::1	Protection from corporal punishment	Protection from physical torture during legal inquiry	Protection from judicial torture	False	Protection from corporal punishment	The verbatim refers specifically to a challenge for 'inquiry by the torture' of slaves regarding an assault.
tlg0014.tlg054.perseus-eng2::2	Exemption from compulsory public financing	Freedom from compulsory public financing	Exemption from liturgies	False	Exemption from compulsory public financing	The verbatim refers to serving as 'trierarchs', which was a major liturgy (compulsory public financing).
tlg0014.tlg054.perseus-eng2::3	Eligibility for public office	Right to serve on a jury	Eligibility for jury service	False	Eligibility for public office	The verbatim addresses the 'men of the jury', a specific public office/duty in the Athenian system.
tlg0014.tlg054.perseus-eng2::4	Right to a legal trial	Right to bring public indictments	Right to a trial	False	Right to a legal trial	The verbatim refers to the 'public indictment' (graphe) as a legal mechanism for addressing assault.
tlg0014.tlg060.perseus-eng2::0	Right to burial	Public funeral rites	Right to a public funeral	False	Right to burial	The text explicitly states the State decreed a 'public funeral' for those brave men in the war.
tlg0014.tlg060.perseus-eng2::4	Access to public honors	Public upbringing and honor	Access to public subsidies	False	Access to public honors	Refers to children being 'reared in honor' and parents enjoying 'tender care', describing state-funded maintenance.
tlg0014.tlg060.perseus-eng2::5	Access to religious rites	Right to state-funded sacrifices	Participation in sacred rites	False	Access to religious rites	The verbatim specifies the deceased are 'deserving of sacrifices and games' provided by the State.
tlg0014.tlg061.perseus-eng2::1	Access to the gymnasium	Right to participate in general athletics	Access to physical training	False	Access to the gymnasium	The text distinguishes which 'sports' and 'dismounting' are open to citizens versus slaves and aliens.
tlg0017.tlg002.perseus-eng2::0	Right to a dowry	Right to receive a dowry	Right to a dowry	False	Right to a dowry	Describes the act of 'giving her a dowry' of twenty minae upon marriage.
tlg0017.tlg002.perseus-eng2::1	Right to retain property	Right to retain dowry upon divorce	Owning and retaining property	False	Right to retain property	Focuses on the husband handing over the dowry and personal effects upon the dissolution of the arrangement.
tlg0017.tlg002.perseus-eng2::2	Right to adopt	Right to adopt a son	Right to adoption	False	Right to adopt	Laws ordaining that a man can dispose of property or find comfort by 'adopting whomsoever they wished'.
tlg0017.tlg002.perseus-eng2::3	Right to adopt	Right to adopt a son	Right to adoption	False	Right to adopt	Discusses the legal competence ('sound in body and mind') required to exercise the right to adopt.
tlg0017.tlg002.perseus-eng2::4	Right to citizenship	Right to religious and civic enrollment	Enrollment in civic sub-units	False	Right to citizenship	Describes being 'enrolled me among the demesmen' and other confraternities as part of adoption/citizenship.
tlg0017.tlg002.perseus-eng2::5	Right to adopt	Right to adopt a son	Right to adoption	False	Right to adopt	Refers to 'laws which permit those who are childless to adopt sons'.
tlg0017.tlg002.perseus-eng2::6	Right to inherit property	Right to inherit property	Inheriting property	False	Right to inherit property	Concerned with the 'right of succession' and whether the opponent can 'deprive me of my father's estate'.
tlg0017.tlg002.perseus-eng2::7	Eligibility for public office	Eligibility for the gymnasiarchy	Eligibility for public office	False	Eligibility for public office	Refers to acting as 'gymnasiarch', a specific local liturgical office or duty.
tlg0017.tlg002.perseus-eng2::8	Political power	Right to serve in tribe and deme	Enrollment in civic sub-units	False	Right to citizenship	The resource is the right to be 'served in his tribe and deme' as a member of those units.
tlg0017.tlg008.perseus-eng2::0	Right to inherit property	Precedence in estate claims	Inheriting property	False	Right to inherit property	The law 'ordains that the descendants of males have precedence' in inheritance claims.
tlg0017.tlg008.perseus-eng2::1	Right to a dowry	Right to a marriage dowry	Right to a dowry	False	Right to a dowry	Verbatim mentions giving daughters in marriage 'with a dowry'.
tlg0017.tlg008.perseus-eng2::2	Protection from corporal punishment	Protection from torture during legal proceedings	Protection from judicial torture	False	Protection from corporal punishment	Explicitly refers to 'evidence given under torture' and 'slaves to be put to the question'.
tlg0017.tlg008.perseus-eng2::5	Right to inherit property	Right to inherit property directly	Inheriting property	False	Right to inherit property	Discusses the 'right of succession' of lineal descendants versus collateral kinsmen.
tlg0017.tlg008.perseus-eng2::6	Right to retain own earnings	Freedom from compulsory support of ancestors	Support of ancestors	True	Exemption from manual labor	The law 'enjoins us to support our parents', a specific family/legal obligation.
tlg0017.tlg008.perseus-eng2::7	Right to citizenship	Right to civic rights	Right to citizenship	False	Right to citizenship	Mentions that without an Athenian mother, children 'did not enjoy civic rights'.
tlg0017.tlg012.perseus-eng2::0	Right to a legal trial	Right to appeal to the court	Right to a trial	False	Right to a legal trial	The verbatim specifies the 'right to appeal to the court' when rejected from a community group.
tlg0017.tlg012.perseus-eng2::1	Protection from enslavement	Protection from enslavement	Personal liberty	False	Protection from enslavement	The text describes being 'sold as slaves' as a penalty, indicating a loss of personal liberty.
tlg0017.tlg012.perseus-eng2::2	Right to retain property	Right to retain property	Protection from property seizure	False	Right to retain property	The verbatim mentions 'property confiscated' as a specific legal consequence.
tlg0017.tlg012.perseus-eng2::4	Right to citizenship	Eligibility for ward enrollment	Enrollment in civic sub-units	False	Right to citizenship	The source refers to being 'introduced to the members of his ward' (phratry/deme enrollment).
tlg0019.tlg008.perseus-eng1::9	Right to address the assembly	Right to speak frankly in assembly	Speaking in the assembly	False	Right to address the assembly	The resource is the 'right to speak frankly' (parrhesia) at a specific gathering/assembly.
tlg0019.tlg008.perseus-eng1::10	Protection from legal prosecution	Protection from magisterial intervention	Immunity from prosecution	False	Protection from legal prosecution	The text discusses reporting a matter to the 'magistrates, the Prytanes' for legal intervention.
tlg0019.tlg008.perseus-eng1::11	Right to freedom of movement	Freedom of movement	Freedom of movement	False	Right to freedom of movement	The verbatim lists 'forbid us to go out' and 'your wife goes out' as movement restrictions.
tlg0019.tlg008.perseus-eng1::12	Eligibility for public office	Eligibility for the Senate	Eligibility for the council	False	Eligibility for public office	The text specifically mentions the 'Senators' (the Council or Boule).
tlg0019.tlg008.perseus-eng1::16	Political power	Political power	Deliberative authority	False	Political power	Refers to the Prytanes, the executive committee with deliberative and administrative authority.
tlg0019.tlg008.perseus-eng1::17	Access to religious rites	Right to hold religious festivals	Participation in sacred rites	False	Access to religious rites	Refers to 'sacred orgies' and 'festivals' in a 'sacred grove' reserved for certain people.
tlg0019.tlg008.perseus-eng1::19	Political power	Right to exercise physical restraint	Protection from arbitrary arrest	False	Right to a legal trial	Describes being 'heavily loaded with fetters' and watched by a guard (Scythian archer).
tlg0019.tlg008.perseus-eng1::21	Right to retain own earnings	Right to perform professional weaving	Right to engage in business	False	Right to retain own earnings	Refers to the work of the 'weaver' and tools used for production/labor.
tlg0019.tlg008.perseus-eng1::22	Exemption from compulsory public financing	Exemption from trierarchies	Exemption from liturgies	False	Exemption from compulsory public financing	The verbatim names 'trierarchs' whose duty was to 'maintain the galleys'.
tlg0019.tlg008.perseus-eng1::23	Eligibility for public office	Right to serve as police officers	Eligibility for public office	False	Eligibility for public office	Refers to 'police officers' or 'archers' as a specific public service role.
tlg0019.tlg011.perseus-eng1::1	Protection from corporal punishment	Protection from corporal punishment	Protection from private assault	False	Protection from corporal punishment	The verbatim mentions getting a 'sounder thrashing' from a master/private individual.
tlg0019.tlg011.perseus-eng1::2	Right to vote in the Ekklesia	Right to vote in the Assembly	Voting in the assembly	False	Right to vote in the Ekklesia	The verbatim specifically refers to 'citizens to the Assembly'.
tlg0019.tlg011.perseus-eng1::3	Exemption from compulsory public financing	Freedom from compulsory public financing	Exemption from liturgies	False	Exemption from compulsory public financing	Identifies the duty to 'equip the triremes' (the trierarchy liturgy).
tlg0019.tlg011.perseus-eng1::4	Right to remuneration for office	Right to attendance fee	Pay for assembly or jury service	False	Right to remuneration for office	Specifically mentions 'three obols' received for attending the 'Assembly'.
tlg0019.tlg011.perseus-eng1::6	Protection from capital punishment	Right to legal clemency	Right to a trial	False	Right to a legal trial	Describes the act of 'seating himself at the foot of the tribunal' as a legal supplicant.
tlg0019.tlg011.perseus-eng1::7	Protection from corporal punishment	Protection from corporal punishment	Protection from penal corporal punishment	False	Protection from corporal punishment	Refers to physical restraint/punishment via 'shackles and wedges'.
tlg0019.tlg011.perseus-eng1::8	Exemption from manual labor	Protection from hard labor	Exemption from manual or agricultural labor	False	Exemption from manual labor	The verbatim 'trades... plied by our slaves' identifies the resource as exemption from manual labor.
tlg0019.tlg011.perseus-eng1::12	Right to a legal trial	Right to act as prosecutor	Right to a trial	False	Right to a legal trial	The verbatim refers to being the 'prosecutor before the dicasts', which concerns legal standing and the right to initiated a trial.
tlg0019.tlg011.perseus-eng1::13	Protection from corporal punishment	Protection from corporal torture	Protection from judicial torture	False	Protection from corporal punishment	The verbatim describes 'torture of the wheel shall force the confession', which is judicial torture/interrogation.
tlg0019.tlg011.perseus-eng1::14	Eligibility for public office	Right to superintend public business	Eligibility for public office	False	Eligibility for public office	The verbatim discusses the right to 'superintend public... business' and 'country's service', indicating generic public office.
tlg0019.tlg011.perseus-eng1::15	Right to remuneration for office	Access to multiple paid tribunals	Pay for assembly or jury service	False	Right to remuneration for office	The verbatim mentions jurymen 'earning your bread' and being 'entered for many tribunals' for pay.
tlg0019.tlg011.perseus-eng1::16	Access to religious rites	Right to share in sacrificial offerings	Participation in sacred rites	False	Access to religious rites	The verbatim refers to the priest's 'share of those offerings' and joining 'at the feast' during sacrifices.
tlg0019.tlg011.perseus-eng1::17	Protection from corporal punishment	Exemption from master's corporal punishment	Protection from private assault	False	Protection from corporal punishment	The verbatim concerns a slave sharing 'blows' from a master, which falls under protection from private corporal punishment.
tlg0019.tlg011.perseus-eng1::18	Eligibility for public office	Right to act as a juryman	Eligibility for jury service	False	Eligibility for public office	The verbatim describes citizens 'appointed to act as dicasts, or jurymen'.
tlg0019.tlg011.perseus-eng1::19	Exemption from military service	Exemption from military service	Exemption from military service	False	Exemption from military service	The verbatim explicitly states 'merchants... were absolved from military service'.
tlg0019.tlg011.perseus-eng1::20	Right to a legal trial	Right to prosecute state wrongs	Right to a trial	False	Right to a legal trial	The verbatim discusses 'the right' to 'prosecute' in disputes or wrongs against the state.
tlg0019.tlg011.perseus-eng1::23	Right to retain own earnings	Right to retain own earnings	Retaining one's own earnings	False	Right to retain own earnings	The mention of 'Taxes on slaves' implies the slave's capacity to hold property or earnings that are taxable.
tlg0019.tlg011.perseus-eng1::26	Exemption from military service	Exemption from military service	Exemption from military service	False	Exemption from military service	The verbatim text explicitly lists 'Merchants, exemption of' from 'Military service'.
tlg0019.tlg011.perseus-eng1::27	Right to remuneration for office	Access to public fees	Pay for assembly or jury service	False	Right to remuneration for office	The verbatim lists 'Heliasts... daily salary' and 'Jurymen, fees'.
tlg0026.tlg001.perseus-eng2::1	Exemption from legal audit	Exemption from paternal support obligations	Exemption from legal audit	False	Exemption from legal audit	The verbatim 'frees a son... from all obligation to support' describes an exemption from a legally mandated civic/family duty.
tlg0026.tlg001.perseus-eng2::2	Protection from corporal punishment	Protection from physical outrage	Protection from private assault	False	Protection from corporal punishment	The verbatim cites a 'law against outrage' (hubris) protecting 'free or slave' from abuse of their persons.
tlg0026.tlg001.perseus-eng2::3	Eligibility for public office	Eligibility for the archonship	Eligibility for the archonship	False	Eligibility for public office	The verbatim explicitly mentions becoming 'one of the nine archons'.
tlg0026.tlg001.perseus-eng2::4	Right to address the assembly	Right to address the assembly	Speaking in the assembly	False	Right to address the assembly	The verbatim prohibits one to 'ever address senate or assembly'.
tlg0026.tlg001.perseus-eng2::5	Eligibility for public office	Eligibility for diplomatic office	Eligibility for public office	False	Eligibility for public office	The verbatim refers to holding 'any office whatsoever' and specifically 'herald or an ambassador'.
tlg0026.tlg001.perseus-eng2::6	Right to speak first in assembly	Precedence in public speech	Speaking in the assembly	False	Right to address the assembly	The verbatim refers to the right of specific groups (elders) who 'address the assembly' first.
tlg0026.tlg001.perseus-eng2::7	Right to address the assembly	Right to address the assembly	Speaking in the assembly	False	Right to address the assembly	The verbatim states the law 'forbids to speak' to those who fail to support parents.
tlg0026.tlg001.perseus-eng2::8	Right to address the assembly	Right to address the assembly	Speaking in the assembly	False	Right to address the assembly	"The verbatim refers to the ""right to advise"" the state as a speaker requirement linked to military service."
tlg0026.tlg001.perseus-eng2::9	Right to address the assembly	Right to address the assembly	Speaking in the assembly	False	Right to address the assembly	The rule excludes men who have prostituted themselves from the assembly platform.
tlg0026.tlg001.perseus-eng2::10	Right to address the assembly	Right to address the assembly	Speaking in the assembly	False	Right to address the assembly	"Mentions excluding men who squandered patrimony from handling the ""affairs of the city"" via the platform."
tlg0026.tlg001.perseus-eng2::11	Protection from legal prosecution	Protection from legal challenge	Immunity from prosecution	False	Protection from legal prosecution	"Source describes a legal challenge (""suit of scrutiny"") triggered by illegal speaking in the assembly."
tlg0026.tlg001.perseus-eng2::12	Right to address the assembly	Right to address the assembly	Speaking in the assembly	False	Right to address the assembly	"Specifies that the invitation ""Who wishes to address the assembly?"" includes even low-status tradesmen."
tlg0026.tlg001.perseus-eng2::14	Right to citizenship	Protection from corruption by foreigners	Personal liberty	False	Protection from enslavement	"Threat of the ""lock-up"" for those who ""corrupted a free youth"" protects the status and liberty of the youth."
tlg0026.tlg001.perseus-eng2::15	Right to a legal trial	Right to bring legal suit	Right to a trial	False	Right to a legal trial	"The verbatim discusses the right of a state slave to ""bring a suit"" and have ""proceedings in court"" through a protector."
tlg0026.tlg001.perseus-eng2::16	Right to own property	Protection from private ownership claims	Personal liberty	False	Protection from enslavement	"The text describes an attempt to ""enslave"" a public slave and the effort to ""secure his freedom."""
tlg0026.tlg001.perseus-eng2::17	Protection from enslavement	Protection from enslavement	Personal liberty	False	Protection from enslavement	"Relates to a suit regarding ""enslavement"" and the securing of ""freedom."""
tlg0026.tlg001.perseus-eng2::18	Right to retain own earnings	Right to engage in sex work	Right to engage in business	False	Right to retain own earnings	"Discusses legal penalties for those who ""let himself out for hire"" for sex work."
tlg0026.tlg001.perseus-eng2::19	Right to address the assembly	Right to speak before the assembly	Speaking in the assembly	False	Right to address the assembly	"Explicitly mentions the charge of ""breaking the laws by speaking before the assembly."""
tlg0026.tlg001.perseus-eng2::21	Protection from capital punishment	Protection from capital punishment	Protection from capital punishment	False	Protection from capital punishment	"The verbatim notes that the accused were ""punished with death"" for bribery in the assembly."
tlg0026.tlg001.perseus-eng2::22	Right to remuneration for office	State-funded disability allowance	Resident allowance for the poor	False	Right to remuneration for office	"Describes a law for persons with little property to receive ""two obols each per day for their support."""
tlg0026.tlg001.perseus-eng2::23	Right to inherit property	Right to control inherited property	Owning and retaining property	False	Right to retain property	"Mentions a citizen coming into ""control of the estate"" or household property."
tlg0026.tlg001.perseus-eng2::24	Right to retain own earnings	Right to conduct business independently	Retaining one's own earnings	False	Right to retain own earnings	"Describes slaves who ""paid a fee"" to masters and could ""do business for themselves."""
tlg0026.tlg001.perseus-eng2::25	Exemption from compulsory public financing	Exemption from public service financing	Exemption from liturgies	False	Exemption from compulsory public financing	"Discusses ""special honorable services"" like being a trierarch or choregus, and avoiding these liabilities."
tlg0026.tlg001.perseus-eng2::26	Exemption from legal audit	Accountability of public officials	right to audit magistrates	True	Political power	"The text describes a ""rigorous system of accounting"" and audit (Logistai) for all public officers."
tlg0026.tlg001.perseus-eng2::29	Protection from capital punishment	Protection from capital punishment	Protection from capital punishment	False	Protection from capital punishment	"Mentions that laws command thieves who admit guilt ""shall be punished with death."""
tlg0026.tlg001.perseus-eng2::30	Right to citizenship	Right to retain citizenship status	Right to citizenship	False	Right to citizenship	"Concerns the attempt to ""disfranchise"" a citizen by claiming they were a former slave."
tlg0026.tlg001.perseus-eng2::32	Right to address the assembly	Right to address the assembly	Speaking in the assembly	False	Right to address the assembly	"Explicitly mentions the goal to ""deprive him of the right to address the people in assembly."""
tlg0026.tlg001.perseus-eng2::34	Right to bodily autonomy	Right to pursue romantic relationships	Freedom of choice in marriage	False	Right to bodily autonomy	The verbatim discusses being a 'lover of a free boy', restricted by law for slaves.
tlg0026.tlg001.perseus-eng2::35	Right to address the assembly	Right to address the assembly	Speaking in the assembly	False	Right to address the assembly	The verbatim refers to a man who 'addresses the people' despite his character/patrimony.
tlg0026.tlg001.perseus-eng2::36	Political power	Right to participate in public affairs	Eligibility for public office	False	Eligibility for public office	The verbatim commands that the man 'shall take no part in public affairs' or 'citizen’s privileges'.
tlg0026.tlg001.perseus-eng2::37	Protection from enslavement	Protection from being hired for prostitution	Protection from private assault	False	Protection from corporal punishment	Hiring an Athenian for prostitution is treated as a 'wanton outrage' (hubris), a form of assault.
tlg0026.tlg001.perseus-eng2::38	Protection from legal prosecution	Administrative protection of estate and person	Right to a trial	False	Right to a legal trial	Specifies the archon's duty to legally 'protect orphans' and uphold laws of 'chastity'.
tlg0026.tlg001.perseus-eng2::39	Access to religious rites	Right to enter the market-place and wear garlands	Access to the Agora	False	Right to reside in the city	Verbatim asks 'do you thrust yourself into the market-place [agora]' and 'put on a garland'.
tlg0026.tlg001.perseus-eng2::40	Eligibility for public office	Eligibility for the archonship	Eligibility for the council	False	Eligibility for public office	The 'Council of Elders' (Gerousia) is the specific body mentioned.
tlg0026.tlg001.perseus-eng2::41	Access to religious rites	Right to attend public sacrifices	Participation in sacred rites	False	Access to religious rites	Prohibits an adulteress from attending 'public sacrifices'.
tlg0026.tlg001.perseus-eng2::42	Protection from capital punishment	Protection from capital punishment	Protection from capital punishment	False	Protection from capital punishment	Mentions procurers being 'punished with death' via indictment.
tlg0026.tlg001.perseus-eng2::43	Right to retain property	Right to retain property	Owning and retaining property	False	Right to retain property	Focuses on those who 'squandered their patrimony' (inheritance) through extravagance.
tlg0026.tlg001.perseus-eng2::44	Eligibility for public office	Eligibility for the archonship	Eligibility for priesthood	True	Eligibility for public office	Verbatim explicitly mentions being a 'candidate for election by lot for the priesthood'.
tlg0026.tlg003.perseus-eng2::2	Exemption from legal audit	Exemption from legal audit	Exemption from legal audit	False	Exemption from legal audit	States that 'no man is free from the audit' who held a public trust.
tlg0026.tlg003.perseus-eng2::3	Exemption from legal audit	Exemption from legal audit	Exemption from legal audit	False	Exemption from legal audit	The law 'directs that priests and priestesses be subject to audit'.
tlg0026.tlg003.perseus-eng2::6	Right to freedom of movement	Right to leave the country	Freedom of movement	False	Right to freedom of movement	The officer 'shall not leave the country' until submitting accounts.
tlg0026.tlg003.perseus-eng2::7	Right to dispose of property	Right to dispose of property	Disposing of property by will	False	Right to dispose of property	Verbatim explicitly lists the right to 'dispose of his property by will'.
tlg0026.tlg003.perseus-eng2::9	Protection from enslavement	Public manumission in the theater	Personal liberty	False	Protection from enslavement	Refers to the 'manumission [freeing] of a slave' in a public setting.
tlg0026.tlg003.perseus-eng2::11	Right to address the assembly	Right to address the assembly	Speaking in the assembly	False	Right to address the assembly	Describes Callias and Demosthenes 'coming forward in your assembly' to repeat a speech.
tlg0026.tlg003.perseus-eng2::12	Right to vote in the Ekklesia	Right to elect ambassadors	Election of magistrates	False	Right to vote in the Ekklesia	Discusses the assembly's motion to 'choose ambassadors' (officials).
tlg0026.tlg003.perseus-eng2::13	Right to vote in the Ekklesia	Right to vote on public decrees	Voting in the assembly	False	Right to vote in the Ekklesia	States 'everything is done there by popular vote' and cites a 'decree of the people'.
tlg0026.tlg003.perseus-eng2::15	Eligibility for public office	Eligibility for the archonship	Election of magistrates	False	Right to vote in the Ekklesia	Mentions that 'you elected Meidias... and Thrasycles' as pylagori.
tlg0026.tlg003.perseus-eng2::16	Political power	Political power over the Amphictyonic Council	Deliberative authority	False	Political power	The verbatim refers to the privilege of taking part in 'debates' and having the 'vote of the state' cast in a council.
tlg0026.tlg003.perseus-eng2::17	Exemption from manual labor	Exemption from compulsory public labor	Exemption from manual or agricultural labor	False	Exemption from manual labor	The rule describes a call for men to come with 'shovels and mattocks' for compulsory labor under threat of being 'debarred from the shrine'.
tlg0026.tlg003.perseus-eng2::19	Right to citizenship	Right to citizenship	Right to citizenship	False	Right to citizenship	The verbatim discusses inheriting enmity and being a 'Greek-tongued barbarian' by blood, implying requirements for citizen status.
tlg0026.tlg003.perseus-eng2::21	Right to bear arms	Public maintenance and armor	Possession of arms	False	Right to bear arms	The text describes war orphans being 'clad thus in full armour' provided by the state upon coming of age.
tlg0026.tlg003.perseus-eng2::24	Right to reside in the city	Access to the Agora	Access to the Agora	False	Right to reside in the city	The verbatim explicitly states that cowards are 'excluded by the lawgiver from the purified precincts of the Agora'.
tlg0026.tlg003.perseus-eng2::25	Access to public honors	Eligibility for crowning	Eligibility for public honors	False	Access to public honors	The text specifies that the excluded person 'may not be crowned', which is a formal public honor.
tlg0026.tlg003.perseus-eng2::26	Access to religious rites	Participation in sacred rites	Participation in sacred rites	False	Access to religious rites	The text states the individual may not 'take part in the sacred rites of the people'.
tlg0026.tlg003.perseus-eng2::27	Access to religious rites	Access to the orchestra	Access to sacred spaces	False	Access to religious rites	The verbatim mentions the right to enter the 'orchestra at the time of the tragedies' and the 'shrine of Dionysus'.
tlg0026.tlg003.perseus-eng2::29	Access to public honors	Eligibility for public honors	Eligibility for public honors	False	Access to public honors	The rule concerns laws which 'forbid crowning men' who have not yet passed their financial audit.
tlg0026.tlg003.perseus-eng2::31	Right to address the assembly	Right to address the assembly	Speaking in the assembly	False	Right to address the assembly	The text states that in a democracy 'he speaks who chooses' and 'addresses the people'.
tlg0026.tlg003.perseus-eng2::32	Exemption from taxes	Protection from disproportionate taxation	Exemption from liturgies	False	Exemption from compulsory public financing	The verbatim mentions 'trierarchic' naval contributions and being 'Commissioner of the Navy', which are specific liturgies.
tlg0026.tlg003.perseus-eng2::33	Right to citizenship	Right to retain citizenship	Right to citizenship	False	Right to citizenship	The text explicitly mentions how the state 'disfranchise those who are convicted of receiving bribes'.
tlg0026.tlg003.perseus-eng2::34	Protection from capital punishment	Protection from execution	Protection from capital punishment	False	Protection from capital punishment	The verbatim describes individuals 'punished with death' by the Areopagus for treason or cowardice.
tlg0027.tlg002.perseus-eng2::0	Right to citizenship	Common benefits of the state	Right to citizenship	False	Right to citizenship	The text refers to the state being 'common to all who enjoy civic rights'.
tlg0027.tlg002.perseus-eng2::1	Protection from capital punishment	Protection from summary execution	Protection from execution without trial	False	Protection from capital punishment	The speaker mentions laying hold of sacred emblems (supplication) to save his 'life' when men were 'desirous of putting to death'.
tlg0027.tlg002.perseus-eng2::2	Protection from public libel	Protection from public censure	Exemption from legal audit	False	Exemption from legal audit	The verbatim describes a group 'liable to be called to account and censured' (the euthuna process).
tlg0027.tlg002.perseus-eng2::3	Right to citizenship	Right to civic rights	Right to citizenship	False	Right to citizenship	The text explicitly refers to 'bestowing civic rights' upon slaves and foreigners as a gift for service.
tlg0027.tlg002.perseus-eng2::4	Political power	Right to grant legal pardon	Immunity from prosecution	False	Protection from legal prosecution	The 'pardon' mentioned refers to a legal immunity or release from penalty previously granted by the citizens.
tlg0027.tlg004.perseus-eng2::0	Right to a legal trial	Protection from imprisonment without trial	Right to a trial	False	Right to a legal trial	The oath mentioned swears to 'exile no one, to imprison no one, to put no one to death, without trial'.
tlg0027.tlg004.perseus-eng2::1	Protection from arbitrary banishment	Protection from ten-year exile	Protection from arbitrary banishment	False	Protection from arbitrary banishment	The text describes the 'person ostracized' as being 'cut off from his country' for ten years without a trial.
tlg0027.tlg004.perseus-eng2::2	Right to bodily autonomy	Right to initiate divorce	Freedom of choice in marriage	False	Right to bodily autonomy	The verbatim refers to the legal entitlement to 'divorce him.'
tlg0027.tlg004.perseus-eng2::3	Protection from corporal punishment	Protection from arbitrary imprisonment	Protection from arbitrary arrest	False	Right to a legal trial	The text specifies that 'no free man shall be imprisoned or placed in durance.'
tlg0027.tlg004.perseus-eng2::4	Protection from legal prosecution	Protection from failed prosecution costs	Immunity from prosecution	False	Protection from legal prosecution	Refers to a fine for anyone who 'fails to gain one-fifth of the votes' in an arrest/prosecution.
tlg0027.tlg004.perseus-eng2::5	Right to a legal trial	Protection from re-trial on same charges	Right to a trial	False	Right to a legal trial	Verbatim cites laws forbidding the 'same charge to be brought twice against the same defendant.'
tlg0027.tlg004.perseus-eng2::8	Exemption from compulsory public financing	Exemption from compulsory public financing	Exemption from liturgies	False	Exemption from compulsory public financing	Discusses being 'subjected to' the role of 'Choregus,' which is a liturgy.
tlg0027.tlg004.perseus-eng2::10	Right to reside in the city	Right to reside in the city	Protection from arbitrary banishment	False	Protection from arbitrary banishment	Describes the act of 'ostracizing' individuals as a form of state punishment.
tlg0027.tlg004.perseus-eng2::11	Right to retain own earnings	Right to retain own earnings	Retaining one's own earnings	False	Right to retain own earnings	Expenditure is met 'not from monies belonging to the state, but from my own pocket.'
tlg0028.tlg003.perseus-eng2::0	Access to religious rites	Right to enter sacred or public places	Access to sacred spaces	False	Access to religious rites	The law forbids the slayer 'to set foot where he is forbidden to set foot' (sacred/public sites).
tlg0028.tlg003.perseus-eng2::1	Protection from legal prosecution	Protection from legal penalties	Immunity from prosecution	False	Protection from legal prosecution	Discusses whether one should 'suffer punishment' for killing without meaning to.
tlg0030.tlg003.perseus-eng2::0	Right to retain property	Right to be returned if defective	Owning and retaining property	False	Right to retain property	The verbatim mentions the right to return a 'slave in question' to the vendor if a disability was not declared.
tlg0030.tlg003.perseus-eng2::2	Right to dispose of property	Right to bequeath property	Disposing of property by will	False	Right to dispose of property	Verbatim mentions the law 'allows a man to bequeath his property as he wishes' via 'wills.'
tlg0030.tlg003.perseus-eng2::3	Protection from legal prosecution	Protection from legal liability	Immunity from prosecution	False	Protection from legal prosecution	Discusses whether crimes of a slave are the 'responsibility of the master.'
tlg0030.tlg003.perseus-eng2::4	Right to freedom of movement	Freedom of movement during war	Freedom of movement	False	Right to freedom of movement	Verbatim cites a law which 'forbids metics to move in war time.'
tlg0032.tlg009.perseus-eng2::1	Exemption from military service	Exemption from personal military service	Exemption from military service	False	Exemption from military service	Directly states that providers of horses/arms shall be 'exempt from personal service.'
tlg0032.tlg009.perseus-eng2::2	Right to a legal trial	Protection from criminal punishment	Right to a trial	False	Right to a legal trial	Discusses not punishing 'prisoners as criminals' and providing them refuge/protection.
tlg0032.tlg009.perseus-eng2::4	Protection from corporal punishment	Protection from physical harm	Protection from private assault	False	Protection from corporal punishment	Refers to 'suppliants of the gods' being suffered to go 'whithersoever they wished' without 'violence.'
tlg0059.tlg006.perseus-eng2::1	Access to the gymnasium	Access to the gymnasium	Access to physical training	False	Access to the gymnasium	Mentions youth 'anointing themselves' and 'exercising' in a 'gymnasium.'
tlg0059.tlg006.perseus-eng2::2	Right to inherit property	Right to inherit property directly	Inheriting property	False	Right to inherit property	Mentions a son of a man who 'left a very large property' which was later 'squandered by trustees.'
tlg0059.tlg006.perseus-eng2::3	Right to retain own earnings	Right to practice midwifery	Right to engage in business	False	Right to retain own earnings	Uses the word 'office' and 'art' for the practice of midwifery by older women.
tlg0059.tlg006.perseus-eng2::6	Access to the gymnasium	Access to physical training	Access to physical training	False	Access to the gymnasium	Discusses preserving the body through 'gymnastic exercises and motions.'
tlg0059.tlg006.perseus-eng2::7	Protection from capital punishment	Right to be reared	Protection from capital punishment	False	Protection from capital punishment	The father's decision to 'bring up the child or to expose it' concerns the survival/death of the infant.
tlg0059.tlg006.perseus-eng2::8	Protection from capital punishment	Right to be reared	Protection from capital punishment	False	Protection from capital punishment	The mention of whether an offspring should be 'cared for and not put away' or 'exposed' relates to the right to life.
tlg0059.tlg006.perseus-eng2::15	Right to free speech	Right to unlimited speech	Testifying in court	False	Right to valid professional opinion	Refers to litigants in a suit restricted by the 'water-clock' and the 'brief' (affidavit) from which no deviation is allowed.
tlg0059.tlg006.perseus-eng2::23	Right to valid professional opinion	Right to valid professional opinion	Testifying in court	False	Right to valid professional opinion	Describes arguments 'persuasive in court' and the ability to give a professional opinion for a fee.
tlg0059.tlg006.perseus-eng2::27	Right to retain property	Right to control possessions	Owning and retaining property	False	Right to retain property	The verbatim discusses a man who 'bought a cloak' and had it under his 'control' or 'possessed' it.
tlg0059.tlg006.perseus-eng2::28	Right to address the assembly	Permission to influence through persuasion	Speaking in the assembly	False	Right to address the assembly	Refers to the 'profession of those who are... called orators' and their power to 'persuade men'.
tlg0059.tlg006.perseus-eng2::29	Eligibility for public office	Right to judge without eyewitness knowledge	Eligibility for jury service	False	Eligibility for public office	Refers to 'judges' (dikastai) being persuaded and passing 'judgement' based on evidence or hearsay.
tlg0059.tlg010.perseus-eng2::11	Right to bodily autonomy	Intensity of physical pleasure	Personal liberty	True	Protection from enslavement	Describes the intensity of 'bodily sufferings' and physical 'pleasure' in a diseased versus healthy state.
tlg0059.tlg010.perseus-eng2::14	Protection from public libel	Exemption from being considered ridiculous	Protection from slander	False	Protection from public libel	Discusses those who are 'laughed at' and whether such ignorance is considered 'ridiculous' or 'infamous'.
tlg0059.tlg010.perseus-eng2::15	Right to professional judgement	Access to exact knowledge	Testifying in court	False	Right to valid professional opinion	Contrasts the 'arithmetic of the people' with that of 'philosophers' regarding accuracy in truth and measures.
tlg0059.tlg010.perseus-eng2::17	Right to professional judgement	Methodological certainty	Testifying in court	False	Right to valid professional opinion	Discusses degrees of 'certainty' and 'guesswork' in professional arts like medicine and generalship.
tlg0059.tlg011.perseus-eng2::3	Right to bodily autonomy	Protection from pursuit by popular lovers	Protection from private assault	False	Protection from corporal punishment	Refers to a rule to 'refrain from loving our freeborn women,' implying protection from unsolicited advances/outrage.
tlg0059.tlg011.perseus-eng2::6	Right to freedom of movement	Freedom of movement and conversation	Freedom of movement	False	Right to freedom of movement	Fathers put tutors in charge of boys to 'prevent them from conversing with their lovers,' a restriction on movement/association.
tlg0059.tlg011.perseus-eng2::8	Eligibility for public office	Eligibility for the archonship	Eligibility for the archonship	False	Eligibility for public office	States that these men alone 'prove in a public career to be men,' identifying access to high office.
tlg0059.tlg011.perseus-eng2::9	Right to a legal trial	Right to enforce voluntary contracts	Right to a trial	False	Right to a legal trial	Agreements 'willingly made are held to be just' by the 'sovereign, the law,' implying judicial recognition of contracts.
tlg0059.tlg011.perseus-eng2::10	Right to bodily autonomy	Freedom from compulsory marriage	Freedom of choice in marriage	False	Right to bodily autonomy	Describes men having 'no natural interest in wiving' but doing so only 'under stress of custom'.
tlg0059.tlg011.perseus-eng2::12	Access to religious rites	Access to divine communication	Participation in sacred rites	False	Access to religious rites	Concerns 'priestcraft concerning sacrifice and ritual' and the 'converse of men with gods'.
tlg0059.tlg011.perseus-eng2::14	Right to bodily autonomy	Capacity to procreate	Personal liberty	True	Protection from enslavement	Discusses the biological 'yearning to beget' and the 'conjunction of man and woman'.
tlg0059.tlg011.perseus-eng2::15	Access to religious rites	Right to public shrines and cult honors	Access to sacred spaces	False	Access to religious rites	Mentions that in the name of legislators like Lycurgus and Solon 'has many a shrine been reared' as an honor.
tlg0059.tlg011.perseus-eng2::17	Access to public honors	Access to educational mentorship	Access to formal education	False	Access to the gymnasium	Describes the 'right method' of ascending from 'beautiful bodies' to 'beautiful learning'.
tlg0059.tlg011.perseus-eng2::19	Protection from corporal punishment	Protection by personal attendant	Personal liberty	False	Protection from enslavement	The verbatim discusses a 'youthful' elite being 'free' and having a 'personal attendant' (servant), implying the status of personal freedom.
tlg0059.tlg011.perseus-eng2::21	Right to free speech	Right to participate in intellectual gatherings	Speaking in the assembly	False	Right to address the assembly	The speaker mentions the intent to 'speak out freely', contrasted with the exclusion of 'domestics' and 'servants'.
tlg0059.tlg011.perseus-eng2::23	Eligibility for public office	Eligibility for the archonship	Eligibility for public honors	False	Access to public honors	Refers specifically to generals awarding the 'prize for valor'.
tlg0059.tlg024.perseus-eng2::0	Political power	Right to govern the city	Deliberative authority	False	Political power	Describes the competence to 'manage the affairs of his city', a core aspect of deliberative/political power.
tlg0059.tlg024.perseus-eng2::1	Right to own property	Right to manage household property	Owning and retaining property	False	Right to retain property	Refers to the duty of 'looking after the property indoors' within a domestic context.
tlg0059.tlg024.perseus-eng2::3	Eligibility for public office	Eligibility for the archonship	Eligibility for public office	False	Eligibility for public office	Explicitly mentions the acquisition of 'state honors and offices' as a good.
tlg0059.tlg024.perseus-eng2::4	Right to a legal trial	Protection from arbitrary arrest	Protection from arbitrary arrest	False	Right to a legal trial	Verbatim warns that a stranger 'would very likely be taken up' (arrested) for his behavior.
tlg0059.tlg024.perseus-eng2::7	Access to the gymnasium	Access to formal academic instruction	Access to formal education	False	Access to the gymnasium	Asks if 'anyone has ever taught him', identifying a slave who was 'born and bred' in the house without education.
tlg0059.tlg024.perseus-eng2::8	Right to retain own earnings	Right to charge a fee	Right to engage in business	False	Right to retain own earnings	Refers to teachers who 'charge a fee for the particular thing they do' as a legitimate activity.
tlg0059.tlg024.perseus-eng2::9	Right to retain own earnings	Right to charge a fee	Right to engage in business	False	Right to retain own earnings	Mentions sophists who 'instruct anyone who chooses in return for fees charged on a fixed scale'.
tlg0059.tlg024.perseus-eng2::10	Eligibility for public office	Eligibility for the highest offices	Eligibility for public office	False	Eligibility for public office	Mentions the people 'choose him for the highest offices'.
tlg0059.tlg024.perseus-eng2::11	Access to the gymnasium	Access to private specialized education	Access to formal education	False	Access to the gymnasium	Discusses a father spending money on 'having his children taught' by finding the right teacher.
tlg0059.tlg024.perseus-eng2::12	Political power	Right to self-determination	Personal liberty	False	Protection from enslavement	The verbatim compares unstable opinions to a 'runaway slave', implying the lack of liberty for the slave.
tlg0059.tlg027.perseus-eng2::0	Access to religious rites	Right to compete in public festivals	Participation in sacred rites	False	Access to religious rites	Refers to honoring a god with a 'contest of rhapsodes' at the Panathenaea festival.
tlg0059.tlg027.perseus-eng2::9	Eligibility for public office	Eligibility for the generalship	Eligibility for military command	False	Eligibility for public office	The verbatim explicitly mentions choosing foreigners as 'general' and investing them with 'high command'.
tlg0059.tlg036.perseus-eng2::3	Protection from public libel	Protection from slanderers and parasites	Protection from slander	False	Protection from public libel	Mentions the evil of 'slanderers' and 'parasites' that breed around wealth and privilege.
tlg0059.tlg036.perseus-eng2::4	Right to retain property	Right to retain property revenues	Retaining one's own earnings	False	Right to retain own earnings	Refers to the 'revenue which was usually paid over to him' during exile.
tlg0059.tlg036.perseus-eng2::5	Exemption from manual labor	Protection from forced labor	Protection from penal corporal punishment	False	Protection from corporal punishment	Concerns the release of a man from 'stone-quarries', a form of state penal labor/detention.
tlg0059.tlg036.perseus-eng2::6	Eligibility for public office	Eligibility for political consultancy	Eligibility for public office	False	Eligibility for public office	Discusses the availability of 'counsellors' for the state, restricted by age/experience.
tlg0059.tlg036.perseus-eng2::7	Right to address the assembly	Right to speak in the demos	Speaking in the assembly	False	Right to address the assembly	Verbatim mentions the power to 'speak before the demos' and 'stood up and made a speech'.
tlg0059.tlg036.perseus-eng2::8	Protection from capital punishment	Protection from execution without trial	Protection from execution without trial	False	Protection from capital punishment	The verbatim describes a citizen being fetched by force to be put to death without mention of a verdict.
tlg0059.tlg036.perseus-eng2::9	Right to a legal trial	Right to trial in law-courts	Right to a trial	False	Right to a legal trial	Explicitly mentions being summoned 'before the law-courts' to answer a charge.
tlg0059.tlg036.perseus-eng2::11	Protection from corporal punishment	Freedom from physical compulsion	Protection from penal corporal punishment	False	Protection from corporal punishment	Discusses using 'compulsion' (physical force or punishment) against a slave versus a free person.
tlg0059.tlg036.perseus-eng2::15	Right to own property	Right to direct property management	Owning and retaining property	False	Right to retain property	Relates to the management and enjoyment of income from one's own property while in exile.
tlg0059.tlg036.perseus-eng2::16	Right to retain own earnings	Right to contracted pay	Retaining one's own earnings	False	Right to retain own earnings	The soldiers processed against an attempt to 'reduce the pay' they were contracted to receive.
tlg0059.tlg036.perseus-eng2::17	Protection from capital punishment	Protection from arbitrary execution	Protection from capital punishment	False	Protection from capital punishment	The ruler 'refrained from killing' the guest despite suspicions of conspiracy.
tlg0059.tlg036.perseus-eng2::18	Right to retain property	Right to retain property income	Owning and retaining property	False	Right to retain property	Explicitly mentions the right of an exile to be 'enjoying the income from his property'.
tlg0059.tlg036.perseus-eng2::26	Right to retain own earnings	Right to retain own earnings	Exemption from liturgies	False	Exemption from compulsory public financing	Discusses the burden of 'furnishing a chorus' (a liturgy) and the lack of friends to help with costs.
tlg0059.tlg036.perseus-eng2::27	Right to a dowry	Right to receive marriage dowry	Right to a dowry	False	Right to a dowry	The text specifies the need to give 'portions' (dowries) to nieces for marriage.
tlg0062.tlg001.perseus-eng2::1	Right to citizenship	Right to hospitable reception	Right of residence	False	Right to reside in the city	Refers to the treatment of 'strangers' and 'visitors' and speeding them on their way with honors.
tlg0062.tlg001.perseus-eng2::3	Access to religious rites	Access to temple revenues	Access to public subsidies	False	Access to public honors	The people of Delphi depend on temple worshippers as their 'revenue' and 'subsistence'.
tlg0062.tlg008.perseus-eng2::0	Access to religious rites	Exemption from religious initiation	Participation in sacred rites	False	Access to religious rites	Concerns the charge of being 'uninitiated in the Eleusinian mysteries' and the choice to join them.
tlg0062.tlg008.perseus-eng2::1	Exemption from compulsory public financing	Exemption from public sacrifice	Participation in sacred rites	False	Access to religious rites	Concerns the charge of 'never having offered sacrifice' to the civic deity.
tlg0062.tlg008.perseus-eng2::4	Right to citizenship	Roman citizenship	Right to citizenship	False	Right to citizenship	Explicitly mentions being honored with 'Roman citizenship'.
tlg0062.tlg011.perseus-eng2::0	Exemption from taxes	Exemption from metic tax	Exemption from taxes	False	Exemption from taxes	The verbatim states the city was 'relieved of taxation'.
tlg0062.tlg011.perseus-eng2::1	Right to retain property	Right to retain property	Owning and retaining property	False	Right to retain property	The trial for 'feeble-mindedness' was an attempt by a son to seize legal control of the father's estate.
tlg0062.tlg015.perseus-eng4::0	Right to citizenship	Right to integrate with male guests	Right to attend public meals	True	Access to public honors	Describes the gendered seating arrangements and access to a shared formal banquet.
tlg0062.tlg015.perseus-eng4::1	Access to public honors	Priority in seating precedence	Eligibility for public honors	False	Access to public honors	Concerns 'etiquette' and 'due precedence' in seating based on priesthood and blood.
tlg0062.tlg015.perseus-eng4::2	Right to a dowry	Eligibility for advantageous marriage alliances	Freedom of choice in marriage	False	Right to bodily autonomy	Discusses being a 'selected bridegroom' based on status and inheritance.
tlg0062.tlg015.perseus-eng4::3	Access to public honors	Priority in seating precedence	Eligibility for public honors	False	Access to public honors	Concerns priority of seating 'in virtue of his years' (seniority).
tlg0062.tlg015.perseus-eng4::4	Right to a legal trial	Right to take legal action for unpaid fees	Right to a trial	False	Right to a legal trial	The speaker mentions the capacity to 'hale my pupils into court' to resolve debt disputes.
tlg0062.tlg015.perseus-eng4::7	Right to bodily autonomy	Protection from sexual assault	Protection from private assault	False	Protection from corporal punishment	Describes 'applying compulsion' to a girl, referring to private physical/sexual violence or outrage.
tlg0062.tlg026.perseus-eng4::0	Eligibility for public office	Right to serve on a jury	Eligibility for jury service	False	Eligibility for public office	Verbatim specifies 'Justice to assign them their juries from the whole body of the Athenians'.
tlg0062.tlg026.perseus-eng4::1	Exemption from taxes	Exemption from taxes	Exemption from taxes	False	Exemption from taxes	The text explicitly mentions the subject 'pays his taxes like any other naturalized foreigner.'
tlg0062.tlg026.perseus-eng4::2	Right to a legal trial	Right of appeal to higher authority	Right to a trial	False	Right to a legal trial	Specifies 'any party doubting the justice of his sentence to have the right of appeal'.
tlg0062.tlg026.perseus-eng4::3	Right to remuneration for office	Right to receive juror pay	Pay for assembly or jury service	False	Right to remuneration for office	Verbatim mentions 'the pay to be sixpence for each case' for the juries.
tlg0062.tlg026.perseus-eng4::6	Right to a legal trial	Right to local trial in Athens	Access to specialized courts	False	Right to a legal trial	Discusses whether 'outsiders' should be tried on 'Areopagus' or 'the other side of the Euphrates'.
tlg0062.tlg026.perseus-eng4::7	Right to vote in the Ekklesia	Right to vote in the Ekklesia	Voting in the assembly	False	Right to vote in the Ekklesia	Address to 'men of Athens' in a trial context implies the civic rights of 'countrymen' in the state.
tlg0062.tlg026.perseus-eng4::8	Eligibility for public office	Eligibility for jury service	Eligibility for jury service	False	Eligibility for public office	Addressing 'Gentlemen' who will 'remain and hear' a case as jurors.
tlg0062.tlg026.perseus-eng4::9	Right to retain property	Right to retain dowry upon divorce	Right to a dowry	False	Right to a dowry	Mentions 'bestowed the rich dowry' and the threat of bringing her into the 'divorce-court'.
tlg0062.tlg026.perseus-eng4::10	Right to remuneration for office	Right to receive jury fees	Pay for assembly or jury service	False	Right to remuneration for office	The verbatim states jurors 'will receive a double fee' for hearing a second case.
tlg0062.tlg030.perseus-eng2::1	Right to retain own earnings	Right to retain earnings from labor	Retaining one's own earnings	False	Right to retain own earnings	Refers to work that enables one to 'make any profit yourself'.
tlg0062.tlg030.perseus-eng2::2	Right to retain own earnings	Right to retain earnings from labor	Retaining one's own earnings	False	Right to retain own earnings	Refers to work that enables one to 'make any profit yourself'.
tlg0062.tlg030.perseus-eng2::4	Protection from corporal punishment	Protection from corporal punishment	Protection from penal corporal punishment	False	Protection from corporal punishment	Mentions study involves 'fear and floggings', contrasting school discipline with voluntary social settings.
tlg0062.tlg030.perseus-eng2::5	Exemption from manual labor	Right to leisure	Exemption from manual or agricultural labor	False	Exemption from manual labor	Contrasts those who 'drudge all the time' with those who 'celebrate thirty holidays a month'.
tlg0062.tlg030.perseus-eng2::8	Exemption from manual labor	Exemption from compulsory military service	Exemption from military service	False	Exemption from military service	Refers to the commander calling 'all those of military age' to the colours.
tlg0062.tlg030.perseus-eng2::10	Protection from legal prosecution	Exemption from legal suits	Immunity from prosecution	False	Protection from legal prosecution	States 'nobody can cite a suit that has been brought against a parasite'.
tlg0062.tlg045.perseus-eng2::1	Access to public honors	Eligibility for public competitions	Eligibility for public honors	False	Access to public honors	Mentions performers being 'held worthy to figure in competitions'.
tlg0062.tlg045.perseus-eng2::5	Protection from legal prosecution	Protection from legal proceedings	Participation in sacred rites	False	Access to religious rites	Discusses the obligation of 'silence about the rites' for those initiated into mysteries.
tlg0062.tlg045.perseus-eng2::10	Right to valid professional opinion	Access to professional certification	Testifying in court	True	Right to valid professional opinion	Refers to prescribed domain of 'learning' and 'knowledge' required for a professional (dancer).
tlg0062.tlg045.perseus-eng2::11	Right to professional judgement	Access to professional legitimacy	Testifying in court	False	Right to valid professional opinion	The verbatim discusses the dancer's professional mastery and stored knowledge as evidence 'to meet every occasion' of performance/presentation.
tlg0062.tlg045.perseus-eng2::13	Access to public honors	Right to perform in public spectacles	Eligibility for public honors	False	Access to public honors	Men of 'first rank' perform in 'public spectacles' with 'greater pride... than in family trees and public services.'
tlg0062.tlg046.perseus-eng2::1	Right to citizenship	Right to personal name	Right to personal name	True	Right to citizenship	Verbatim focuses on initiates being 'nameless' and 'ineffable' after being 'hallowed.'
tlg0062.tlg046.perseus-eng2::2	Protection from corporal punishment	Protection from corporal punishment	Protection from penal corporal punishment	False	Protection from corporal punishment	Describes the 'stripes of the lash' on a goldworker's back, a form of state or master-imposed penal punishment.
tlg0062.tlg046.perseus-eng2::3	Protection from corporal punishment	Protection from corporal restraint	Protection from arbitrary arrest	False	Right to a legal trial	Refers to a magistrate lodging a person in 'bilboes and the stocks' (physical restraint/arrest).
tlg0062.tlg046.perseus-eng2::6	Right to citizenship	Right to social interaction	Freedom from state supervision	False	Right to bodily autonomy	Describes a wife being 'unapproachable' and secluded due to lack of issue/illness.
tlg0062.tlg057.perseus-eng3::0	Right to retain property	Right to retain property	Owning and retaining property	False	Right to retain property	Artist (Zeuxis) asserts control over his work, ordering it to be covered and 'taken home.'
tlg0062.tlg057.perseus-eng3::1	Political power	Political power	Eligibility for the kingship	False	Eligibility for public office	Soldiers crown the general 'king of glorious victory' by acclamation.
tlg0062.tlg059.perseus-eng3::0	Right to remuneration for office	Right to receive public salary	Pay for assembly or jury service	False	Right to remuneration for office	Distinguishes between private hirelings and those in 'public service' who are 'paid by the Emperor.'
tlg0062.tlg059.perseus-eng3::1	Right to retain own earnings	Right to collect fees	Retaining one's own earnings	False	Right to retain own earnings	Refers to 'commanding the highest fees for the public practice of rhetoric.'
tlg0062.tlg062.perseus-eng3::0	Access to religious rites	Right to initiation in mysteries	Participation in sacred rites	False	Access to religious rites	Mentions being 'initiated into the mysteries' after becoming a citizen.
tlg0062.tlg062.perseus-eng3::1	Right to own land	Right to own land	Owning land	False	Right to own land	Refers to a 'foreign physician' buried in a mound rather than possessing civic land.
tlg0535.tlg001.perseus-eng2::0	Eligibility for public office	Right to vote in the jury	Eligibility for jury service	False	Eligibility for public office	Mentions the right to 'acquit or punish' as a 'member of a jury' giving a 'fair vote.'
tlg0535.tlg001.perseus-eng2::1	Right to address the assembly	Right to speak freely from the platform	Speaking in the assembly	False	Right to address the assembly	Focuses on 'speaking freely from the platform' in public life.
tlg0535.tlg001.perseus-eng2::2	Right to a legal trial	Access to specific judicial venues	Access to specialized courts	False	Right to a legal trial	Lists specific venues: 'council of the Areopagus,' 'lesser courts,' and 'Heliaea.'
tlg0535.tlg001.perseus-eng2::3	Right to a legal trial	Protection via sworn jury judgment	Right to a trial	False	Right to a legal trial	Discusses the 'jury’s judgement' governed by an oath in the context of a trial.
tlg0540.tlg001.perseus-eng2::0	Protection from corporal punishment	Protection from corporal punishment	Protection from judicial torture	False	Protection from corporal punishment	Discusses the interrogation of a 'servant-girl' under 'torture' to 'learn all.'
tlg0540.tlg001.perseus-eng2::1	Political power	Right to exercise lethal vengeance	Immunity from prosecution	False	Protection from legal prosecution	The law states one 'shall not be convicted of murder' for killing an adulterer in the act.
tlg0540.tlg001.perseus-eng2::2	Right to bodily autonomy	Protection from sexual violation	Protection from private assault	False	Protection from corporal punishment	Addresses the law against 'forcibly debauching' (physical violation/assault) a free person.
tlg0540.tlg001.perseus-eng2::3	Right to retain property	Protection of domestic integrity	Protection from capital punishment	False	Protection from capital punishment	Discusses the specific penalty of being 'condemned to death' for persuasion/seduction.
tlg0540.tlg001.perseus-eng2::4	Right to bodily autonomy	Right to punish adulterers	Right to punish adultery	True	Right to bodily autonomy	Verbatim discusses 'catching an adulterer' and the right to 'deal with him in whatever way he pleases'.
tlg0540.tlg001.perseus-eng2::5	Protection from arbitrary banishment	Protection from expulsion	Protection from arbitrary banishment	False	Protection from arbitrary banishment	Verbatim explicitly mentions the attempt to 'expel me from the city'.
tlg0540.tlg001.perseus-eng2::6	Right to a legal trial	Right to bring private suits	Right to a trial	False	Right to a legal trial	Refers to the ability to bring a 'private suit'.
tlg0540.tlg004.perseus-eng2::0	Protection from corporal punishment	Protection from torture during legal proceedings	Protection from judicial torture	False	Protection from corporal punishment	Verbatim discusses 'having the woman tortured' to 'procure his proof' in a legal context.
tlg0540.tlg004.perseus-eng2::2	Right to reside in the city	Right to reside in native land	Right of residence	False	Right to reside in the city	Explicitly mentions the danger of 'losing my native land' and being 'banished from my own country'.
tlg0540.tlg004.perseus-eng2::3	Right to retain property	Right to retain property	Owning and retaining property	False	Right to retain property	Relates to goods on an estate and 'property exchange'.
tlg0540.tlg008.perseus-eng2::1	Right to a legal trial	Access to arbitration for civil disputes	Access to specialized courts	False	Right to a legal trial	Specifically mentions 'the presence of the arbitrators' as a venue for dispute resolution.
tlg0540.tlg008.perseus-eng2::2	Right to a legal trial	Right to have supporting speakers (synegoroi)	Right to a trial	False	Right to a legal trial	Concerns the right to have supporters 'speak on my behalf' during a trial.
tlg0540.tlg009.perseus-eng2::1	Exemption from manual labor	Exemption from consecutive mobilization	Exemption from military service	False	Exemption from military service	Refers to oaths to enroll only those who 'had not served in the field', implying a right to rotation.
tlg0540.tlg009.perseus-eng2::2	Right to retain property	Protection from public debt registration	Protection from property seizure	False	Right to retain property	Concerns being 'registered as public debtors', which leads to state seizure of property.
tlg0540.tlg010.perseus-eng2::0	Right to address the assembly	Right to speak before the people	Speaking in the assembly	False	Right to address the assembly	Verbatim discusses the right of 'speaking before the people'.
tlg0540.tlg010.perseus-eng2::1	Protection from public libel	Protection from slander	Protection from slander	False	Protection from public libel	Explicitly mentions 'penalty' for anyone who 'asserts that a man has thrown [his shield] away'.
tlg0540.tlg010.perseus-eng2::2	Right to a legal trial	Legal redress for physical injury	Right to a trial	False	Right to a legal trial	Specifies 'redress' and legal consequences for 'hurt to a varlet'.
tlg0540.tlg010.perseus-eng2::3	Political power	Right to set interest rates	Right to engage in business	False	Right to retain own earnings	Allows money to be 'placed out at whatever rate the lender may choose' regarding interest.
tlg0540.tlg010.perseus-eng2::4	Protection from corporal punishment	Protection from extended physical restraint	Protection from penal corporal punishment	False	Protection from corporal punishment	Refers to having a 'foot confined in the stocks' as a court-ordered 'addition to the sentence'.
tlg0540.tlg016.perseus-eng2::1	Eligibility for public office	Eligibility for the Council	Eligibility for the council	False	Eligibility for public office	Verbatim lists 'those who... are on the Council'.
tlg0540.tlg016.perseus-eng2::2	Right to a dowry	Right to a marriage dowry	Right to a dowry	False	Right to a dowry	Explicitly mentions the bestowing of sisters in marriage 'with a dowry'.
tlg0540.tlg016.perseus-eng2::4	Right to address the assembly	Right to address the assembly	Speaking in the assembly	False	Right to address the assembly	Concerns the right to 'speak before the people'.
tlg0540.tlg020.perseus-eng2::0	Right to citizenship	Protection from disfranchisement	Right to citizenship	False	Right to citizenship	Mentions 'disfranchisement', the loss of citizen status.
tlg0540.tlg020.perseus-eng2::1	Right to retain property	Right to retain own wealth	Retaining one's own earnings	False	Right to retain own earnings	Relates to whether a man can 'put his fortune away out of sight' vs. performing 'public services'.
tlg0540.tlg020.perseus-eng2::2	Eligibility for public office	Eligibility for the archonship	Eligibility for public office	False	Eligibility for public office	The verbatim refers broadly to holding 'many magistracies' rather than a specific office like the archonship.
tlg0540.tlg020.perseus-eng2::3	Protection from corporal punishment	Protection from summary punishment	Right to a trial	False	Right to a legal trial	The defendant is described as having 'submitted himself to justice' and expecting success 'in his trial.'
tlg0540.tlg020.perseus-eng2::4	Right to citizenship	Right to be recorded as a citizen	Enrollment in civic sub-units	False	Right to citizenship	The registrar is making a 'list' of names to be included in the governing body/citizen roll.
tlg0540.tlg022.perseus-eng2::0	Right to retain own earnings	Right to buy corn in bulk	Right to engage in business	False	Right to retain own earnings	Discusses the legal limit (fifty measures) for buying corn as a resident alien dealer.
tlg0540.tlg022.perseus-eng2::3	Protection from capital punishment	Protection from capital punishment	Protection from capital punishment	False	Protection from capital punishment	The verbatim specifies the city has been known to 'inflict the extreme penalty' (death) on these officials.
tlg0540.tlg022.perseus-eng2::4	Exemption from taxes	Exemption from special levies	Exemption from taxes	False	Exemption from taxes	Refers to a 'special levy' (eisphora) to which people are expected to contribute.
tlg0540.tlg027.perseus-eng2::0	Right to vote in the Ekklesia	Right to vote in the Ekklesia	Voting in the assembly	False	Right to vote in the Ekklesia	Refers to the assembly giving 'votes' based on 'speeches' made to them.
tlg0540.tlg027.perseus-eng2::1	Right to remuneration for office	Right to receive state stipends	Pay for assembly or jury service	False	Right to remuneration for office	Explicitly mentions 'three obols paid daily to each juryman' as a stipend.
tlg0540.tlg027.perseus-eng2::2	Protection from capital punishment	Protection from capital punishment	Protection from capital punishment	False	Protection from capital punishment	Refers to the jury's power to 'sentence them to death.'
tlg0540.tlg027.perseus-eng2::3	Exemption from compulsory public financing	Exemption from public financing of spectacles	Exemption from liturgies	False	Exemption from compulsory public financing	Mentions contributing to special levies and 'producing dramas' (a choregic liturgy).
tlg0540.tlg029.perseus-eng2::0	Eligibility for public office	Right to vote in court	Eligibility for jury service	False	Eligibility for public office	The address 'gentlemen' (jurors) and the reference to their 'vote for the death-sentence' indicates jury power.
tlg0540.tlg029.perseus-eng2::1	Exemption from compulsory public financing	Exemption from compulsory public financing	Exemption from liturgies	False	Exemption from compulsory public financing	Explicitly mentions the public service of 'equip[ping] warships' (trierarchy).
tlg0540.tlg029.perseus-eng2::2	Right to retain property	Right to retain property	Protection from property seizure	False	Right to retain property	Mentions the state might 'confiscate their estates' for default on levies.
tlg0540.tlg030.perseus-eng2::0	Exemption from legal audit	Exemption from financial audit	Exemption from legal audit	False	Exemption from legal audit	The text discusses 'submitting to an audit' (euthynai) which the magistrate has avoided.
tlg0540.tlg030.perseus-eng2::4	Protection from enslavement	Protection from being sold	Personal liberty	False	Protection from enslavement	The verbatim states he 'should be sold' due to servile birth, implying a loss of personal liberty.
tlg0540.tlg030.perseus-eng2::6	Right to a legal trial	Right to intercede in legal proceedings	Right to a trial	False	Right to a legal trial	Refers to the right of friends to 'intercede' or 'plead for him' during legal proceedings.
tlg1216.tlg001.perseus-eng1::9	Right to inherit divine covenant	Remission of sins through baptism	Participation in sacred rites	False	Access to religious rites	Refers specifically to 'the baptism that brings the remission of sins.'
tlg1216.tlg001.perseus-eng1::16	Right to a legal trial	Right to judicial impartiality	Right to a trial	False	Right to a legal trial	Focuses on 'righteous judgment' and attending to 'the cause' (legal case).
tlg1216.tlg001.perseus-eng1::17	Right to a legal trial	Right to legal advocacy	Right to a trial	False	Right to a legal trial	Relates to attending to the 'cause' (legal defense/standing) of vulnerable groups.
tlg1271.tlg001.perseus-eng1::1	Access to education	Right to moral instruction	Access to formal education	False	Access to the gymnasium	Describes 'instruction' given to groups to follow specific moral/social precepts.
tlg1271.tlg001.perseus-eng1::2	Right to own property	Right to manage the household	Owning and retaining property	False	Right to own property	The verbatim refers to the duty and capacity 'to manage their households'.
tlg1271.tlg001.perseus-eng1::3	Right to freedom of movement	Freedom of movement	Freedom of movement	False	Right to freedom of movement	The verbatim restricts women 'to remain' in a state of obedience; mobility is the resource at stake.
tlg1271.tlg001.perseus-eng1::8	Access to religious rites	Access to religious education	Access to formal education	False	Access to the gymnasium	The text explicitly says 'let our children share in the instruction'.
tlg1271.tlg001.perseus-eng1::9	Right to bodily autonomy	Autonomy in moral conduct	Freedom from state supervision	False	Right to bodily autonomy	The verbatim dictates 'habit of purity' and 'silence,' representing a lack of autonomy in moral conduct.
tlg1271.tlg001.perseus-eng1::12	Right to retain own earnings	Right to receive earnings	Retaining one's own earnings	False	Right to retain own earnings	The text states the workman 'receives the bread of his labour' and is paid 'according to his work'.
tlg1271.tlg001.perseus-eng1::13	Eligibility for public office	Eligibility for the priesthood	Priesthood	False	Eligibility for public office	The verbatim mentions the specific office: 'from him come the priests and all the Levites'.
tlg1271.tlg001.perseus-eng1::15	Eligibility for public office	Right to perform specific ministrations	Participation in sacred rites	False	Access to religious rites	Refers to 'proper ministrations' and 'proper services' allotted to specific religious roles.
tlg1271.tlg001.perseus-eng1::17	Access to religious rites	Right to offer sacrifices anywhere	Participation in sacred rites	False	Access to religious rites	Discusses where 'sacrifices are offered' and 'offerings' are made at the altar.
tlg1271.tlg001.perseus-eng1::20	Political power	Political power over the community	Deliberative authority	False	Political power	Describes the 'presbyters set over' the flock, implying governing or deliberative power.
tlg1271.tlg001.perseus-eng1::21	Protection from enslavement	Freedom from bondage	Personal liberty	False	Protection from enslavement	The text describes individuals who 'given themselves to bondage' or 'slavery', forfeiting personal liberty.
tlg1622.tlg001.perseus-eng1::4	Right to citizenship	Right to be part of the community	Right to citizenship	False	Right to citizenship	Defines the boundaries of the community based on confession; those who 'pervert the oracles' are excluded.
